# Offline symbol keyboard; Unicode 15.0.0; generated by scripts/build_symbol_catalog.py
# category<TAB>text<TAB>name<TAB>aliases
常用	，	逗号	douhao 逗号 douhao
常用	。	句号	juhao 句号 juhao
常用	、	顿号	dunhao 顿号 dunhao
常用	；	分号	fenhao 分号 fenhao
常用	：	冒号	maohao 冒号 maohao
常用	？	问号	wenhao 问号 wenhao
常用	！	叹号	tanhao 叹号 tanhao
常用	…	省略号	shengluehao 省略号 shengluehao
常用	—	破折号	pozhehao 破折号 pozhehao
常用	·	间隔号	jiangehao 间隔号 jiangehao
常用	“	左双引号	yinhao 左双引号 yinhao
常用	”	右双引号	yinhao 右双引号 yinhao
常用	‘	左单引号	danyinhao 左单引号 danyinhao
常用	’	右单引号	danyinhao 右单引号 danyinhao
常用	（	左括号	kuohao 左括号 kuohao
常用	）	右括号	kuohao 右括号 kuohao
常用	【	左方括号	fangkuohao 左方括号 fangkuohao
常用	】	右方括号	fangkuohao 右方括号 fangkuohao
常用	《	左书名号	shuminghao 左书名号 shuminghao
常用	》	右书名号	shuminghao 右书名号 shuminghao
常用	±	正负号	zhengfuhao plus minus 正负号 zhengfuhao plus minus
常用	∓	负正号	fuzhenghao 负正号 fuzhenghao
常用	×	乘号	chenghao multiply 乘号 chenghao multiply
常用	÷	除号	chuhao divide 除号 chuhao divide
常用	≈	约等于	yuedengyu approx 约等于 yuedengyu approx
常用	≠	不等于	budengyu 不等于 budengyu
常用	≤	小于等于	xiaoyudengyu 小于等于 xiaoyudengyu
常用	≥	大于等于	dayudengyu 大于等于 dayudengyu
常用	∞	无穷大	wuqiongda infinity 无穷大 wuqiongda infinity
常用	√	平方根 根号	genhao sqrt 平方根 根号 genhao sqrt
常用	∛	立方根	lifanggen 立方根 lifanggen
常用	∜	四次方根	sicifanggen 四次方根 sicifanggen
常用	∑	求和	qiuhe sum sigma 求和 qiuhe sum sigma
常用	∏	连乘积	lianchengji product 连乘积 lianchengji product
常用	∫	积分	jifen integral 积分 jifen integral
常用	∬	二重积分	erchongjifen 二重积分 erchongjifen
常用	∭	三重积分	sanchongjifen 三重积分 sanchongjifen
常用	∮	曲线积分 围道积分	quxianjifen 曲线积分 围道积分 quxianjifen
常用	∂	偏导数	piandaoshu partial 偏导数 piandaoshu partial
常用	∇	梯度 纳布拉	tidu nabla 梯度 纳布拉 tidu nabla
常用	∈	属于	shuyu element 属于 shuyu element
常用	∉	不属于	bushuyu 不属于 bushuyu
常用	⊆	子集	ziji subset 子集 ziji subset
常用	⊇	超集	chaoji superset 超集 chaoji superset
常用	∪	并集	bingji union 并集 bingji union
常用	∩	交集	jiaoji intersection 交集 jiaoji intersection
常用	∅	空集	kongji empty set 空集 kongji empty set
常用	∀	任意 全称量词	renyi forall 任意 全称量词 renyi forall
常用	∃	存在量词	cunzai exists 存在量词 cunzai exists
常用	∴	所以	suoyi therefore 所以 suoyi therefore
常用	∵	因为	yinwei because 因为 yinwei because
常用	∝	正比于	zhengbiyu 正比于 zhengbiyu
常用	∠	角	jiao angle 角 jiao angle
常用	⊥	垂直	chuizhi 垂直 chuizhi
常用	∥	平行	pingxing 平行 pingxing
常用	≡	恒等于	hengdengyu 恒等于 hengdengyu
常用	≅	全等	quandeng 全等 quandeng
常用	→	右箭头	youjiantou arrow 右箭头 youjiantou arrow
常用	←	左箭头	zuojiantou arrow 左箭头 zuojiantou arrow
常用	↑	上箭头	shangjiantou 上箭头 shangjiantou
常用	↓	下箭头	xiajiantou 下箭头 xiajiantou
常用	↔	双向箭头	shuangxiangjiantou 双向箭头 shuangxiangjiantou
常用	⇒	推出 蕴含	tuichu implies 推出 蕴含 tuichu implies
常用	⇔	等价 当且仅当	dengjia iff 等价 当且仅当 dengjia iff
常用	⇌	可逆反应 化学平衡	kenifanying 可逆反应 化学平衡 kenifanying
常用	°	度	du degree 度 du degree
常用	℃	摄氏度	sheshidu celsius 摄氏度 sheshidu celsius
常用	℉	华氏度	huashidu fahrenheit 华氏度 huashidu fahrenheit
常用	Ω	欧姆 大写欧米伽	oumu omega omeiga 欧姆 大写欧米伽 oumu omega omeiga
常用	μ	微 小写缪	wei mu miu 微 小写缪 wei mu miu
常用	α	阿尔法	alpha aerfa 阿尔法 alpha aerfa
常用	β	贝塔	beta beita 贝塔 beta beita
常用	γ	伽马	gamma gama 伽马 gamma gama
常用	δ	德尔塔	delta deer ta 德尔塔 delta deer ta
常用	ε	艾普西隆	epsilon 艾普西隆 epsilon
常用	θ	西塔	theta xita 西塔 theta xita
常用	λ	拉姆达	lambda lamuda 拉姆达 lambda lamuda
常用	π	圆周率 派	pi yuanzhoulv 圆周率 派 pi yuanzhoulv
常用	σ	西格玛	sigma xigema 西格玛 sigma xigema
常用	φ	斐	phi fei 斐 phi fei
常用	ω	欧米伽	omega omeiga 欧米伽 omega omeiga
常用	Δ	大写德尔塔 增量	delta zengliang 大写德尔塔 增量 delta zengliang
常用	²	平方 上标二	pingfang shangbiao 平方 上标二 pingfang shangbiao
常用	³	立方 上标三	lifang shangbiao 立方 上标三 lifang shangbiao
常用	₂	下标二	xiabiao 下标二 xiabiao
常用	₃	下标三	xiabiao 下标三 xiabiao
常用	㎡	平方米	pingfangmi 平方米 pingfangmi
常用	‰	千分号	qianfenhao 千分号 qianfenhao
常用	‱	万分号	wanfenhao 万分号 wanfenhao
常用	¥	人民币 日元	renminbi yen 人民币 日元 renminbi yen
常用	€	欧元	ouyuan euro 欧元 ouyuan euro
常用	£	英镑	yingbang pound 英镑 yingbang pound
常用	©	版权	banquan copyright 版权 banquan copyright
常用	®	注册商标	zhuceshangbiao 注册商标 zhuceshangbiao
常用	™	商标	shangbiao trademark 商标 shangbiao trademark
常用	✓	对勾	duigou check 对勾 duigou check
常用	✗	叉号	chahao cross 叉号 chahao cross
常用	★	实心星	shixinxing star 实心星 shixinxing star
常用	☆	空心星	kongxinxing star 空心星 kongxinxing star
常用	①	带圈数字一	quanyi 带圈数字一 quanyi
标点括号	，	逗号	douhao FULLWIDTH COMMA
标点括号	。	句号	juhao IDEOGRAPHIC FULL STOP
标点括号	、	顿号	dunhao IDEOGRAPHIC COMMA
标点括号	；	分号	fenhao FULLWIDTH SEMICOLON
标点括号	：	冒号	maohao FULLWIDTH COLON
标点括号	？	问号	wenhao FULLWIDTH QUESTION MARK
标点括号	！	叹号	tanhao FULLWIDTH EXCLAMATION MARK
标点括号	…	省略号	shengluehao HORIZONTAL ELLIPSIS
标点括号	—	破折号	pozhehao EM DASH
标点括号	·	间隔号	jiangehao MIDDLE DOT
标点括号	“	左双引号	yinhao LEFT DOUBLE QUOTATION MARK
标点括号	”	右双引号	yinhao RIGHT DOUBLE QUOTATION MARK
标点括号	‘	左单引号	danyinhao LEFT SINGLE QUOTATION MARK
标点括号	’	右单引号	danyinhao RIGHT SINGLE QUOTATION MARK
标点括号	（	左括号	kuohao FULLWIDTH LEFT PARENTHESIS
标点括号	）	右括号	kuohao FULLWIDTH RIGHT PARENTHESIS
标点括号	【	左方括号	fangkuohao LEFT BLACK LENTICULAR BRACKET
标点括号	】	右方括号	fangkuohao RIGHT BLACK LENTICULAR BRACKET
标点括号	《	左书名号	shuminghao LEFT DOUBLE ANGLE BRACKET
标点括号	》	右书名号	shuminghao RIGHT DOUBLE ANGLE BRACKET
标点括号	〈	LEFT ANGLE BRACKET	
标点括号	〉	RIGHT ANGLE BRACKET	
标点括号	「	LEFT CORNER BRACKET	
标点括号	」	RIGHT CORNER BRACKET	
标点括号	『	LEFT WHITE CORNER BRACKET	
标点括号	』	RIGHT WHITE CORNER BRACKET	
标点括号	〔	LEFT TORTOISE SHELL BRACKET	
标点括号	〕	RIGHT TORTOISE SHELL BRACKET	
标点括号	〖	LEFT WHITE LENTICULAR BRACKET	
标点括号	〗	RIGHT WHITE LENTICULAR BRACKET	
标点括号	［	FULLWIDTH LEFT SQUARE BRACKET	
标点括号	］	FULLWIDTH RIGHT SQUARE BRACKET	
标点括号	｛	FULLWIDTH LEFT CURLY BRACKET	
标点括号	｝	FULLWIDTH RIGHT CURLY BRACKET	
标点括号	﹙	SMALL LEFT PARENTHESIS	
标点括号	﹚	SMALL RIGHT PARENTHESIS	
标点括号	﹛	SMALL LEFT CURLY BRACKET	
标点括号	﹜	SMALL RIGHT CURLY BRACKET	
标点括号	﹝	SMALL LEFT TORTOISE SHELL BRACKET	
标点括号	﹞	SMALL RIGHT TORTOISE SHELL BRACKET	
标点括号	!	EXCLAMATION MARK	
标点括号	"	QUOTATION MARK	
标点括号	#	NUMBER SIGN	
标点括号	$	DOLLAR SIGN	
标点括号	%	PERCENT SIGN	
标点括号	&	AMPERSAND	
标点括号	'	APOSTROPHE	
标点括号	(	LEFT PARENTHESIS	
标点括号	)	RIGHT PARENTHESIS	
标点括号	*	ASTERISK	
标点括号	+	PLUS SIGN	
标点括号	,	COMMA	
标点括号	-	HYPHEN-MINUS	
标点括号	.	FULL STOP	
标点括号	/	SOLIDUS	
标点括号	:	COLON	
标点括号	;	SEMICOLON	
标点括号	<	LESS-THAN SIGN	
标点括号	=	EQUALS SIGN	
标点括号	>	GREATER-THAN SIGN	
标点括号	?	QUESTION MARK	
标点括号	@	COMMERCIAL AT	
标点括号	[	LEFT SQUARE BRACKET	
标点括号	\	REVERSE SOLIDUS	
标点括号	]	RIGHT SQUARE BRACKET	
标点括号	^	CIRCUMFLEX ACCENT	
标点括号	_	LOW LINE	
标点括号	`	GRAVE ACCENT	
标点括号	{	LEFT CURLY BRACKET	
标点括号	|	VERTICAL LINE	
标点括号	}	RIGHT CURLY BRACKET	
标点括号	~	TILDE	
标点括号	‐	HYPHEN	
标点括号	‑	NON-BREAKING HYPHEN	
标点括号	‒	FIGURE DASH	
标点括号	–	EN DASH	
标点括号	―	HORIZONTAL BAR	
标点括号	‖	DOUBLE VERTICAL LINE	
标点括号	‗	DOUBLE LOW LINE	
标点括号	‚	SINGLE LOW-9 QUOTATION MARK	
标点括号	‛	SINGLE HIGH-REVERSED-9 QUOTATION MARK	
标点括号	„	DOUBLE LOW-9 QUOTATION MARK	
标点括号	‟	DOUBLE HIGH-REVERSED-9 QUOTATION MARK	
标点括号	†	DAGGER	
标点括号	‡	DOUBLE DAGGER	
标点括号	•	BULLET	
标点括号	‣	TRIANGULAR BULLET	
标点括号	․	ONE DOT LEADER	
标点括号	‥	TWO DOT LEADER	
标点括号	‧	HYPHENATION POINT	
标点括号	‰	千分号	qianfenhao PER MILLE SIGN
标点括号	‱	万分号	wanfenhao PER TEN THOUSAND SIGN
标点括号	′	PRIME	
标点括号	″	DOUBLE PRIME	
标点括号	‴	TRIPLE PRIME	
标点括号	‵	REVERSED PRIME	
标点括号	‶	REVERSED DOUBLE PRIME	
标点括号	‷	REVERSED TRIPLE PRIME	
标点括号	‸	CARET	
标点括号	‹	SINGLE LEFT-POINTING ANGLE QUOTATION MARK	
标点括号	›	SINGLE RIGHT-POINTING ANGLE QUOTATION MARK	
标点括号	※	REFERENCE MARK	
标点括号	‼	DOUBLE EXCLAMATION MARK	
标点括号	‽	INTERROBANG	
标点括号	‾	OVERLINE	
标点括号	‿	UNDERTIE	
标点括号	⁀	CHARACTER TIE	
标点括号	⁁	CARET INSERTION POINT	
标点括号	⁂	ASTERISM	
标点括号	⁃	HYPHEN BULLET	
标点括号	⁄	FRACTION SLASH	
标点括号	⁅	LEFT SQUARE BRACKET WITH QUILL	
标点括号	⁆	RIGHT SQUARE BRACKET WITH QUILL	
标点括号	⁇	DOUBLE QUESTION MARK	
标点括号	⁈	QUESTION EXCLAMATION MARK	
标点括号	⁉	EXCLAMATION QUESTION MARK	
标点括号	⁊	TIRONIAN SIGN ET	
标点括号	⁋	REVERSED PILCROW SIGN	
标点括号	⁌	BLACK LEFTWARDS BULLET	
标点括号	⁍	BLACK RIGHTWARDS BULLET	
标点括号	⁎	LOW ASTERISK	
标点括号	⁏	REVERSED SEMICOLON	
标点括号	⁐	CLOSE UP	
标点括号	⁑	TWO ASTERISKS ALIGNED VERTICALLY	
标点括号	⁒	COMMERCIAL MINUS SIGN	
标点括号	⁓	SWUNG DASH	
标点括号	⁔	INVERTED UNDERTIE	
标点括号	⁕	FLOWER PUNCTUATION MARK	
标点括号	⁖	THREE DOT PUNCTUATION	
标点括号	⁗	QUADRUPLE PRIME	
标点括号	⁘	FOUR DOT PUNCTUATION	
标点括号	⁙	FIVE DOT PUNCTUATION	
标点括号	⁚	TWO DOT PUNCTUATION	
标点括号	⁛	FOUR DOT MARK	
标点括号	⁜	DOTTED CROSS	
标点括号	⁝	TRICOLON	
标点括号	⁞	VERTICAL FOUR DOTS	
标点括号	〃	DITTO MARK	
标点括号	〄	JAPANESE INDUSTRIAL STANDARD SYMBOL	
标点括号	〒	POSTAL MARK	
标点括号	〓	GETA MARK	
标点括号	〘	LEFT WHITE TORTOISE SHELL BRACKET	
标点括号	〙	RIGHT WHITE TORTOISE SHELL BRACKET	
标点括号	〚	LEFT WHITE SQUARE BRACKET	
标点括号	〛	RIGHT WHITE SQUARE BRACKET	
标点括号	〜	WAVE DASH	
标点括号	〝	REVERSED DOUBLE PRIME QUOTATION MARK	
标点括号	〞	DOUBLE PRIME QUOTATION MARK	
标点括号	〟	LOW DOUBLE PRIME QUOTATION MARK	
标点括号	〠	POSTAL MARK FACE	
标点括号	〰	WAVY DASH	
标点括号	〶	CIRCLED POSTAL MARK	
标点括号	〷	IDEOGRAPHIC TELEGRAPH LINE FEED SEPARATOR SYMBOL	
标点括号	〽	PART ALTERNATION MARK	
标点括号	〾	IDEOGRAPHIC VARIATION INDICATOR	
标点括号	〿	IDEOGRAPHIC HALF FILL SPACE	
标点括号	︐	PRESENTATION FORM FOR VERTICAL COMMA	
标点括号	︑	PRESENTATION FORM FOR VERTICAL IDEOGRAPHIC COMMA	
标点括号	︒	PRESENTATION FORM FOR VERTICAL IDEOGRAPHIC FULL STOP	
标点括号	︓	PRESENTATION FORM FOR VERTICAL COLON	
标点括号	︔	PRESENTATION FORM FOR VERTICAL SEMICOLON	
标点括号	︕	PRESENTATION FORM FOR VERTICAL EXCLAMATION MARK	
标点括号	︖	PRESENTATION FORM FOR VERTICAL QUESTION MARK	
标点括号	︗	PRESENTATION FORM FOR VERTICAL LEFT WHITE LENTICULAR BRACKET	
标点括号	︘	PRESENTATION FORM FOR VERTICAL RIGHT WHITE LENTICULAR BRAKCET	
标点括号	︙	PRESENTATION FORM FOR VERTICAL HORIZONTAL ELLIPSIS	
标点括号	︰	PRESENTATION FORM FOR VERTICAL TWO DOT LEADER	
标点括号	︱	PRESENTATION FORM FOR VERTICAL EM DASH	
标点括号	︲	PRESENTATION FORM FOR VERTICAL EN DASH	
标点括号	︳	PRESENTATION FORM FOR VERTICAL LOW LINE	
标点括号	︴	PRESENTATION FORM FOR VERTICAL WAVY LOW LINE	
标点括号	︵	PRESENTATION FORM FOR VERTICAL LEFT PARENTHESIS	
标点括号	︶	PRESENTATION FORM FOR VERTICAL RIGHT PARENTHESIS	
标点括号	︷	PRESENTATION FORM FOR VERTICAL LEFT CURLY BRACKET	
标点括号	︸	PRESENTATION FORM FOR VERTICAL RIGHT CURLY BRACKET	
标点括号	︹	PRESENTATION FORM FOR VERTICAL LEFT TORTOISE SHELL BRACKET	
标点括号	︺	PRESENTATION FORM FOR VERTICAL RIGHT TORTOISE SHELL BRACKET	
标点括号	︻	PRESENTATION FORM FOR VERTICAL LEFT BLACK LENTICULAR BRACKET	
标点括号	︼	PRESENTATION FORM FOR VERTICAL RIGHT BLACK LENTICULAR BRACKET	
标点括号	︽	PRESENTATION FORM FOR VERTICAL LEFT DOUBLE ANGLE BRACKET	
标点括号	︾	PRESENTATION FORM FOR VERTICAL RIGHT DOUBLE ANGLE BRACKET	
标点括号	︿	PRESENTATION FORM FOR VERTICAL LEFT ANGLE BRACKET	
标点括号	﹀	PRESENTATION FORM FOR VERTICAL RIGHT ANGLE BRACKET	
标点括号	﹁	PRESENTATION FORM FOR VERTICAL LEFT CORNER BRACKET	
标点括号	﹂	PRESENTATION FORM FOR VERTICAL RIGHT CORNER BRACKET	
标点括号	﹃	PRESENTATION FORM FOR VERTICAL LEFT WHITE CORNER BRACKET	
标点括号	﹄	PRESENTATION FORM FOR VERTICAL RIGHT WHITE CORNER BRACKET	
标点括号	﹅	SESAME DOT	
标点括号	﹆	WHITE SESAME DOT	
标点括号	﹇	PRESENTATION FORM FOR VERTICAL LEFT SQUARE BRACKET	
标点括号	﹈	PRESENTATION FORM FOR VERTICAL RIGHT SQUARE BRACKET	
标点括号	﹉	DASHED OVERLINE	
标点括号	﹊	CENTRELINE OVERLINE	
标点括号	﹋	WAVY OVERLINE	
标点括号	﹌	DOUBLE WAVY OVERLINE	
标点括号	﹍	DASHED LOW LINE	
标点括号	﹎	CENTRELINE LOW LINE	
标点括号	﹏	WAVY LOW LINE	
标点括号	﹐	SMALL COMMA	
标点括号	﹑	SMALL IDEOGRAPHIC COMMA	
标点括号	﹒	SMALL FULL STOP	
标点括号	﹔	SMALL SEMICOLON	
标点括号	﹕	SMALL COLON	
标点括号	﹖	SMALL QUESTION MARK	
标点括号	﹗	SMALL EXCLAMATION MARK	
标点括号	﹘	SMALL EM DASH	
标点括号	﹟	SMALL NUMBER SIGN	
标点括号	﹠	SMALL AMPERSAND	
标点括号	﹡	SMALL ASTERISK	
标点括号	﹢	SMALL PLUS SIGN	
标点括号	﹣	SMALL HYPHEN-MINUS	
标点括号	﹤	SMALL LESS-THAN SIGN	
标点括号	﹥	SMALL GREATER-THAN SIGN	
标点括号	﹦	SMALL EQUALS SIGN	
标点括号	﹨	SMALL REVERSE SOLIDUS	
标点括号	﹩	SMALL DOLLAR SIGN	
标点括号	﹪	SMALL PERCENT SIGN	
标点括号	﹫	SMALL COMMERCIAL AT	
数学运算	+	PLUS SIGN	
数学运算	−	MINUS SIGN	
数学运算	±	正负号	zhengfuhao plus minus PLUS-MINUS SIGN
数学运算	∓	负正号	fuzhenghao MINUS-OR-PLUS SIGN
数学运算	×	乘号	chenghao multiply MULTIPLICATION SIGN
数学运算	÷	除号	chuhao divide DIVISION SIGN
数学运算	=	EQUALS SIGN	
数学运算	≠	不等于	budengyu NOT EQUAL TO
数学运算	≈	约等于	yuedengyu approx ALMOST EQUAL TO
数学运算	≡	恒等于	hengdengyu IDENTICAL TO
数学运算	≤	小于等于	xiaoyudengyu LESS-THAN OR EQUAL TO
数学运算	≥	大于等于	dayudengyu GREATER-THAN OR EQUAL TO
数学运算	∞	无穷大	wuqiongda infinity INFINITY
数学运算	√	平方根 根号	genhao sqrt SQUARE ROOT
数学运算	∛	立方根	lifanggen CUBE ROOT
数学运算	∜	四次方根	sicifanggen FOURTH ROOT
数学运算	∑	求和	qiuhe sum sigma N-ARY SUMMATION
数学运算	∏	连乘积	lianchengji product N-ARY PRODUCT
数学运算	∐	N-ARY COPRODUCT	
数学运算	∫	积分	jifen integral INTEGRAL
数学运算	∬	二重积分	erchongjifen DOUBLE INTEGRAL
数学运算	∭	三重积分	sanchongjifen TRIPLE INTEGRAL
数学运算	∮	曲线积分 围道积分	quxianjifen CONTOUR INTEGRAL
数学运算	∯	SURFACE INTEGRAL	
数学运算	∰	VOLUME INTEGRAL	
数学运算	∂	偏导数	piandaoshu partial PARTIAL DIFFERENTIAL
数学运算	∇	梯度 纳布拉	tidu nabla NABLA
数学运算	∈	属于	shuyu element ELEMENT OF
数学运算	∉	不属于	bushuyu NOT AN ELEMENT OF
数学运算	∋	CONTAINS AS MEMBER	
数学运算	∌	DOES NOT CONTAIN AS MEMBER	
数学运算	∅	空集	kongji empty set EMPTY SET
数学运算	∪	并集	bingji union UNION
数学运算	∩	交集	jiaoji intersection INTERSECTION
数学运算	⊂	SUBSET OF	
数学运算	⊃	SUPERSET OF	
数学运算	⊆	子集	ziji subset SUBSET OF OR EQUAL TO
数学运算	⊇	超集	chaoji superset SUPERSET OF OR EQUAL TO
数学运算	∀	任意 全称量词	renyi forall FOR ALL
数学运算	∃	存在量词	cunzai exists THERE EXISTS
数学运算	∄	THERE DOES NOT EXIST	
数学运算	∴	所以	suoyi therefore THEREFORE
数学运算	∵	因为	yinwei because BECAUSE
数学运算	∝	正比于	zhengbiyu PROPORTIONAL TO
数学运算	∠	角	jiao angle ANGLE
数学运算	⊥	垂直	chuizhi UP TACK
数学运算	∥	平行	pingxing PARALLEL TO
数学运算	∁	COMPLEMENT	
数学运算	∆	INCREMENT	
数学运算	∊	SMALL ELEMENT OF	
数学运算	∍	SMALL CONTAINS AS MEMBER	
数学运算	∎	END OF PROOF	
数学运算	∔	DOT PLUS	
数学运算	∕	DIVISION SLASH	
数学运算	∖	SET MINUS	
数学运算	∗	ASTERISK OPERATOR	
数学运算	∘	RING OPERATOR	
数学运算	∙	BULLET OPERATOR	
数学运算	∟	RIGHT ANGLE	
数学运算	∡	MEASURED ANGLE	
数学运算	∢	SPHERICAL ANGLE	
数学运算	∣	DIVIDES	
数学运算	∤	DOES NOT DIVIDE	
数学运算	∦	NOT PARALLEL TO	
数学运算	∧	LOGICAL AND	
数学运算	∨	LOGICAL OR	
数学运算	∱	CLOCKWISE INTEGRAL	
数学运算	∲	CLOCKWISE CONTOUR INTEGRAL	
数学运算	∳	ANTICLOCKWISE CONTOUR INTEGRAL	
数学运算	∶	RATIO	
数学运算	∷	PROPORTION	
数学运算	∸	DOT MINUS	
数学运算	∹	EXCESS	
数学运算	∺	GEOMETRIC PROPORTION	
数学运算	∻	HOMOTHETIC	
数学运算	∼	TILDE OPERATOR	
数学运算	∽	REVERSED TILDE	
数学运算	∾	INVERTED LAZY S	
数学运算	∿	SINE WAVE	
数学运算	≀	WREATH PRODUCT	
数学运算	≁	NOT TILDE	
数学运算	≂	MINUS TILDE	
数学运算	≃	ASYMPTOTICALLY EQUAL TO	
数学运算	≄	NOT ASYMPTOTICALLY EQUAL TO	
数学运算	≅	全等	quandeng APPROXIMATELY EQUAL TO
数学运算	≆	APPROXIMATELY BUT NOT ACTUALLY EQUAL TO	
数学运算	≇	NEITHER APPROXIMATELY NOR ACTUALLY EQUAL TO	
数学运算	≉	NOT ALMOST EQUAL TO	
数学运算	≊	ALMOST EQUAL OR EQUAL TO	
数学运算	≋	TRIPLE TILDE	
数学运算	≌	ALL EQUAL TO	
数学运算	≍	EQUIVALENT TO	
数学运算	≎	GEOMETRICALLY EQUIVALENT TO	
数学运算	≏	DIFFERENCE BETWEEN	
数学运算	≐	APPROACHES THE LIMIT	
数学运算	≑	GEOMETRICALLY EQUAL TO	
数学运算	≒	APPROXIMATELY EQUAL TO OR THE IMAGE OF	
数学运算	≓	IMAGE OF OR APPROXIMATELY EQUAL TO	
数学运算	≔	COLON EQUALS	
数学运算	≕	EQUALS COLON	
数学运算	≖	RING IN EQUAL TO	
数学运算	≗	RING EQUAL TO	
数学运算	≘	CORRESPONDS TO	
数学运算	≙	ESTIMATES	
数学运算	≚	EQUIANGULAR TO	
数学运算	≛	STAR EQUALS	
数学运算	≜	DELTA EQUAL TO	
数学运算	≝	EQUAL TO BY DEFINITION	
数学运算	≞	MEASURED BY	
数学运算	≟	QUESTIONED EQUAL TO	
数学运算	≢	NOT IDENTICAL TO	
数学运算	≣	STRICTLY EQUIVALENT TO	
数学运算	≦	LESS-THAN OVER EQUAL TO	
数学运算	≧	GREATER-THAN OVER EQUAL TO	
数学运算	≨	LESS-THAN BUT NOT EQUAL TO	
数学运算	≩	GREATER-THAN BUT NOT EQUAL TO	
数学运算	≪	MUCH LESS-THAN	
数学运算	≫	MUCH GREATER-THAN	
数学运算	≬	BETWEEN	
数学运算	≭	NOT EQUIVALENT TO	
数学运算	≮	NOT LESS-THAN	
数学运算	≯	NOT GREATER-THAN	
数学运算	≰	NEITHER LESS-THAN NOR EQUAL TO	
数学运算	≱	NEITHER GREATER-THAN NOR EQUAL TO	
数学运算	≲	LESS-THAN OR EQUIVALENT TO	
数学运算	≳	GREATER-THAN OR EQUIVALENT TO	
数学运算	≴	NEITHER LESS-THAN NOR EQUIVALENT TO	
数学运算	≵	NEITHER GREATER-THAN NOR EQUIVALENT TO	
数学运算	≶	LESS-THAN OR GREATER-THAN	
数学运算	≷	GREATER-THAN OR LESS-THAN	
数学运算	≸	NEITHER LESS-THAN NOR GREATER-THAN	
数学运算	≹	NEITHER GREATER-THAN NOR LESS-THAN	
数学运算	≺	PRECEDES	
数学运算	≻	SUCCEEDS	
数学运算	≼	PRECEDES OR EQUAL TO	
数学运算	≽	SUCCEEDS OR EQUAL TO	
数学运算	≾	PRECEDES OR EQUIVALENT TO	
数学运算	≿	SUCCEEDS OR EQUIVALENT TO	
数学运算	⊀	DOES NOT PRECEDE	
数学运算	⊁	DOES NOT SUCCEED	
数学运算	⊄	NOT A SUBSET OF	
数学运算	⊅	NOT A SUPERSET OF	
数学运算	⊈	NEITHER A SUBSET OF NOR EQUAL TO	
数学运算	⊉	NEITHER A SUPERSET OF NOR EQUAL TO	
数学运算	⊊	SUBSET OF WITH NOT EQUAL TO	
数学运算	⊋	SUPERSET OF WITH NOT EQUAL TO	
数学运算	⊌	MULTISET	
数学运算	⊍	MULTISET MULTIPLICATION	
数学运算	⊎	MULTISET UNION	
数学运算	⊏	SQUARE IMAGE OF	
数学运算	⊐	SQUARE ORIGINAL OF	
数学运算	⊑	SQUARE IMAGE OF OR EQUAL TO	
数学运算	⊒	SQUARE ORIGINAL OF OR EQUAL TO	
数学运算	⊓	SQUARE CAP	
数学运算	⊔	SQUARE CUP	
数学运算	⊕	CIRCLED PLUS	
数学运算	⊖	CIRCLED MINUS	
数学运算	⊗	CIRCLED TIMES	
数学运算	⊘	CIRCLED DIVISION SLASH	
数学运算	⊙	CIRCLED DOT OPERATOR	
数学运算	⊚	CIRCLED RING OPERATOR	
数学运算	⊛	CIRCLED ASTERISK OPERATOR	
数学运算	⊜	CIRCLED EQUALS	
数学运算	⊝	CIRCLED DASH	
数学运算	⊞	SQUARED PLUS	
数学运算	⊟	SQUARED MINUS	
数学运算	⊠	SQUARED TIMES	
数学运算	⊡	SQUARED DOT OPERATOR	
数学运算	⊢	RIGHT TACK	
数学运算	⊣	LEFT TACK	
数学运算	⊤	DOWN TACK	
数学运算	⊦	ASSERTION	
数学运算	⊧	MODELS	
数学运算	⊨	TRUE	
数学运算	⊩	FORCES	
数学运算	⊪	TRIPLE VERTICAL BAR RIGHT TURNSTILE	
数学运算	⊫	DOUBLE VERTICAL BAR DOUBLE RIGHT TURNSTILE	
数学运算	⊬	DOES NOT PROVE	
数学运算	⊭	NOT TRUE	
数学运算	⊮	DOES NOT FORCE	
数学运算	⊯	NEGATED DOUBLE VERTICAL BAR DOUBLE RIGHT TURNSTILE	
数学运算	⊰	PRECEDES UNDER RELATION	
数学运算	⊱	SUCCEEDS UNDER RELATION	
数学运算	⊲	NORMAL SUBGROUP OF	
数学运算	⊳	CONTAINS AS NORMAL SUBGROUP	
数学运算	⊴	NORMAL SUBGROUP OF OR EQUAL TO	
数学运算	⊵	CONTAINS AS NORMAL SUBGROUP OR EQUAL TO	
数学运算	⊶	ORIGINAL OF	
数学运算	⊷	IMAGE OF	
数学运算	⊸	MULTIMAP	
数学运算	⊹	HERMITIAN CONJUGATE MATRIX	
数学运算	⊺	INTERCALATE	
数学运算	⊻	XOR	
数学运算	⊼	NAND	
数学运算	⊽	NOR	
数学运算	⊾	RIGHT ANGLE WITH ARC	
数学运算	⊿	RIGHT TRIANGLE	
数学运算	⋀	N-ARY LOGICAL AND	
数学运算	⋁	N-ARY LOGICAL OR	
数学运算	⋂	N-ARY INTERSECTION	
数学运算	⋃	N-ARY UNION	
数学运算	⋄	DIAMOND OPERATOR	
数学运算	⋅	DOT OPERATOR	
数学运算	⋆	STAR OPERATOR	
数学运算	⋇	DIVISION TIMES	
数学运算	⋈	BOWTIE	
数学运算	⋉	LEFT NORMAL FACTOR SEMIDIRECT PRODUCT	
数学运算	⋊	RIGHT NORMAL FACTOR SEMIDIRECT PRODUCT	
数学运算	⋋	LEFT SEMIDIRECT PRODUCT	
数学运算	⋌	RIGHT SEMIDIRECT PRODUCT	
数学运算	⋍	REVERSED TILDE EQUALS	
数学运算	⋎	CURLY LOGICAL OR	
数学运算	⋏	CURLY LOGICAL AND	
数学运算	⋐	DOUBLE SUBSET	
数学运算	⋑	DOUBLE SUPERSET	
数学运算	⋒	DOUBLE INTERSECTION	
数学运算	⋓	DOUBLE UNION	
数学运算	⋔	PITCHFORK	
数学运算	⋕	EQUAL AND PARALLEL TO	
数学运算	⋖	LESS-THAN WITH DOT	
数学运算	⋗	GREATER-THAN WITH DOT	
数学运算	⋘	VERY MUCH LESS-THAN	
数学运算	⋙	VERY MUCH GREATER-THAN	
数学运算	⋚	LESS-THAN EQUAL TO OR GREATER-THAN	
数学运算	⋛	GREATER-THAN EQUAL TO OR LESS-THAN	
数学运算	⋜	EQUAL TO OR LESS-THAN	
数学运算	⋝	EQUAL TO OR GREATER-THAN	
数学运算	⋞	EQUAL TO OR PRECEDES	
数学运算	⋟	EQUAL TO OR SUCCEEDS	
数学运算	⋠	DOES NOT PRECEDE OR EQUAL	
数学运算	⋡	DOES NOT SUCCEED OR EQUAL	
数学运算	⋢	NOT SQUARE IMAGE OF OR EQUAL TO	
数学运算	⋣	NOT SQUARE ORIGINAL OF OR EQUAL TO	
数学运算	⋤	SQUARE IMAGE OF OR NOT EQUAL TO	
数学运算	⋥	SQUARE ORIGINAL OF OR NOT EQUAL TO	
数学运算	⋦	LESS-THAN BUT NOT EQUIVALENT TO	
数学运算	⋧	GREATER-THAN BUT NOT EQUIVALENT TO	
数学运算	⋨	PRECEDES BUT NOT EQUIVALENT TO	
数学运算	⋩	SUCCEEDS BUT NOT EQUIVALENT TO	
数学运算	⋪	NOT NORMAL SUBGROUP OF	
数学运算	⋫	DOES NOT CONTAIN AS NORMAL SUBGROUP	
数学运算	⋬	NOT NORMAL SUBGROUP OF OR EQUAL TO	
数学运算	⋭	DOES NOT CONTAIN AS NORMAL SUBGROUP OR EQUAL	
数学运算	⋮	VERTICAL ELLIPSIS	
数学运算	⋯	MIDLINE HORIZONTAL ELLIPSIS	
数学运算	⋰	UP RIGHT DIAGONAL ELLIPSIS	
数学运算	⋱	DOWN RIGHT DIAGONAL ELLIPSIS	
数学运算	⋲	ELEMENT OF WITH LONG HORIZONTAL STROKE	
数学运算	⋳	ELEMENT OF WITH VERTICAL BAR AT END OF HORIZONTAL STROKE	
数学运算	⋴	SMALL ELEMENT OF WITH VERTICAL BAR AT END OF HORIZONTAL STROKE	
数学运算	⋵	ELEMENT OF WITH DOT ABOVE	
数学运算	⋶	ELEMENT OF WITH OVERBAR	
数学运算	⋷	SMALL ELEMENT OF WITH OVERBAR	
数学运算	⋸	ELEMENT OF WITH UNDERBAR	
数学运算	⋹	ELEMENT OF WITH TWO HORIZONTAL STROKES	
数学运算	⋺	CONTAINS WITH LONG HORIZONTAL STROKE	
数学运算	⋻	CONTAINS WITH VERTICAL BAR AT END OF HORIZONTAL STROKE	
数学运算	⋼	SMALL CONTAINS WITH VERTICAL BAR AT END OF HORIZONTAL STROKE	
数学运算	⋽	CONTAINS WITH OVERBAR	
数学运算	⋾	SMALL CONTAINS WITH OVERBAR	
数学运算	⋿	Z NOTATION BAG MEMBERSHIP	
数学运算	⟀	THREE DIMENSIONAL ANGLE	
数学运算	⟁	WHITE TRIANGLE CONTAINING SMALL WHITE TRIANGLE	
数学运算	⟂	PERPENDICULAR	
数学运算	⟃	OPEN SUBSET	
数学运算	⟄	OPEN SUPERSET	
数学运算	⟅	LEFT S-SHAPED BAG DELIMITER	
数学运算	⟆	RIGHT S-SHAPED BAG DELIMITER	
数学运算	⟇	OR WITH DOT INSIDE	
数学运算	⟈	REVERSE SOLIDUS PRECEDING SUBSET	
数学运算	⟉	SUPERSET PRECEDING SOLIDUS	
数学运算	⟊	VERTICAL BAR WITH HORIZONTAL STROKE	
数学运算	⟋	MATHEMATICAL RISING DIAGONAL	
数学运算	⟌	LONG DIVISION	
数学运算	⟍	MATHEMATICAL FALLING DIAGONAL	
数学运算	⟎	SQUARED LOGICAL AND	
数学运算	⟏	SQUARED LOGICAL OR	
数学运算	⟐	WHITE DIAMOND WITH CENTRED DOT	
数学运算	⟑	AND WITH DOT	
数学运算	⟒	ELEMENT OF OPENING UPWARDS	
数学运算	⟓	LOWER RIGHT CORNER WITH DOT	
数学运算	⟔	UPPER LEFT CORNER WITH DOT	
数学运算	⟕	LEFT OUTER JOIN	
数学运算	⟖	RIGHT OUTER JOIN	
数学运算	⟗	FULL OUTER JOIN	
数学运算	⟘	LARGE UP TACK	
数学运算	⟙	LARGE DOWN TACK	
数学运算	⟚	LEFT AND RIGHT DOUBLE TURNSTILE	
数学运算	⟛	LEFT AND RIGHT TACK	
数学运算	⟜	LEFT MULTIMAP	
数学运算	⟝	LONG RIGHT TACK	
数学运算	⟞	LONG LEFT TACK	
数学运算	⟟	UP TACK WITH CIRCLE ABOVE	
数学运算	⟠	LOZENGE DIVIDED BY HORIZONTAL RULE	
数学运算	⟡	WHITE CONCAVE-SIDED DIAMOND	
数学运算	⟢	WHITE CONCAVE-SIDED DIAMOND WITH LEFTWARDS TICK	
数学运算	⟣	WHITE CONCAVE-SIDED DIAMOND WITH RIGHTWARDS TICK	
数学运算	⟤	WHITE SQUARE WITH LEFTWARDS TICK	
数学运算	⟥	WHITE SQUARE WITH RIGHTWARDS TICK	
数学运算	⟦	MATHEMATICAL LEFT WHITE SQUARE BRACKET	
数学运算	⟧	MATHEMATICAL RIGHT WHITE SQUARE BRACKET	
数学运算	⟨	MATHEMATICAL LEFT ANGLE BRACKET	
数学运算	⟩	MATHEMATICAL RIGHT ANGLE BRACKET	
数学运算	⟪	MATHEMATICAL LEFT DOUBLE ANGLE BRACKET	
数学运算	⟫	MATHEMATICAL RIGHT DOUBLE ANGLE BRACKET	
数学运算	⟬	MATHEMATICAL LEFT WHITE TORTOISE SHELL BRACKET	
数学运算	⟭	MATHEMATICAL RIGHT WHITE TORTOISE SHELL BRACKET	
数学运算	⟮	MATHEMATICAL LEFT FLATTENED PARENTHESIS	
数学运算	⟯	MATHEMATICAL RIGHT FLATTENED PARENTHESIS	
数学运算	⦀	TRIPLE VERTICAL BAR DELIMITER	
数学运算	⦁	Z NOTATION SPOT	
数学运算	⦂	Z NOTATION TYPE COLON	
数学运算	⦃	LEFT WHITE CURLY BRACKET	
数学运算	⦄	RIGHT WHITE CURLY BRACKET	
数学运算	⦅	LEFT WHITE PARENTHESIS	
数学运算	⦆	RIGHT WHITE PARENTHESIS	
数学运算	⦇	Z NOTATION LEFT IMAGE BRACKET	
数学运算	⦈	Z NOTATION RIGHT IMAGE BRACKET	
数学运算	⦉	Z NOTATION LEFT BINDING BRACKET	
数学运算	⦊	Z NOTATION RIGHT BINDING BRACKET	
数学运算	⦋	LEFT SQUARE BRACKET WITH UNDERBAR	
数学运算	⦌	RIGHT SQUARE BRACKET WITH UNDERBAR	
数学运算	⦍	LEFT SQUARE BRACKET WITH TICK IN TOP CORNER	
数学运算	⦎	RIGHT SQUARE BRACKET WITH TICK IN BOTTOM CORNER	
数学运算	⦏	LEFT SQUARE BRACKET WITH TICK IN BOTTOM CORNER	
数学运算	⦐	RIGHT SQUARE BRACKET WITH TICK IN TOP CORNER	
数学运算	⦑	LEFT ANGLE BRACKET WITH DOT	
数学运算	⦒	RIGHT ANGLE BRACKET WITH DOT	
数学运算	⦓	LEFT ARC LESS-THAN BRACKET	
数学运算	⦔	RIGHT ARC GREATER-THAN BRACKET	
数学运算	⦕	DOUBLE LEFT ARC GREATER-THAN BRACKET	
数学运算	⦖	DOUBLE RIGHT ARC LESS-THAN BRACKET	
数学运算	⦗	LEFT BLACK TORTOISE SHELL BRACKET	
数学运算	⦘	RIGHT BLACK TORTOISE SHELL BRACKET	
数学运算	⦙	DOTTED FENCE	
数学运算	⦚	VERTICAL ZIGZAG LINE	
数学运算	⦛	MEASURED ANGLE OPENING LEFT	
数学运算	⦜	RIGHT ANGLE VARIANT WITH SQUARE	
数学运算	⦝	MEASURED RIGHT ANGLE WITH DOT	
数学运算	⦞	ANGLE WITH S INSIDE	
数学运算	⦟	ACUTE ANGLE	
数学运算	⦠	SPHERICAL ANGLE OPENING LEFT	
数学运算	⦡	SPHERICAL ANGLE OPENING UP	
数学运算	⦢	TURNED ANGLE	
数学运算	⦣	REVERSED ANGLE	
数学运算	⦤	ANGLE WITH UNDERBAR	
数学运算	⦥	REVERSED ANGLE WITH UNDERBAR	
数学运算	⦦	OBLIQUE ANGLE OPENING UP	
数学运算	⦧	OBLIQUE ANGLE OPENING DOWN	
数学运算	⦨	MEASURED ANGLE WITH OPEN ARM ENDING IN ARROW POINTING UP AND RIGHT	
数学运算	⦩	MEASURED ANGLE WITH OPEN ARM ENDING IN ARROW POINTING UP AND LEFT	
数学运算	⦪	MEASURED ANGLE WITH OPEN ARM ENDING IN ARROW POINTING DOWN AND RIGHT	
数学运算	⦫	MEASURED ANGLE WITH OPEN ARM ENDING IN ARROW POINTING DOWN AND LEFT	
数学运算	⦬	MEASURED ANGLE WITH OPEN ARM ENDING IN ARROW POINTING RIGHT AND UP	
数学运算	⦭	MEASURED ANGLE WITH OPEN ARM ENDING IN ARROW POINTING LEFT AND UP	
数学运算	⦮	MEASURED ANGLE WITH OPEN ARM ENDING IN ARROW POINTING RIGHT AND DOWN	
数学运算	⦯	MEASURED ANGLE WITH OPEN ARM ENDING IN ARROW POINTING LEFT AND DOWN	
数学运算	⦰	REVERSED EMPTY SET	
数学运算	⦱	EMPTY SET WITH OVERBAR	
数学运算	⦲	EMPTY SET WITH SMALL CIRCLE ABOVE	
数学运算	⦳	EMPTY SET WITH RIGHT ARROW ABOVE	
数学运算	⦴	EMPTY SET WITH LEFT ARROW ABOVE	
数学运算	⦵	CIRCLE WITH HORIZONTAL BAR	
数学运算	⦶	CIRCLED VERTICAL BAR	
数学运算	⦷	CIRCLED PARALLEL	
数学运算	⦸	CIRCLED REVERSE SOLIDUS	
数学运算	⦹	CIRCLED PERPENDICULAR	
数学运算	⦺	CIRCLE DIVIDED BY HORIZONTAL BAR AND TOP HALF DIVIDED BY VERTICAL BAR	
数学运算	⦻	CIRCLE WITH SUPERIMPOSED X	
数学运算	⦼	CIRCLED ANTICLOCKWISE-ROTATED DIVISION SIGN	
数学运算	⦽	UP ARROW THROUGH CIRCLE	
数学运算	⦾	CIRCLED WHITE BULLET	
数学运算	⦿	CIRCLED BULLET	
数学运算	⧀	CIRCLED LESS-THAN	
数学运算	⧁	CIRCLED GREATER-THAN	
数学运算	⧂	CIRCLE WITH SMALL CIRCLE TO THE RIGHT	
数学运算	⧃	CIRCLE WITH TWO HORIZONTAL STROKES TO THE RIGHT	
数学运算	⧄	SQUARED RISING DIAGONAL SLASH	
数学运算	⧅	SQUARED FALLING DIAGONAL SLASH	
数学运算	⧆	SQUARED ASTERISK	
数学运算	⧇	SQUARED SMALL CIRCLE	
数学运算	⧈	SQUARED SQUARE	
数学运算	⧉	TWO JOINED SQUARES	
数学运算	⧊	TRIANGLE WITH DOT ABOVE	
数学运算	⧋	TRIANGLE WITH UNDERBAR	
数学运算	⧌	S IN TRIANGLE	
数学运算	⧍	TRIANGLE WITH SERIFS AT BOTTOM	
数学运算	⧎	RIGHT TRIANGLE ABOVE LEFT TRIANGLE	
数学运算	⧏	LEFT TRIANGLE BESIDE VERTICAL BAR	
数学运算	⧐	VERTICAL BAR BESIDE RIGHT TRIANGLE	
数学运算	⧑	BOWTIE WITH LEFT HALF BLACK	
数学运算	⧒	BOWTIE WITH RIGHT HALF BLACK	
数学运算	⧓	BLACK BOWTIE	
数学运算	⧔	TIMES WITH LEFT HALF BLACK	
数学运算	⧕	TIMES WITH RIGHT HALF BLACK	
数学运算	⧖	WHITE HOURGLASS	
数学运算	⧗	BLACK HOURGLASS	
数学运算	⧘	LEFT WIGGLY FENCE	
数学运算	⧙	RIGHT WIGGLY FENCE	
数学运算	⧚	LEFT DOUBLE WIGGLY FENCE	
数学运算	⧛	RIGHT DOUBLE WIGGLY FENCE	
数学运算	⧜	INCOMPLETE INFINITY	
数学运算	⧝	TIE OVER INFINITY	
数学运算	⧞	INFINITY NEGATED WITH VERTICAL BAR	
数学运算	⧟	DOUBLE-ENDED MULTIMAP	
数学运算	⧠	SQUARE WITH CONTOURED OUTLINE	
数学运算	⧡	INCREASES AS	
数学运算	⧢	SHUFFLE PRODUCT	
数学运算	⧣	EQUALS SIGN AND SLANTED PARALLEL	
数学运算	⧤	EQUALS SIGN AND SLANTED PARALLEL WITH TILDE ABOVE	
数学运算	⧥	IDENTICAL TO AND SLANTED PARALLEL	
数学运算	⧦	GLEICH STARK	
数学运算	⧧	THERMODYNAMIC	
数学运算	⧨	DOWN-POINTING TRIANGLE WITH LEFT HALF BLACK	
数学运算	⧩	DOWN-POINTING TRIANGLE WITH RIGHT HALF BLACK	
数学运算	⧪	BLACK DIAMOND WITH DOWN ARROW	
数学运算	⧫	BLACK LOZENGE	
数学运算	⧬	WHITE CIRCLE WITH DOWN ARROW	
数学运算	⧭	BLACK CIRCLE WITH DOWN ARROW	
数学运算	⧮	ERROR-BARRED WHITE SQUARE	
数学运算	⧯	ERROR-BARRED BLACK SQUARE	
数学运算	⧰	ERROR-BARRED WHITE DIAMOND	
数学运算	⧱	ERROR-BARRED BLACK DIAMOND	
数学运算	⧲	ERROR-BARRED WHITE CIRCLE	
数学运算	⧳	ERROR-BARRED BLACK CIRCLE	
数学运算	⧴	RULE-DELAYED	
数学运算	⧵	REVERSE SOLIDUS OPERATOR	
数学运算	⧶	SOLIDUS WITH OVERBAR	
数学运算	⧷	REVERSE SOLIDUS WITH HORIZONTAL STROKE	
数学运算	⧸	BIG SOLIDUS	
数学运算	⧹	BIG REVERSE SOLIDUS	
数学运算	⧺	DOUBLE PLUS	
数学运算	⧻	TRIPLE PLUS	
数学运算	⧼	LEFT-POINTING CURVED ANGLE BRACKET	
数学运算	⧽	RIGHT-POINTING CURVED ANGLE BRACKET	
数学运算	⧾	TINY	
数学运算	⧿	MINY	
数学运算	⨀	N-ARY CIRCLED DOT OPERATOR	
数学运算	⨁	N-ARY CIRCLED PLUS OPERATOR	
数学运算	⨂	N-ARY CIRCLED TIMES OPERATOR	
数学运算	⨃	N-ARY UNION OPERATOR WITH DOT	
数学运算	⨄	N-ARY UNION OPERATOR WITH PLUS	
数学运算	⨅	N-ARY SQUARE INTERSECTION OPERATOR	
数学运算	⨆	N-ARY SQUARE UNION OPERATOR	
数学运算	⨇	TWO LOGICAL AND OPERATOR	
数学运算	⨈	TWO LOGICAL OR OPERATOR	
数学运算	⨉	N-ARY TIMES OPERATOR	
数学运算	⨊	MODULO TWO SUM	
数学运算	⨋	SUMMATION WITH INTEGRAL	
数学运算	⨌	QUADRUPLE INTEGRAL OPERATOR	
数学运算	⨍	FINITE PART INTEGRAL	
数学运算	⨎	INTEGRAL WITH DOUBLE STROKE	
数学运算	⨏	INTEGRAL AVERAGE WITH SLASH	
数学运算	⨐	CIRCULATION FUNCTION	
数学运算	⨑	ANTICLOCKWISE INTEGRATION	
数学运算	⨒	LINE INTEGRATION WITH RECTANGULAR PATH AROUND POLE	
数学运算	⨓	LINE INTEGRATION WITH SEMICIRCULAR PATH AROUND POLE	
数学运算	⨔	LINE INTEGRATION NOT INCLUDING THE POLE	
数学运算	⨕	INTEGRAL AROUND A POINT OPERATOR	
数学运算	⨖	QUATERNION INTEGRAL OPERATOR	
数学运算	⨗	INTEGRAL WITH LEFTWARDS ARROW WITH HOOK	
数学运算	⨘	INTEGRAL WITH TIMES SIGN	
数学运算	⨙	INTEGRAL WITH INTERSECTION	
数学运算	⨚	INTEGRAL WITH UNION	
数学运算	⨛	INTEGRAL WITH OVERBAR	
数学运算	⨜	INTEGRAL WITH UNDERBAR	
数学运算	⨝	JOIN	
数学运算	⨞	LARGE LEFT TRIANGLE OPERATOR	
数学运算	⨟	Z NOTATION SCHEMA COMPOSITION	
数学运算	⨠	Z NOTATION SCHEMA PIPING	
数学运算	⨡	Z NOTATION SCHEMA PROJECTION	
数学运算	⨢	PLUS SIGN WITH SMALL CIRCLE ABOVE	
数学运算	⨣	PLUS SIGN WITH CIRCUMFLEX ACCENT ABOVE	
数学运算	⨤	PLUS SIGN WITH TILDE ABOVE	
数学运算	⨥	PLUS SIGN WITH DOT BELOW	
数学运算	⨦	PLUS SIGN WITH TILDE BELOW	
数学运算	⨧	PLUS SIGN WITH SUBSCRIPT TWO	
数学运算	⨨	PLUS SIGN WITH BLACK TRIANGLE	
数学运算	⨩	MINUS SIGN WITH COMMA ABOVE	
数学运算	⨪	MINUS SIGN WITH DOT BELOW	
数学运算	⨫	MINUS SIGN WITH FALLING DOTS	
数学运算	⨬	MINUS SIGN WITH RISING DOTS	
数学运算	⨭	PLUS SIGN IN LEFT HALF CIRCLE	
数学运算	⨮	PLUS SIGN IN RIGHT HALF CIRCLE	
数学运算	⨯	VECTOR OR CROSS PRODUCT	
数学运算	⨰	MULTIPLICATION SIGN WITH DOT ABOVE	
数学运算	⨱	MULTIPLICATION SIGN WITH UNDERBAR	
数学运算	⨲	SEMIDIRECT PRODUCT WITH BOTTOM CLOSED	
数学运算	⨳	SMASH PRODUCT	
数学运算	⨴	MULTIPLICATION SIGN IN LEFT HALF CIRCLE	
数学运算	⨵	MULTIPLICATION SIGN IN RIGHT HALF CIRCLE	
数学运算	⨶	CIRCLED MULTIPLICATION SIGN WITH CIRCUMFLEX ACCENT	
数学运算	⨷	MULTIPLICATION SIGN IN DOUBLE CIRCLE	
数学运算	⨸	CIRCLED DIVISION SIGN	
数学运算	⨹	PLUS SIGN IN TRIANGLE	
数学运算	⨺	MINUS SIGN IN TRIANGLE	
数学运算	⨻	MULTIPLICATION SIGN IN TRIANGLE	
数学运算	⨼	INTERIOR PRODUCT	
数学运算	⨽	RIGHTHAND INTERIOR PRODUCT	
数学运算	⨾	Z NOTATION RELATIONAL COMPOSITION	
数学运算	⨿	AMALGAMATION OR COPRODUCT	
数学运算	⩀	INTERSECTION WITH DOT	
数学运算	⩁	UNION WITH MINUS SIGN	
数学运算	⩂	UNION WITH OVERBAR	
数学运算	⩃	INTERSECTION WITH OVERBAR	
数学运算	⩄	INTERSECTION WITH LOGICAL AND	
数学运算	⩅	UNION WITH LOGICAL OR	
数学运算	⩆	UNION ABOVE INTERSECTION	
数学运算	⩇	INTERSECTION ABOVE UNION	
数学运算	⩈	UNION ABOVE BAR ABOVE INTERSECTION	
数学运算	⩉	INTERSECTION ABOVE BAR ABOVE UNION	
数学运算	⩊	UNION BESIDE AND JOINED WITH UNION	
数学运算	⩋	INTERSECTION BESIDE AND JOINED WITH INTERSECTION	
数学运算	⩌	CLOSED UNION WITH SERIFS	
数学运算	⩍	CLOSED INTERSECTION WITH SERIFS	
数学运算	⩎	DOUBLE SQUARE INTERSECTION	
数学运算	⩏	DOUBLE SQUARE UNION	
数学运算	⩐	CLOSED UNION WITH SERIFS AND SMASH PRODUCT	
数学运算	⩑	LOGICAL AND WITH DOT ABOVE	
数学运算	⩒	LOGICAL OR WITH DOT ABOVE	
数学运算	⩓	DOUBLE LOGICAL AND	
数学运算	⩔	DOUBLE LOGICAL OR	
数学运算	⩕	TWO INTERSECTING LOGICAL AND	
数学运算	⩖	TWO INTERSECTING LOGICAL OR	
数学运算	⩗	SLOPING LARGE OR	
数学运算	⩘	SLOPING LARGE AND	
数学运算	⩙	LOGICAL OR OVERLAPPING LOGICAL AND	
数学运算	⩚	LOGICAL AND WITH MIDDLE STEM	
数学运算	⩛	LOGICAL OR WITH MIDDLE STEM	
数学运算	⩜	LOGICAL AND WITH HORIZONTAL DASH	
数学运算	⩝	LOGICAL OR WITH HORIZONTAL DASH	
数学运算	⩞	LOGICAL AND WITH DOUBLE OVERBAR	
数学运算	⩟	LOGICAL AND WITH UNDERBAR	
数学运算	⩠	LOGICAL AND WITH DOUBLE UNDERBAR	
数学运算	⩡	SMALL VEE WITH UNDERBAR	
数学运算	⩢	LOGICAL OR WITH DOUBLE OVERBAR	
数学运算	⩣	LOGICAL OR WITH DOUBLE UNDERBAR	
数学运算	⩤	Z NOTATION DOMAIN ANTIRESTRICTION	
数学运算	⩥	Z NOTATION RANGE ANTIRESTRICTION	
数学运算	⩦	EQUALS SIGN WITH DOT BELOW	
数学运算	⩧	IDENTICAL WITH DOT ABOVE	
数学运算	⩨	TRIPLE HORIZONTAL BAR WITH DOUBLE VERTICAL STROKE	
数学运算	⩩	TRIPLE HORIZONTAL BAR WITH TRIPLE VERTICAL STROKE	
数学运算	⩪	TILDE OPERATOR WITH DOT ABOVE	
数学运算	⩫	TILDE OPERATOR WITH RISING DOTS	
数学运算	⩬	SIMILAR MINUS SIMILAR	
数学运算	⩭	CONGRUENT WITH DOT ABOVE	
数学运算	⩮	EQUALS WITH ASTERISK	
数学运算	⩯	ALMOST EQUAL TO WITH CIRCUMFLEX ACCENT	
数学运算	⩰	APPROXIMATELY EQUAL OR EQUAL TO	
数学运算	⩱	EQUALS SIGN ABOVE PLUS SIGN	
数学运算	⩲	PLUS SIGN ABOVE EQUALS SIGN	
数学运算	⩳	EQUALS SIGN ABOVE TILDE OPERATOR	
数学运算	⩴	DOUBLE COLON EQUAL	
数学运算	⩵	TWO CONSECUTIVE EQUALS SIGNS	
数学运算	⩶	THREE CONSECUTIVE EQUALS SIGNS	
数学运算	⩷	EQUALS SIGN WITH TWO DOTS ABOVE AND TWO DOTS BELOW	
数学运算	⩸	EQUIVALENT WITH FOUR DOTS ABOVE	
数学运算	⩹	LESS-THAN WITH CIRCLE INSIDE	
数学运算	⩺	GREATER-THAN WITH CIRCLE INSIDE	
数学运算	⩻	LESS-THAN WITH QUESTION MARK ABOVE	
数学运算	⩼	GREATER-THAN WITH QUESTION MARK ABOVE	
数学运算	⩽	LESS-THAN OR SLANTED EQUAL TO	
数学运算	⩾	GREATER-THAN OR SLANTED EQUAL TO	
数学运算	⩿	LESS-THAN OR SLANTED EQUAL TO WITH DOT INSIDE	
数学运算	⪀	GREATER-THAN OR SLANTED EQUAL TO WITH DOT INSIDE	
数学运算	⪁	LESS-THAN OR SLANTED EQUAL TO WITH DOT ABOVE	
数学运算	⪂	GREATER-THAN OR SLANTED EQUAL TO WITH DOT ABOVE	
数学运算	⪃	LESS-THAN OR SLANTED EQUAL TO WITH DOT ABOVE RIGHT	
数学运算	⪄	GREATER-THAN OR SLANTED EQUAL TO WITH DOT ABOVE LEFT	
数学运算	⪅	LESS-THAN OR APPROXIMATE	
数学运算	⪆	GREATER-THAN OR APPROXIMATE	
数学运算	⪇	LESS-THAN AND SINGLE-LINE NOT EQUAL TO	
数学运算	⪈	GREATER-THAN AND SINGLE-LINE NOT EQUAL TO	
数学运算	⪉	LESS-THAN AND NOT APPROXIMATE	
数学运算	⪊	GREATER-THAN AND NOT APPROXIMATE	
数学运算	⪋	LESS-THAN ABOVE DOUBLE-LINE EQUAL ABOVE GREATER-THAN	
数学运算	⪌	GREATER-THAN ABOVE DOUBLE-LINE EQUAL ABOVE LESS-THAN	
数学运算	⪍	LESS-THAN ABOVE SIMILAR OR EQUAL	
数学运算	⪎	GREATER-THAN ABOVE SIMILAR OR EQUAL	
数学运算	⪏	LESS-THAN ABOVE SIMILAR ABOVE GREATER-THAN	
数学运算	⪐	GREATER-THAN ABOVE SIMILAR ABOVE LESS-THAN	
数学运算	⪑	LESS-THAN ABOVE GREATER-THAN ABOVE DOUBLE-LINE EQUAL	
数学运算	⪒	GREATER-THAN ABOVE LESS-THAN ABOVE DOUBLE-LINE EQUAL	
数学运算	⪓	LESS-THAN ABOVE SLANTED EQUAL ABOVE GREATER-THAN ABOVE SLANTED EQUAL	
数学运算	⪔	GREATER-THAN ABOVE SLANTED EQUAL ABOVE LESS-THAN ABOVE SLANTED EQUAL	
数学运算	⪕	SLANTED EQUAL TO OR LESS-THAN	
数学运算	⪖	SLANTED EQUAL TO OR GREATER-THAN	
数学运算	⪗	SLANTED EQUAL TO OR LESS-THAN WITH DOT INSIDE	
数学运算	⪘	SLANTED EQUAL TO OR GREATER-THAN WITH DOT INSIDE	
数学运算	⪙	DOUBLE-LINE EQUAL TO OR LESS-THAN	
数学运算	⪚	DOUBLE-LINE EQUAL TO OR GREATER-THAN	
数学运算	⪛	DOUBLE-LINE SLANTED EQUAL TO OR LESS-THAN	
数学运算	⪜	DOUBLE-LINE SLANTED EQUAL TO OR GREATER-THAN	
数学运算	⪝	SIMILAR OR LESS-THAN	
数学运算	⪞	SIMILAR OR GREATER-THAN	
数学运算	⪟	SIMILAR ABOVE LESS-THAN ABOVE EQUALS SIGN	
数学运算	⪠	SIMILAR ABOVE GREATER-THAN ABOVE EQUALS SIGN	
数学运算	⪡	DOUBLE NESTED LESS-THAN	
数学运算	⪢	DOUBLE NESTED GREATER-THAN	
数学运算	⪣	DOUBLE NESTED LESS-THAN WITH UNDERBAR	
数学运算	⪤	GREATER-THAN OVERLAPPING LESS-THAN	
数学运算	⪥	GREATER-THAN BESIDE LESS-THAN	
数学运算	⪦	LESS-THAN CLOSED BY CURVE	
数学运算	⪧	GREATER-THAN CLOSED BY CURVE	
数学运算	⪨	LESS-THAN CLOSED BY CURVE ABOVE SLANTED EQUAL	
数学运算	⪩	GREATER-THAN CLOSED BY CURVE ABOVE SLANTED EQUAL	
数学运算	⪪	SMALLER THAN	
数学运算	⪫	LARGER THAN	
数学运算	⪬	SMALLER THAN OR EQUAL TO	
数学运算	⪭	LARGER THAN OR EQUAL TO	
数学运算	⪮	EQUALS SIGN WITH BUMPY ABOVE	
数学运算	⪯	PRECEDES ABOVE SINGLE-LINE EQUALS SIGN	
数学运算	⪰	SUCCEEDS ABOVE SINGLE-LINE EQUALS SIGN	
数学运算	⪱	PRECEDES ABOVE SINGLE-LINE NOT EQUAL TO	
数学运算	⪲	SUCCEEDS ABOVE SINGLE-LINE NOT EQUAL TO	
数学运算	⪳	PRECEDES ABOVE EQUALS SIGN	
数学运算	⪴	SUCCEEDS ABOVE EQUALS SIGN	
数学运算	⪵	PRECEDES ABOVE NOT EQUAL TO	
数学运算	⪶	SUCCEEDS ABOVE NOT EQUAL TO	
数学运算	⪷	PRECEDES ABOVE ALMOST EQUAL TO	
数学运算	⪸	SUCCEEDS ABOVE ALMOST EQUAL TO	
数学运算	⪹	PRECEDES ABOVE NOT ALMOST EQUAL TO	
数学运算	⪺	SUCCEEDS ABOVE NOT ALMOST EQUAL TO	
数学运算	⪻	DOUBLE PRECEDES	
数学运算	⪼	DOUBLE SUCCEEDS	
数学运算	⪽	SUBSET WITH DOT	
数学运算	⪾	SUPERSET WITH DOT	
数学运算	⪿	SUBSET WITH PLUS SIGN BELOW	
数学运算	⫀	SUPERSET WITH PLUS SIGN BELOW	
数学运算	⫁	SUBSET WITH MULTIPLICATION SIGN BELOW	
数学运算	⫂	SUPERSET WITH MULTIPLICATION SIGN BELOW	
数学运算	⫃	SUBSET OF OR EQUAL TO WITH DOT ABOVE	
数学运算	⫄	SUPERSET OF OR EQUAL TO WITH DOT ABOVE	
数学运算	⫅	SUBSET OF ABOVE EQUALS SIGN	
数学运算	⫆	SUPERSET OF ABOVE EQUALS SIGN	
数学运算	⫇	SUBSET OF ABOVE TILDE OPERATOR	
数学运算	⫈	SUPERSET OF ABOVE TILDE OPERATOR	
数学运算	⫉	SUBSET OF ABOVE ALMOST EQUAL TO	
数学运算	⫊	SUPERSET OF ABOVE ALMOST EQUAL TO	
数学运算	⫋	SUBSET OF ABOVE NOT EQUAL TO	
数学运算	⫌	SUPERSET OF ABOVE NOT EQUAL TO	
数学运算	⫍	SQUARE LEFT OPEN BOX OPERATOR	
数学运算	⫎	SQUARE RIGHT OPEN BOX OPERATOR	
数学运算	⫏	CLOSED SUBSET	
数学运算	⫐	CLOSED SUPERSET	
数学运算	⫑	CLOSED SUBSET OR EQUAL TO	
数学运算	⫒	CLOSED SUPERSET OR EQUAL TO	
数学运算	⫓	SUBSET ABOVE SUPERSET	
数学运算	⫔	SUPERSET ABOVE SUBSET	
数学运算	⫕	SUBSET ABOVE SUBSET	
数学运算	⫖	SUPERSET ABOVE SUPERSET	
数学运算	⫗	SUPERSET BESIDE SUBSET	
数学运算	⫘	SUPERSET BESIDE AND JOINED BY DASH WITH SUBSET	
数学运算	⫙	ELEMENT OF OPENING DOWNWARDS	
数学运算	⫚	PITCHFORK WITH TEE TOP	
数学运算	⫛	TRANSVERSAL INTERSECTION	
数学运算	⫝̸	FORKING	
数学运算	⫝	NONFORKING	
数学运算	⫞	SHORT LEFT TACK	
数学运算	⫟	SHORT DOWN TACK	
数学运算	⫠	SHORT UP TACK	
数学运算	⫡	PERPENDICULAR WITH S	
数学运算	⫢	VERTICAL BAR TRIPLE RIGHT TURNSTILE	
数学运算	⫣	DOUBLE VERTICAL BAR LEFT TURNSTILE	
数学运算	⫤	VERTICAL BAR DOUBLE LEFT TURNSTILE	
数学运算	⫥	DOUBLE VERTICAL BAR DOUBLE LEFT TURNSTILE	
数学运算	⫦	LONG DASH FROM LEFT MEMBER OF DOUBLE VERTICAL	
数学运算	⫧	SHORT DOWN TACK WITH OVERBAR	
数学运算	⫨	SHORT UP TACK WITH UNDERBAR	
数学运算	⫩	SHORT UP TACK ABOVE SHORT DOWN TACK	
数学运算	⫪	DOUBLE DOWN TACK	
数学运算	⫫	DOUBLE UP TACK	
数学运算	⫬	DOUBLE STROKE NOT SIGN	
数学运算	⫭	REVERSED DOUBLE STROKE NOT SIGN	
数学运算	⫮	DOES NOT DIVIDE WITH REVERSED NEGATION SLASH	
数学运算	⫯	VERTICAL LINE WITH CIRCLE ABOVE	
数学运算	⫰	VERTICAL LINE WITH CIRCLE BELOW	
数学运算	⫱	DOWN TACK WITH CIRCLE BELOW	
数学运算	⫲	PARALLEL WITH HORIZONTAL STROKE	
数学运算	⫳	PARALLEL WITH TILDE OPERATOR	
数学运算	⫴	TRIPLE VERTICAL BAR BINARY RELATION	
数学运算	⫵	TRIPLE VERTICAL BAR WITH HORIZONTAL STROKE	
数学运算	⫶	TRIPLE COLON OPERATOR	
数学运算	⫷	TRIPLE NESTED LESS-THAN	
数学运算	⫸	TRIPLE NESTED GREATER-THAN	
数学运算	⫹	DOUBLE-LINE SLANTED LESS-THAN OR EQUAL TO	
数学运算	⫺	DOUBLE-LINE SLANTED GREATER-THAN OR EQUAL TO	
数学运算	⫻	TRIPLE SOLIDUS BINARY RELATION	
数学运算	⫼	LARGE TRIPLE VERTICAL BAR OPERATOR	
数学运算	⫽	DOUBLE SOLIDUS OPERATOR	
数学运算	⫾	WHITE VERTICAL BAR	
数学运算	⫿	N-ARY WHITE VERTICAL BAR	
箭头	←	左箭头	zuojiantou arrow LEFTWARDS ARROW
箭头	↑	上箭头	shangjiantou UPWARDS ARROW
箭头	→	右箭头	youjiantou arrow RIGHTWARDS ARROW
箭头	↓	下箭头	xiajiantou DOWNWARDS ARROW
箭头	↔	双向箭头	shuangxiangjiantou LEFT RIGHT ARROW
箭头	↕	UP DOWN ARROW	
箭头	↖	NORTH WEST ARROW	
箭头	↗	NORTH EAST ARROW	
箭头	↘	SOUTH EAST ARROW	
箭头	↙	SOUTH WEST ARROW	
箭头	↚	LEFTWARDS ARROW WITH STROKE	
箭头	↛	RIGHTWARDS ARROW WITH STROKE	
箭头	↜	LEFTWARDS WAVE ARROW	
箭头	↝	RIGHTWARDS WAVE ARROW	
箭头	↞	LEFTWARDS TWO HEADED ARROW	
箭头	↟	UPWARDS TWO HEADED ARROW	
箭头	↠	RIGHTWARDS TWO HEADED ARROW	
箭头	↡	DOWNWARDS TWO HEADED ARROW	
箭头	↢	LEFTWARDS ARROW WITH TAIL	
箭头	↣	RIGHTWARDS ARROW WITH TAIL	
箭头	↤	LEFTWARDS ARROW FROM BAR	
箭头	↥	UPWARDS ARROW FROM BAR	
箭头	↦	RIGHTWARDS ARROW FROM BAR	
箭头	↧	DOWNWARDS ARROW FROM BAR	
箭头	↨	UP DOWN ARROW WITH BASE	
箭头	↩	LEFTWARDS ARROW WITH HOOK	
箭头	↪	RIGHTWARDS ARROW WITH HOOK	
箭头	↫	LEFTWARDS ARROW WITH LOOP	
箭头	↬	RIGHTWARDS ARROW WITH LOOP	
箭头	↭	LEFT RIGHT WAVE ARROW	
箭头	↮	LEFT RIGHT ARROW WITH STROKE	
箭头	↯	DOWNWARDS ZIGZAG ARROW	
箭头	↰	UPWARDS ARROW WITH TIP LEFTWARDS	
箭头	↱	UPWARDS ARROW WITH TIP RIGHTWARDS	
箭头	↲	DOWNWARDS ARROW WITH TIP LEFTWARDS	
箭头	↳	DOWNWARDS ARROW WITH TIP RIGHTWARDS	
箭头	↴	RIGHTWARDS ARROW WITH CORNER DOWNWARDS	
箭头	↵	DOWNWARDS ARROW WITH CORNER LEFTWARDS	
箭头	↶	ANTICLOCKWISE TOP SEMICIRCLE ARROW	
箭头	↷	CLOCKWISE TOP SEMICIRCLE ARROW	
箭头	↸	NORTH WEST ARROW TO LONG BAR	
箭头	↹	LEFTWARDS ARROW TO BAR OVER RIGHTWARDS ARROW TO BAR	
箭头	↺	ANTICLOCKWISE OPEN CIRCLE ARROW	
箭头	↻	CLOCKWISE OPEN CIRCLE ARROW	
箭头	↼	LEFTWARDS HARPOON WITH BARB UPWARDS	
箭头	↽	LEFTWARDS HARPOON WITH BARB DOWNWARDS	
箭头	↾	UPWARDS HARPOON WITH BARB RIGHTWARDS	
箭头	↿	UPWARDS HARPOON WITH BARB LEFTWARDS	
箭头	⇀	RIGHTWARDS HARPOON WITH BARB UPWARDS	
箭头	⇁	RIGHTWARDS HARPOON WITH BARB DOWNWARDS	
箭头	⇂	DOWNWARDS HARPOON WITH BARB RIGHTWARDS	
箭头	⇃	DOWNWARDS HARPOON WITH BARB LEFTWARDS	
箭头	⇄	RIGHTWARDS ARROW OVER LEFTWARDS ARROW	
箭头	⇅	UPWARDS ARROW LEFTWARDS OF DOWNWARDS ARROW	
箭头	⇆	LEFTWARDS ARROW OVER RIGHTWARDS ARROW	
箭头	⇇	LEFTWARDS PAIRED ARROWS	
箭头	⇈	UPWARDS PAIRED ARROWS	
箭头	⇉	RIGHTWARDS PAIRED ARROWS	
箭头	⇊	DOWNWARDS PAIRED ARROWS	
箭头	⇋	LEFTWARDS HARPOON OVER RIGHTWARDS HARPOON	
箭头	⇌	可逆反应 化学平衡	kenifanying RIGHTWARDS HARPOON OVER LEFTWARDS HARPOON
箭头	⇍	LEFTWARDS DOUBLE ARROW WITH STROKE	
箭头	⇎	LEFT RIGHT DOUBLE ARROW WITH STROKE	
箭头	⇏	RIGHTWARDS DOUBLE ARROW WITH STROKE	
箭头	⇐	LEFTWARDS DOUBLE ARROW	
箭头	⇑	UPWARDS DOUBLE ARROW	
箭头	⇒	推出 蕴含	tuichu implies RIGHTWARDS DOUBLE ARROW
箭头	⇓	DOWNWARDS DOUBLE ARROW	
箭头	⇔	等价 当且仅当	dengjia iff LEFT RIGHT DOUBLE ARROW
箭头	⇕	UP DOWN DOUBLE ARROW	
箭头	⇖	NORTH WEST DOUBLE ARROW	
箭头	⇗	NORTH EAST DOUBLE ARROW	
箭头	⇘	SOUTH EAST DOUBLE ARROW	
箭头	⇙	SOUTH WEST DOUBLE ARROW	
箭头	⇚	LEFTWARDS TRIPLE ARROW	
箭头	⇛	RIGHTWARDS TRIPLE ARROW	
箭头	⇜	LEFTWARDS SQUIGGLE ARROW	
箭头	⇝	RIGHTWARDS SQUIGGLE ARROW	
箭头	⇞	UPWARDS ARROW WITH DOUBLE STROKE	
箭头	⇟	DOWNWARDS ARROW WITH DOUBLE STROKE	
箭头	⇠	LEFTWARDS DASHED ARROW	
箭头	⇡	UPWARDS DASHED ARROW	
箭头	⇢	RIGHTWARDS DASHED ARROW	
箭头	⇣	DOWNWARDS DASHED ARROW	
箭头	⇤	LEFTWARDS ARROW TO BAR	
箭头	⇥	RIGHTWARDS ARROW TO BAR	
箭头	⇦	LEFTWARDS WHITE ARROW	
箭头	⇧	UPWARDS WHITE ARROW	
箭头	⇨	RIGHTWARDS WHITE ARROW	
箭头	⇩	DOWNWARDS WHITE ARROW	
箭头	⇪	UPWARDS WHITE ARROW FROM BAR	
箭头	⇫	UPWARDS WHITE ARROW ON PEDESTAL	
箭头	⇬	UPWARDS WHITE ARROW ON PEDESTAL WITH HORIZONTAL BAR	
箭头	⇭	UPWARDS WHITE ARROW ON PEDESTAL WITH VERTICAL BAR	
箭头	⇮	UPWARDS WHITE DOUBLE ARROW	
箭头	⇯	UPWARDS WHITE DOUBLE ARROW ON PEDESTAL	
箭头	⇰	RIGHTWARDS WHITE ARROW FROM WALL	
箭头	⇱	NORTH WEST ARROW TO CORNER	
箭头	⇲	SOUTH EAST ARROW TO CORNER	
箭头	⇳	UP DOWN WHITE ARROW	
箭头	⇴	RIGHT ARROW WITH SMALL CIRCLE	
箭头	⇵	DOWNWARDS ARROW LEFTWARDS OF UPWARDS ARROW	
箭头	⇶	THREE RIGHTWARDS ARROWS	
箭头	⇷	LEFTWARDS ARROW WITH VERTICAL STROKE	
箭头	⇸	RIGHTWARDS ARROW WITH VERTICAL STROKE	
箭头	⇹	LEFT RIGHT ARROW WITH VERTICAL STROKE	
箭头	⇺	LEFTWARDS ARROW WITH DOUBLE VERTICAL STROKE	
箭头	⇻	RIGHTWARDS ARROW WITH DOUBLE VERTICAL STROKE	
箭头	⇼	LEFT RIGHT ARROW WITH DOUBLE VERTICAL STROKE	
箭头	⇽	LEFTWARDS OPEN-HEADED ARROW	
箭头	⇾	RIGHTWARDS OPEN-HEADED ARROW	
箭头	⇿	LEFT RIGHT OPEN-HEADED ARROW	
箭头	⟰	UPWARDS QUADRUPLE ARROW	
箭头	⟱	DOWNWARDS QUADRUPLE ARROW	
箭头	⟲	ANTICLOCKWISE GAPPED CIRCLE ARROW	
箭头	⟳	CLOCKWISE GAPPED CIRCLE ARROW	
箭头	⟴	RIGHT ARROW WITH CIRCLED PLUS	
箭头	⟵	LONG LEFTWARDS ARROW	
箭头	⟶	LONG RIGHTWARDS ARROW	
箭头	⟷	LONG LEFT RIGHT ARROW	
箭头	⟸	LONG LEFTWARDS DOUBLE ARROW	
箭头	⟹	LONG RIGHTWARDS DOUBLE ARROW	
箭头	⟺	LONG LEFT RIGHT DOUBLE ARROW	
箭头	⟻	LONG LEFTWARDS ARROW FROM BAR	
箭头	⟼	LONG RIGHTWARDS ARROW FROM BAR	
箭头	⟽	LONG LEFTWARDS DOUBLE ARROW FROM BAR	
箭头	⟾	LONG RIGHTWARDS DOUBLE ARROW FROM BAR	
箭头	⟿	LONG RIGHTWARDS SQUIGGLE ARROW	
箭头	⤀	RIGHTWARDS TWO-HEADED ARROW WITH VERTICAL STROKE	
箭头	⤁	RIGHTWARDS TWO-HEADED ARROW WITH DOUBLE VERTICAL STROKE	
箭头	⤂	LEFTWARDS DOUBLE ARROW WITH VERTICAL STROKE	
箭头	⤃	RIGHTWARDS DOUBLE ARROW WITH VERTICAL STROKE	
箭头	⤄	LEFT RIGHT DOUBLE ARROW WITH VERTICAL STROKE	
箭头	⤅	RIGHTWARDS TWO-HEADED ARROW FROM BAR	
箭头	⤆	LEFTWARDS DOUBLE ARROW FROM BAR	
箭头	⤇	RIGHTWARDS DOUBLE ARROW FROM BAR	
箭头	⤈	DOWNWARDS ARROW WITH HORIZONTAL STROKE	
箭头	⤉	UPWARDS ARROW WITH HORIZONTAL STROKE	
箭头	⤊	UPWARDS TRIPLE ARROW	
箭头	⤋	DOWNWARDS TRIPLE ARROW	
箭头	⤌	LEFTWARDS DOUBLE DASH ARROW	
箭头	⤍	RIGHTWARDS DOUBLE DASH ARROW	
箭头	⤎	LEFTWARDS TRIPLE DASH ARROW	
箭头	⤏	RIGHTWARDS TRIPLE DASH ARROW	
箭头	⤐	RIGHTWARDS TWO-HEADED TRIPLE DASH ARROW	
箭头	⤑	RIGHTWARDS ARROW WITH DOTTED STEM	
箭头	⤒	UPWARDS ARROW TO BAR	
箭头	⤓	DOWNWARDS ARROW TO BAR	
箭头	⤔	RIGHTWARDS ARROW WITH TAIL WITH VERTICAL STROKE	
箭头	⤕	RIGHTWARDS ARROW WITH TAIL WITH DOUBLE VERTICAL STROKE	
箭头	⤖	RIGHTWARDS TWO-HEADED ARROW WITH TAIL	
箭头	⤗	RIGHTWARDS TWO-HEADED ARROW WITH TAIL WITH VERTICAL STROKE	
箭头	⤘	RIGHTWARDS TWO-HEADED ARROW WITH TAIL WITH DOUBLE VERTICAL STROKE	
箭头	⤙	LEFTWARDS ARROW-TAIL	
箭头	⤚	RIGHTWARDS ARROW-TAIL	
箭头	⤛	LEFTWARDS DOUBLE ARROW-TAIL	
箭头	⤜	RIGHTWARDS DOUBLE ARROW-TAIL	
箭头	⤝	LEFTWARDS ARROW TO BLACK DIAMOND	
箭头	⤞	RIGHTWARDS ARROW TO BLACK DIAMOND	
箭头	⤟	LEFTWARDS ARROW FROM BAR TO BLACK DIAMOND	
箭头	⤠	RIGHTWARDS ARROW FROM BAR TO BLACK DIAMOND	
箭头	⤡	NORTH WEST AND SOUTH EAST ARROW	
箭头	⤢	NORTH EAST AND SOUTH WEST ARROW	
箭头	⤣	NORTH WEST ARROW WITH HOOK	
箭头	⤤	NORTH EAST ARROW WITH HOOK	
箭头	⤥	SOUTH EAST ARROW WITH HOOK	
箭头	⤦	SOUTH WEST ARROW WITH HOOK	
箭头	⤧	NORTH WEST ARROW AND NORTH EAST ARROW	
箭头	⤨	NORTH EAST ARROW AND SOUTH EAST ARROW	
箭头	⤩	SOUTH EAST ARROW AND SOUTH WEST ARROW	
箭头	⤪	SOUTH WEST ARROW AND NORTH WEST ARROW	
箭头	⤫	RISING DIAGONAL CROSSING FALLING DIAGONAL	
箭头	⤬	FALLING DIAGONAL CROSSING RISING DIAGONAL	
箭头	⤭	SOUTH EAST ARROW CROSSING NORTH EAST ARROW	
箭头	⤮	NORTH EAST ARROW CROSSING SOUTH EAST ARROW	
箭头	⤯	FALLING DIAGONAL CROSSING NORTH EAST ARROW	
箭头	⤰	RISING DIAGONAL CROSSING SOUTH EAST ARROW	
箭头	⤱	NORTH EAST ARROW CROSSING NORTH WEST ARROW	
箭头	⤲	NORTH WEST ARROW CROSSING NORTH EAST ARROW	
箭头	⤳	WAVE ARROW POINTING DIRECTLY RIGHT	
箭头	⤴	ARROW POINTING RIGHTWARDS THEN CURVING UPWARDS	
箭头	⤵	ARROW POINTING RIGHTWARDS THEN CURVING DOWNWARDS	
箭头	⤶	ARROW POINTING DOWNWARDS THEN CURVING LEFTWARDS	
箭头	⤷	ARROW POINTING DOWNWARDS THEN CURVING RIGHTWARDS	
箭头	⤸	RIGHT-SIDE ARC CLOCKWISE ARROW	
箭头	⤹	LEFT-SIDE ARC ANTICLOCKWISE ARROW	
箭头	⤺	TOP ARC ANTICLOCKWISE ARROW	
箭头	⤻	BOTTOM ARC ANTICLOCKWISE ARROW	
箭头	⤼	TOP ARC CLOCKWISE ARROW WITH MINUS	
箭头	⤽	TOP ARC ANTICLOCKWISE ARROW WITH PLUS	
箭头	⤾	LOWER RIGHT SEMICIRCULAR CLOCKWISE ARROW	
箭头	⤿	LOWER LEFT SEMICIRCULAR ANTICLOCKWISE ARROW	
箭头	⥀	ANTICLOCKWISE CLOSED CIRCLE ARROW	
箭头	⥁	CLOCKWISE CLOSED CIRCLE ARROW	
箭头	⥂	RIGHTWARDS ARROW ABOVE SHORT LEFTWARDS ARROW	
箭头	⥃	LEFTWARDS ARROW ABOVE SHORT RIGHTWARDS ARROW	
箭头	⥄	SHORT RIGHTWARDS ARROW ABOVE LEFTWARDS ARROW	
箭头	⥅	RIGHTWARDS ARROW WITH PLUS BELOW	
箭头	⥆	LEFTWARDS ARROW WITH PLUS BELOW	
箭头	⥇	RIGHTWARDS ARROW THROUGH X	
箭头	⥈	LEFT RIGHT ARROW THROUGH SMALL CIRCLE	
箭头	⥉	UPWARDS TWO-HEADED ARROW FROM SMALL CIRCLE	
箭头	⥊	LEFT BARB UP RIGHT BARB DOWN HARPOON	
箭头	⥋	LEFT BARB DOWN RIGHT BARB UP HARPOON	
箭头	⥌	UP BARB RIGHT DOWN BARB LEFT HARPOON	
箭头	⥍	UP BARB LEFT DOWN BARB RIGHT HARPOON	
箭头	⥎	LEFT BARB UP RIGHT BARB UP HARPOON	
箭头	⥏	UP BARB RIGHT DOWN BARB RIGHT HARPOON	
箭头	⥐	LEFT BARB DOWN RIGHT BARB DOWN HARPOON	
箭头	⥑	UP BARB LEFT DOWN BARB LEFT HARPOON	
箭头	⥒	LEFTWARDS HARPOON WITH BARB UP TO BAR	
箭头	⥓	RIGHTWARDS HARPOON WITH BARB UP TO BAR	
箭头	⥔	UPWARDS HARPOON WITH BARB RIGHT TO BAR	
箭头	⥕	DOWNWARDS HARPOON WITH BARB RIGHT TO BAR	
箭头	⥖	LEFTWARDS HARPOON WITH BARB DOWN TO BAR	
箭头	⥗	RIGHTWARDS HARPOON WITH BARB DOWN TO BAR	
箭头	⥘	UPWARDS HARPOON WITH BARB LEFT TO BAR	
箭头	⥙	DOWNWARDS HARPOON WITH BARB LEFT TO BAR	
箭头	⥚	LEFTWARDS HARPOON WITH BARB UP FROM BAR	
箭头	⥛	RIGHTWARDS HARPOON WITH BARB UP FROM BAR	
箭头	⥜	UPWARDS HARPOON WITH BARB RIGHT FROM BAR	
箭头	⥝	DOWNWARDS HARPOON WITH BARB RIGHT FROM BAR	
箭头	⥞	LEFTWARDS HARPOON WITH BARB DOWN FROM BAR	
箭头	⥟	RIGHTWARDS HARPOON WITH BARB DOWN FROM BAR	
箭头	⥠	UPWARDS HARPOON WITH BARB LEFT FROM BAR	
箭头	⥡	DOWNWARDS HARPOON WITH BARB LEFT FROM BAR	
箭头	⥢	LEFTWARDS HARPOON WITH BARB UP ABOVE LEFTWARDS HARPOON WITH BARB DOWN	
箭头	⥣	UPWARDS HARPOON WITH BARB LEFT BESIDE UPWARDS HARPOON WITH BARB RIGHT	
箭头	⥤	RIGHTWARDS HARPOON WITH BARB UP ABOVE RIGHTWARDS HARPOON WITH BARB DOWN	
箭头	⥥	DOWNWARDS HARPOON WITH BARB LEFT BESIDE DOWNWARDS HARPOON WITH BARB RIGHT	
箭头	⥦	LEFTWARDS HARPOON WITH BARB UP ABOVE RIGHTWARDS HARPOON WITH BARB UP	
箭头	⥧	LEFTWARDS HARPOON WITH BARB DOWN ABOVE RIGHTWARDS HARPOON WITH BARB DOWN	
箭头	⥨	RIGHTWARDS HARPOON WITH BARB UP ABOVE LEFTWARDS HARPOON WITH BARB UP	
箭头	⥩	RIGHTWARDS HARPOON WITH BARB DOWN ABOVE LEFTWARDS HARPOON WITH BARB DOWN	
箭头	⥪	LEFTWARDS HARPOON WITH BARB UP ABOVE LONG DASH	
箭头	⥫	LEFTWARDS HARPOON WITH BARB DOWN BELOW LONG DASH	
箭头	⥬	RIGHTWARDS HARPOON WITH BARB UP ABOVE LONG DASH	
箭头	⥭	RIGHTWARDS HARPOON WITH BARB DOWN BELOW LONG DASH	
箭头	⥮	UPWARDS HARPOON WITH BARB LEFT BESIDE DOWNWARDS HARPOON WITH BARB RIGHT	
箭头	⥯	DOWNWARDS HARPOON WITH BARB LEFT BESIDE UPWARDS HARPOON WITH BARB RIGHT	
箭头	⥰	RIGHT DOUBLE ARROW WITH ROUNDED HEAD	
箭头	⥱	EQUALS SIGN ABOVE RIGHTWARDS ARROW	
箭头	⥲	TILDE OPERATOR ABOVE RIGHTWARDS ARROW	
箭头	⥳	LEFTWARDS ARROW ABOVE TILDE OPERATOR	
箭头	⥴	RIGHTWARDS ARROW ABOVE TILDE OPERATOR	
箭头	⥵	RIGHTWARDS ARROW ABOVE ALMOST EQUAL TO	
箭头	⥶	LESS-THAN ABOVE LEFTWARDS ARROW	
箭头	⥷	LEFTWARDS ARROW THROUGH LESS-THAN	
箭头	⥸	GREATER-THAN ABOVE RIGHTWARDS ARROW	
箭头	⥹	SUBSET ABOVE RIGHTWARDS ARROW	
箭头	⥺	LEFTWARDS ARROW THROUGH SUBSET	
箭头	⥻	SUPERSET ABOVE LEFTWARDS ARROW	
箭头	⥼	LEFT FISH TAIL	
箭头	⥽	RIGHT FISH TAIL	
箭头	⥾	UP FISH TAIL	
箭头	⥿	DOWN FISH TAIL	
箭头	⬀	NORTH EAST WHITE ARROW	
箭头	⬁	NORTH WEST WHITE ARROW	
箭头	⬂	SOUTH EAST WHITE ARROW	
箭头	⬃	SOUTH WEST WHITE ARROW	
箭头	⬄	LEFT RIGHT WHITE ARROW	
箭头	⬅	LEFTWARDS BLACK ARROW	
箭头	⬆	UPWARDS BLACK ARROW	
箭头	⬇	DOWNWARDS BLACK ARROW	
箭头	⬈	NORTH EAST BLACK ARROW	
箭头	⬉	NORTH WEST BLACK ARROW	
箭头	⬊	SOUTH EAST BLACK ARROW	
箭头	⬋	SOUTH WEST BLACK ARROW	
箭头	⬌	LEFT RIGHT BLACK ARROW	
箭头	⬍	UP DOWN BLACK ARROW	
箭头	⬎	RIGHTWARDS ARROW WITH TIP DOWNWARDS	
箭头	⬏	RIGHTWARDS ARROW WITH TIP UPWARDS	
箭头	⬐	LEFTWARDS ARROW WITH TIP DOWNWARDS	
箭头	⬑	LEFTWARDS ARROW WITH TIP UPWARDS	
箭头	⬰	LEFT ARROW WITH SMALL CIRCLE	
箭头	⬱	THREE LEFTWARDS ARROWS	
箭头	⬲	LEFT ARROW WITH CIRCLED PLUS	
箭头	⬳	LONG LEFTWARDS SQUIGGLE ARROW	
箭头	⬴	LEFTWARDS TWO-HEADED ARROW WITH VERTICAL STROKE	
箭头	⬵	LEFTWARDS TWO-HEADED ARROW WITH DOUBLE VERTICAL STROKE	
箭头	⬶	LEFTWARDS TWO-HEADED ARROW FROM BAR	
箭头	⬷	LEFTWARDS TWO-HEADED TRIPLE DASH ARROW	
箭头	⬸	LEFTWARDS ARROW WITH DOTTED STEM	
箭头	⬹	LEFTWARDS ARROW WITH TAIL WITH VERTICAL STROKE	
箭头	⬺	LEFTWARDS ARROW WITH TAIL WITH DOUBLE VERTICAL STROKE	
箭头	⬻	LEFTWARDS TWO-HEADED ARROW WITH TAIL	
箭头	⬼	LEFTWARDS TWO-HEADED ARROW WITH TAIL WITH VERTICAL STROKE	
箭头	⬽	LEFTWARDS TWO-HEADED ARROW WITH TAIL WITH DOUBLE VERTICAL STROKE	
箭头	⬾	LEFTWARDS ARROW THROUGH X	
箭头	⬿	WAVE ARROW POINTING DIRECTLY LEFT	
箭头	⭀	EQUALS SIGN ABOVE LEFTWARDS ARROW	
箭头	⭁	REVERSE TILDE OPERATOR ABOVE LEFTWARDS ARROW	
箭头	⭂	LEFTWARDS ARROW ABOVE REVERSE ALMOST EQUAL TO	
箭头	⭃	RIGHTWARDS ARROW THROUGH GREATER-THAN	
箭头	⭄	RIGHTWARDS ARROW THROUGH SUPERSET	
箭头	⭅	LEFTWARDS QUADRUPLE ARROW	
箭头	⭆	RIGHTWARDS QUADRUPLE ARROW	
箭头	⭇	REVERSE TILDE OPERATOR ABOVE RIGHTWARDS ARROW	
箭头	⭈	RIGHTWARDS ARROW ABOVE REVERSE ALMOST EQUAL TO	
箭头	⭉	TILDE OPERATOR ABOVE LEFTWARDS ARROW	
箭头	⭊	LEFTWARDS ARROW ABOVE ALMOST EQUAL TO	
箭头	⭋	LEFTWARDS ARROW ABOVE REVERSE TILDE OPERATOR	
箭头	⭌	RIGHTWARDS ARROW ABOVE REVERSE TILDE OPERATOR	
箭头	⭍	DOWNWARDS TRIANGLE-HEADED ZIGZAG ARROW	
箭头	⭎	SHORT SLANTED NORTH ARROW	
箭头	⭏	SHORT BACKSLANTED SOUTH ARROW	
箭头	⭚	SLANTED NORTH ARROW WITH HOOKED HEAD	
箭头	⭛	BACKSLANTED SOUTH ARROW WITH HOOKED TAIL	
箭头	⭜	SLANTED NORTH ARROW WITH HORIZONTAL TAIL	
箭头	⭝	BACKSLANTED SOUTH ARROW WITH HORIZONTAL TAIL	
箭头	⭞	BENT ARROW POINTING DOWNWARDS THEN NORTH EAST	
箭头	⭟	SHORT BENT ARROW POINTING DOWNWARDS THEN NORTH EAST	
箭头	⭠	LEFTWARDS TRIANGLE-HEADED ARROW	
箭头	⭡	UPWARDS TRIANGLE-HEADED ARROW	
箭头	⭢	RIGHTWARDS TRIANGLE-HEADED ARROW	
箭头	⭣	DOWNWARDS TRIANGLE-HEADED ARROW	
箭头	⭤	LEFT RIGHT TRIANGLE-HEADED ARROW	
箭头	⭥	UP DOWN TRIANGLE-HEADED ARROW	
箭头	⭦	NORTH WEST TRIANGLE-HEADED ARROW	
箭头	⭧	NORTH EAST TRIANGLE-HEADED ARROW	
箭头	⭨	SOUTH EAST TRIANGLE-HEADED ARROW	
箭头	⭩	SOUTH WEST TRIANGLE-HEADED ARROW	
箭头	⭪	LEFTWARDS TRIANGLE-HEADED DASHED ARROW	
箭头	⭫	UPWARDS TRIANGLE-HEADED DASHED ARROW	
箭头	⭬	RIGHTWARDS TRIANGLE-HEADED DASHED ARROW	
箭头	⭭	DOWNWARDS TRIANGLE-HEADED DASHED ARROW	
箭头	⭮	CLOCKWISE TRIANGLE-HEADED OPEN CIRCLE ARROW	
箭头	⭯	ANTICLOCKWISE TRIANGLE-HEADED OPEN CIRCLE ARROW	
箭头	⭰	LEFTWARDS TRIANGLE-HEADED ARROW TO BAR	
箭头	⭱	UPWARDS TRIANGLE-HEADED ARROW TO BAR	
箭头	⭲	RIGHTWARDS TRIANGLE-HEADED ARROW TO BAR	
箭头	⭳	DOWNWARDS TRIANGLE-HEADED ARROW TO BAR	
箭头	⭶	NORTH WEST TRIANGLE-HEADED ARROW TO BAR	
箭头	⭷	NORTH EAST TRIANGLE-HEADED ARROW TO BAR	
箭头	⭸	SOUTH EAST TRIANGLE-HEADED ARROW TO BAR	
箭头	⭹	SOUTH WEST TRIANGLE-HEADED ARROW TO BAR	
箭头	⭺	LEFTWARDS TRIANGLE-HEADED ARROW WITH DOUBLE HORIZONTAL STROKE	
箭头	⭻	UPWARDS TRIANGLE-HEADED ARROW WITH DOUBLE HORIZONTAL STROKE	
箭头	⭼	RIGHTWARDS TRIANGLE-HEADED ARROW WITH DOUBLE HORIZONTAL STROKE	
箭头	⭽	DOWNWARDS TRIANGLE-HEADED ARROW WITH DOUBLE HORIZONTAL STROKE	
箭头	⮀	LEFTWARDS TRIANGLE-HEADED ARROW OVER RIGHTWARDS TRIANGLE-HEADED ARROW	
箭头	⮁	UPWARDS TRIANGLE-HEADED ARROW LEFTWARDS OF DOWNWARDS TRIANGLE-HEADED ARROW	
箭头	⮂	RIGHTWARDS TRIANGLE-HEADED ARROW OVER LEFTWARDS TRIANGLE-HEADED ARROW	
箭头	⮃	DOWNWARDS TRIANGLE-HEADED ARROW LEFTWARDS OF UPWARDS TRIANGLE-HEADED ARROW	
箭头	⮄	LEFTWARDS TRIANGLE-HEADED PAIRED ARROWS	
箭头	⮅	UPWARDS TRIANGLE-HEADED PAIRED ARROWS	
箭头	⮆	RIGHTWARDS TRIANGLE-HEADED PAIRED ARROWS	
箭头	⮇	DOWNWARDS TRIANGLE-HEADED PAIRED ARROWS	
箭头	⮈	LEFTWARDS BLACK CIRCLED WHITE ARROW	
箭头	⮉	UPWARDS BLACK CIRCLED WHITE ARROW	
箭头	⮊	RIGHTWARDS BLACK CIRCLED WHITE ARROW	
箭头	⮋	DOWNWARDS BLACK CIRCLED WHITE ARROW	
箭头	⮌	ANTICLOCKWISE TRIANGLE-HEADED RIGHT U-SHAPED ARROW	
箭头	⮍	ANTICLOCKWISE TRIANGLE-HEADED BOTTOM U-SHAPED ARROW	
箭头	⮎	ANTICLOCKWISE TRIANGLE-HEADED LEFT U-SHAPED ARROW	
箭头	⮏	ANTICLOCKWISE TRIANGLE-HEADED TOP U-SHAPED ARROW	
箭头	⮔	FOUR CORNER ARROWS CIRCLING ANTICLOCKWISE	
箭头	⮕	RIGHTWARDS BLACK ARROW	
箭头	⮘	THREE-D TOP-LIGHTED LEFTWARDS EQUILATERAL ARROWHEAD	
箭头	⮙	THREE-D RIGHT-LIGHTED UPWARDS EQUILATERAL ARROWHEAD	
箭头	⮚	THREE-D TOP-LIGHTED RIGHTWARDS EQUILATERAL ARROWHEAD	
箭头	⮛	THREE-D LEFT-LIGHTED DOWNWARDS EQUILATERAL ARROWHEAD	
箭头	⮜	BLACK LEFTWARDS EQUILATERAL ARROWHEAD	
箭头	⮝	BLACK UPWARDS EQUILATERAL ARROWHEAD	
箭头	⮞	BLACK RIGHTWARDS EQUILATERAL ARROWHEAD	
箭头	⮟	BLACK DOWNWARDS EQUILATERAL ARROWHEAD	
箭头	⮠	DOWNWARDS TRIANGLE-HEADED ARROW WITH LONG TIP LEFTWARDS	
箭头	⮡	DOWNWARDS TRIANGLE-HEADED ARROW WITH LONG TIP RIGHTWARDS	
箭头	⮢	UPWARDS TRIANGLE-HEADED ARROW WITH LONG TIP LEFTWARDS	
箭头	⮣	UPWARDS TRIANGLE-HEADED ARROW WITH LONG TIP RIGHTWARDS	
箭头	⮤	LEFTWARDS TRIANGLE-HEADED ARROW WITH LONG TIP UPWARDS	
箭头	⮥	RIGHTWARDS TRIANGLE-HEADED ARROW WITH LONG TIP UPWARDS	
箭头	⮦	LEFTWARDS TRIANGLE-HEADED ARROW WITH LONG TIP DOWNWARDS	
箭头	⮧	RIGHTWARDS TRIANGLE-HEADED ARROW WITH LONG TIP DOWNWARDS	
箭头	⮨	BLACK CURVED DOWNWARDS AND LEFTWARDS ARROW	
箭头	⮩	BLACK CURVED DOWNWARDS AND RIGHTWARDS ARROW	
箭头	⮪	BLACK CURVED UPWARDS AND LEFTWARDS ARROW	
箭头	⮫	BLACK CURVED UPWARDS AND RIGHTWARDS ARROW	
箭头	⮬	BLACK CURVED LEFTWARDS AND UPWARDS ARROW	
箭头	⮭	BLACK CURVED RIGHTWARDS AND UPWARDS ARROW	
箭头	⮮	BLACK CURVED LEFTWARDS AND DOWNWARDS ARROW	
箭头	⮯	BLACK CURVED RIGHTWARDS AND DOWNWARDS ARROW	
箭头	⮰	RIBBON ARROW DOWN LEFT	
箭头	⮱	RIBBON ARROW DOWN RIGHT	
箭头	⮲	RIBBON ARROW UP LEFT	
箭头	⮳	RIBBON ARROW UP RIGHT	
箭头	⮴	RIBBON ARROW LEFT UP	
箭头	⮵	RIBBON ARROW RIGHT UP	
箭头	⮶	RIBBON ARROW LEFT DOWN	
箭头	⮷	RIBBON ARROW RIGHT DOWN	
箭头	⮸	UPWARDS WHITE ARROW FROM BAR WITH HORIZONTAL BAR	
箭头	⮹	UP ARROWHEAD IN A RECTANGLE BOX	
箭头	⯬	LEFTWARDS TWO-HEADED ARROW WITH TRIANGLE ARROWHEADS	
箭头	⯭	UPWARDS TWO-HEADED ARROW WITH TRIANGLE ARROWHEADS	
箭头	⯮	RIGHTWARDS TWO-HEADED ARROW WITH TRIANGLE ARROWHEADS	
箭头	⯯	DOWNWARDS TWO-HEADED ARROW WITH TRIANGLE ARROWHEADS	
箭头	🠀	LEFTWARDS ARROW WITH SMALL TRIANGLE ARROWHEAD	
箭头	🠁	UPWARDS ARROW WITH SMALL TRIANGLE ARROWHEAD	
箭头	🠂	RIGHTWARDS ARROW WITH SMALL TRIANGLE ARROWHEAD	
箭头	🠃	DOWNWARDS ARROW WITH SMALL TRIANGLE ARROWHEAD	
箭头	🠄	LEFTWARDS ARROW WITH MEDIUM TRIANGLE ARROWHEAD	
箭头	🠅	UPWARDS ARROW WITH MEDIUM TRIANGLE ARROWHEAD	
箭头	🠆	RIGHTWARDS ARROW WITH MEDIUM TRIANGLE ARROWHEAD	
箭头	🠇	DOWNWARDS ARROW WITH MEDIUM TRIANGLE ARROWHEAD	
箭头	🠈	LEFTWARDS ARROW WITH LARGE TRIANGLE ARROWHEAD	
箭头	🠉	UPWARDS ARROW WITH LARGE TRIANGLE ARROWHEAD	
箭头	🠊	RIGHTWARDS ARROW WITH LARGE TRIANGLE ARROWHEAD	
箭头	🠋	DOWNWARDS ARROW WITH LARGE TRIANGLE ARROWHEAD	
箭头	🠐	LEFTWARDS ARROW WITH SMALL EQUILATERAL ARROWHEAD	
箭头	🠑	UPWARDS ARROW WITH SMALL EQUILATERAL ARROWHEAD	
箭头	🠒	RIGHTWARDS ARROW WITH SMALL EQUILATERAL ARROWHEAD	
箭头	🠓	DOWNWARDS ARROW WITH SMALL EQUILATERAL ARROWHEAD	
箭头	🠔	LEFTWARDS ARROW WITH EQUILATERAL ARROWHEAD	
箭头	🠕	UPWARDS ARROW WITH EQUILATERAL ARROWHEAD	
箭头	🠖	RIGHTWARDS ARROW WITH EQUILATERAL ARROWHEAD	
箭头	🠗	DOWNWARDS ARROW WITH EQUILATERAL ARROWHEAD	
箭头	🠘	HEAVY LEFTWARDS ARROW WITH EQUILATERAL ARROWHEAD	
箭头	🠙	HEAVY UPWARDS ARROW WITH EQUILATERAL ARROWHEAD	
箭头	🠚	HEAVY RIGHTWARDS ARROW WITH EQUILATERAL ARROWHEAD	
箭头	🠛	HEAVY DOWNWARDS ARROW WITH EQUILATERAL ARROWHEAD	
箭头	🠜	HEAVY LEFTWARDS ARROW WITH LARGE EQUILATERAL ARROWHEAD	
箭头	🠝	HEAVY UPWARDS ARROW WITH LARGE EQUILATERAL ARROWHEAD	
箭头	🠞	HEAVY RIGHTWARDS ARROW WITH LARGE EQUILATERAL ARROWHEAD	
箭头	🠟	HEAVY DOWNWARDS ARROW WITH LARGE EQUILATERAL ARROWHEAD	
箭头	🠠	LEFTWARDS TRIANGLE-HEADED ARROW WITH NARROW SHAFT	
箭头	🠡	UPWARDS TRIANGLE-HEADED ARROW WITH NARROW SHAFT	
箭头	🠢	RIGHTWARDS TRIANGLE-HEADED ARROW WITH NARROW SHAFT	
箭头	🠣	DOWNWARDS TRIANGLE-HEADED ARROW WITH NARROW SHAFT	
箭头	🠤	LEFTWARDS TRIANGLE-HEADED ARROW WITH MEDIUM SHAFT	
箭头	🠥	UPWARDS TRIANGLE-HEADED ARROW WITH MEDIUM SHAFT	
箭头	🠦	RIGHTWARDS TRIANGLE-HEADED ARROW WITH MEDIUM SHAFT	
箭头	🠧	DOWNWARDS TRIANGLE-HEADED ARROW WITH MEDIUM SHAFT	
箭头	🠨	LEFTWARDS TRIANGLE-HEADED ARROW WITH BOLD SHAFT	
箭头	🠩	UPWARDS TRIANGLE-HEADED ARROW WITH BOLD SHAFT	
箭头	🠪	RIGHTWARDS TRIANGLE-HEADED ARROW WITH BOLD SHAFT	
箭头	🠫	DOWNWARDS TRIANGLE-HEADED ARROW WITH BOLD SHAFT	
箭头	🠬	LEFTWARDS TRIANGLE-HEADED ARROW WITH HEAVY SHAFT	
箭头	🠭	UPWARDS TRIANGLE-HEADED ARROW WITH HEAVY SHAFT	
箭头	🠮	RIGHTWARDS TRIANGLE-HEADED ARROW WITH HEAVY SHAFT	
箭头	🠯	DOWNWARDS TRIANGLE-HEADED ARROW WITH HEAVY SHAFT	
箭头	🠰	LEFTWARDS TRIANGLE-HEADED ARROW WITH VERY HEAVY SHAFT	
箭头	🠱	UPWARDS TRIANGLE-HEADED ARROW WITH VERY HEAVY SHAFT	
箭头	🠲	RIGHTWARDS TRIANGLE-HEADED ARROW WITH VERY HEAVY SHAFT	
箭头	🠳	DOWNWARDS TRIANGLE-HEADED ARROW WITH VERY HEAVY SHAFT	
箭头	🠴	LEFTWARDS FINGER-POST ARROW	
箭头	🠵	UPWARDS FINGER-POST ARROW	
箭头	🠶	RIGHTWARDS FINGER-POST ARROW	
箭头	🠷	DOWNWARDS FINGER-POST ARROW	
箭头	🠸	LEFTWARDS SQUARED ARROW	
箭头	🠹	UPWARDS SQUARED ARROW	
箭头	🠺	RIGHTWARDS SQUARED ARROW	
箭头	🠻	DOWNWARDS SQUARED ARROW	
箭头	🠼	LEFTWARDS COMPRESSED ARROW	
箭头	🠽	UPWARDS COMPRESSED ARROW	
箭头	🠾	RIGHTWARDS COMPRESSED ARROW	
箭头	🠿	DOWNWARDS COMPRESSED ARROW	
箭头	🡀	LEFTWARDS HEAVY COMPRESSED ARROW	
箭头	🡁	UPWARDS HEAVY COMPRESSED ARROW	
箭头	🡂	RIGHTWARDS HEAVY COMPRESSED ARROW	
箭头	🡃	DOWNWARDS HEAVY COMPRESSED ARROW	
箭头	🡄	LEFTWARDS HEAVY ARROW	
箭头	🡅	UPWARDS HEAVY ARROW	
箭头	🡆	RIGHTWARDS HEAVY ARROW	
箭头	🡇	DOWNWARDS HEAVY ARROW	
箭头	🡐	LEFTWARDS SANS-SERIF ARROW	
箭头	🡑	UPWARDS SANS-SERIF ARROW	
箭头	🡒	RIGHTWARDS SANS-SERIF ARROW	
箭头	🡓	DOWNWARDS SANS-SERIF ARROW	
箭头	🡔	NORTH WEST SANS-SERIF ARROW	
箭头	🡕	NORTH EAST SANS-SERIF ARROW	
箭头	🡖	SOUTH EAST SANS-SERIF ARROW	
箭头	🡗	SOUTH WEST SANS-SERIF ARROW	
箭头	🡘	LEFT RIGHT SANS-SERIF ARROW	
箭头	🡙	UP DOWN SANS-SERIF ARROW	
箭头	🡠	WIDE-HEADED LEFTWARDS LIGHT BARB ARROW	
箭头	🡡	WIDE-HEADED UPWARDS LIGHT BARB ARROW	
箭头	🡢	WIDE-HEADED RIGHTWARDS LIGHT BARB ARROW	
箭头	🡣	WIDE-HEADED DOWNWARDS LIGHT BARB ARROW	
箭头	🡤	WIDE-HEADED NORTH WEST LIGHT BARB ARROW	
箭头	🡥	WIDE-HEADED NORTH EAST LIGHT BARB ARROW	
箭头	🡦	WIDE-HEADED SOUTH EAST LIGHT BARB ARROW	
箭头	🡧	WIDE-HEADED SOUTH WEST LIGHT BARB ARROW	
箭头	🡨	WIDE-HEADED LEFTWARDS BARB ARROW	
箭头	🡩	WIDE-HEADED UPWARDS BARB ARROW	
箭头	🡪	WIDE-HEADED RIGHTWARDS BARB ARROW	
箭头	🡫	WIDE-HEADED DOWNWARDS BARB ARROW	
箭头	🡬	WIDE-HEADED NORTH WEST BARB ARROW	
箭头	🡭	WIDE-HEADED NORTH EAST BARB ARROW	
箭头	🡮	WIDE-HEADED SOUTH EAST BARB ARROW	
箭头	🡯	WIDE-HEADED SOUTH WEST BARB ARROW	
箭头	🡰	WIDE-HEADED LEFTWARDS MEDIUM BARB ARROW	
箭头	🡱	WIDE-HEADED UPWARDS MEDIUM BARB ARROW	
箭头	🡲	WIDE-HEADED RIGHTWARDS MEDIUM BARB ARROW	
箭头	🡳	WIDE-HEADED DOWNWARDS MEDIUM BARB ARROW	
箭头	🡴	WIDE-HEADED NORTH WEST MEDIUM BARB ARROW	
箭头	🡵	WIDE-HEADED NORTH EAST MEDIUM BARB ARROW	
箭头	🡶	WIDE-HEADED SOUTH EAST MEDIUM BARB ARROW	
箭头	🡷	WIDE-HEADED SOUTH WEST MEDIUM BARB ARROW	
箭头	🡸	WIDE-HEADED LEFTWARDS HEAVY BARB ARROW	
箭头	🡹	WIDE-HEADED UPWARDS HEAVY BARB ARROW	
箭头	🡺	WIDE-HEADED RIGHTWARDS HEAVY BARB ARROW	
箭头	🡻	WIDE-HEADED DOWNWARDS HEAVY BARB ARROW	
箭头	🡼	WIDE-HEADED NORTH WEST HEAVY BARB ARROW	
箭头	🡽	WIDE-HEADED NORTH EAST HEAVY BARB ARROW	
箭头	🡾	WIDE-HEADED SOUTH EAST HEAVY BARB ARROW	
箭头	🡿	WIDE-HEADED SOUTH WEST HEAVY BARB ARROW	
箭头	🢀	WIDE-HEADED LEFTWARDS VERY HEAVY BARB ARROW	
箭头	🢁	WIDE-HEADED UPWARDS VERY HEAVY BARB ARROW	
箭头	🢂	WIDE-HEADED RIGHTWARDS VERY HEAVY BARB ARROW	
箭头	🢃	WIDE-HEADED DOWNWARDS VERY HEAVY BARB ARROW	
箭头	🢄	WIDE-HEADED NORTH WEST VERY HEAVY BARB ARROW	
箭头	🢅	WIDE-HEADED NORTH EAST VERY HEAVY BARB ARROW	
箭头	🢆	WIDE-HEADED SOUTH EAST VERY HEAVY BARB ARROW	
箭头	🢇	WIDE-HEADED SOUTH WEST VERY HEAVY BARB ARROW	
箭头	🢐	LEFTWARDS TRIANGLE ARROWHEAD	
箭头	🢑	UPWARDS TRIANGLE ARROWHEAD	
箭头	🢒	RIGHTWARDS TRIANGLE ARROWHEAD	
箭头	🢓	DOWNWARDS TRIANGLE ARROWHEAD	
箭头	🢔	LEFTWARDS WHITE ARROW WITHIN TRIANGLE ARROWHEAD	
箭头	🢕	UPWARDS WHITE ARROW WITHIN TRIANGLE ARROWHEAD	
箭头	🢖	RIGHTWARDS WHITE ARROW WITHIN TRIANGLE ARROWHEAD	
箭头	🢗	DOWNWARDS WHITE ARROW WITHIN TRIANGLE ARROWHEAD	
箭头	🢘	LEFTWARDS ARROW WITH NOTCHED TAIL	
箭头	🢙	UPWARDS ARROW WITH NOTCHED TAIL	
箭头	🢚	RIGHTWARDS ARROW WITH NOTCHED TAIL	
箭头	🢛	DOWNWARDS ARROW WITH NOTCHED TAIL	
箭头	🢜	HEAVY ARROW SHAFT WIDTH ONE	
箭头	🢝	HEAVY ARROW SHAFT WIDTH TWO THIRDS	
箭头	🢞	HEAVY ARROW SHAFT WIDTH ONE HALF	
箭头	🢟	HEAVY ARROW SHAFT WIDTH ONE THIRD	
箭头	🢠	LEFTWARDS BOTTOM-SHADED WHITE ARROW	
箭头	🢡	RIGHTWARDS BOTTOM SHADED WHITE ARROW	
箭头	🢢	LEFTWARDS TOP SHADED WHITE ARROW	
箭头	🢣	RIGHTWARDS TOP SHADED WHITE ARROW	
箭头	🢤	LEFTWARDS LEFT-SHADED WHITE ARROW	
箭头	🢥	RIGHTWARDS RIGHT-SHADED WHITE ARROW	
箭头	🢦	LEFTWARDS RIGHT-SHADED WHITE ARROW	
箭头	🢧	RIGHTWARDS LEFT-SHADED WHITE ARROW	
箭头	🢨	LEFTWARDS BACK-TILTED SHADOWED WHITE ARROW	
箭头	🢩	RIGHTWARDS BACK-TILTED SHADOWED WHITE ARROW	
箭头	🢪	LEFTWARDS FRONT-TILTED SHADOWED WHITE ARROW	
箭头	🢫	RIGHTWARDS FRONT-TILTED SHADOWED WHITE ARROW	
箭头	🢬	WHITE ARROW SHAFT WIDTH ONE	
箭头	🢭	WHITE ARROW SHAFT WIDTH TWO THIRDS	
箭头	🢰	ARROW POINTING UPWARDS THEN NORTH WEST	
箭头	🢱	ARROW POINTING RIGHTWARDS THEN CURVING SOUTH WEST	
希腊字母	Α	大写阿尔法	alpha aerfa
希腊字母	α	阿尔法	alpha aerfa 小写阿尔法 alpha aerfa
希腊字母	Β	大写贝塔	beta beita
希腊字母	β	贝塔	beta beita 小写贝塔 beta beita
希腊字母	Γ	大写伽马	gamma gama
希腊字母	γ	伽马	gamma gama 小写伽马 gamma gama
希腊字母	Δ	大写德尔塔 增量	delta zengliang 大写德尔塔 delta deerta
希腊字母	δ	德尔塔	delta deer ta 小写德尔塔 delta deerta
希腊字母	Ε	大写艾普西隆	epsilon
希腊字母	ε	艾普西隆	epsilon 小写艾普西隆 epsilon
希腊字母	Ζ	大写泽塔	zeta zeta
希腊字母	ζ	小写泽塔	zeta zeta
希腊字母	Η	大写伊塔	eta yita
希腊字母	η	小写伊塔	eta yita
希腊字母	Θ	大写西塔	theta xita
希腊字母	θ	西塔	theta xita 小写西塔 theta xita
希腊字母	Ι	大写约塔	iota yueta
希腊字母	ι	小写约塔	iota yueta
希腊字母	Κ	大写卡帕	kappa kapa
希腊字母	κ	小写卡帕	kappa kapa
希腊字母	Λ	大写拉姆达	lambda lamuda
希腊字母	λ	拉姆达	lambda lamuda 小写拉姆达 lambda lamuda
希腊字母	Μ	大写缪	mu miu
希腊字母	μ	微 小写缪	wei mu miu 小写缪 mu miu
希腊字母	Ν	大写纽	nu niu
希腊字母	ν	小写纽	nu niu
希腊字母	Ξ	大写克西	xi kexi
希腊字母	ξ	小写克西	xi kexi
希腊字母	Ο	大写奥密克戎	omicron aomikerong
希腊字母	ο	小写奥密克戎	omicron aomikerong
希腊字母	Π	大写派 圆周率	pi pai yuanzhoulv
希腊字母	π	圆周率 派	pi yuanzhoulv 小写派 圆周率 pi pai yuanzhoulv
希腊字母	Ρ	大写柔	rho rou
希腊字母	ρ	小写柔	rho rou
希腊字母	Σ	大写西格玛	sigma xigema
希腊字母	σ	西格玛	sigma xigema 小写西格玛 sigma xigema
希腊字母	ς	小写西格玛	sigma xigema
希腊字母	Τ	大写陶	tau tao
希腊字母	τ	小写陶	tau tao
希腊字母	Υ	大写宇普西隆	upsilon
希腊字母	υ	小写宇普西隆	upsilon
希腊字母	Φ	大写斐	phi fei
希腊字母	φ	斐	phi fei 小写斐 phi fei
希腊字母	ϕ	小写斐	phi fei
希腊字母	Χ	大写希	chi xi
希腊字母	χ	小写希	chi xi
希腊字母	Ψ	大写普西	psi puxi
希腊字母	ψ	小写普西	psi puxi
希腊字母	Ω	欧姆 大写欧米伽	oumu omega omeiga 大写欧米伽 欧姆 omega omeiga oumu
希腊字母	ω	欧米伽	omega omeiga 小写欧米伽 欧姆 omega omeiga oumu
希腊字母	Ͱ	GREEK CAPITAL LETTER HETA	
希腊字母	ͱ	GREEK SMALL LETTER HETA	
希腊字母	Ͳ	GREEK CAPITAL LETTER ARCHAIC SAMPI	
希腊字母	ͳ	GREEK SMALL LETTER ARCHAIC SAMPI	
希腊字母	ʹ	GREEK NUMERAL SIGN	
希腊字母	͵	GREEK LOWER NUMERAL SIGN	
希腊字母	Ͷ	GREEK CAPITAL LETTER PAMPHYLIAN DIGAMMA	
希腊字母	ͷ	GREEK SMALL LETTER PAMPHYLIAN DIGAMMA	
希腊字母	ͺ	GREEK YPOGEGRAMMENI	
希腊字母	ͻ	GREEK SMALL REVERSED LUNATE SIGMA SYMBOL	
希腊字母	ͼ	GREEK SMALL DOTTED LUNATE SIGMA SYMBOL	
希腊字母	ͽ	GREEK SMALL REVERSED DOTTED LUNATE SIGMA SYMBOL	
希腊字母	;	GREEK QUESTION MARK	
希腊字母	Ϳ	GREEK CAPITAL LETTER YOT	
希腊字母	΄	GREEK TONOS	
希腊字母	΅	GREEK DIALYTIKA TONOS	
希腊字母	Ά	GREEK CAPITAL LETTER ALPHA WITH TONOS	
希腊字母	·	GREEK ANO TELEIA	
希腊字母	Έ	GREEK CAPITAL LETTER EPSILON WITH TONOS	
希腊字母	Ή	GREEK CAPITAL LETTER ETA WITH TONOS	
希腊字母	Ί	GREEK CAPITAL LETTER IOTA WITH TONOS	
希腊字母	Ό	GREEK CAPITAL LETTER OMICRON WITH TONOS	
希腊字母	Ύ	GREEK CAPITAL LETTER UPSILON WITH TONOS	
希腊字母	Ώ	GREEK CAPITAL LETTER OMEGA WITH TONOS	
希腊字母	ΐ	GREEK SMALL LETTER IOTA WITH DIALYTIKA AND TONOS	
希腊字母	Ϊ	GREEK CAPITAL LETTER IOTA WITH DIALYTIKA	
希腊字母	Ϋ	GREEK CAPITAL LETTER UPSILON WITH DIALYTIKA	
希腊字母	ά	GREEK SMALL LETTER ALPHA WITH TONOS	
希腊字母	έ	GREEK SMALL LETTER EPSILON WITH TONOS	
希腊字母	ή	GREEK SMALL LETTER ETA WITH TONOS	
希腊字母	ί	GREEK SMALL LETTER IOTA WITH TONOS	
希腊字母	ΰ	GREEK SMALL LETTER UPSILON WITH DIALYTIKA AND TONOS	
希腊字母	ϊ	GREEK SMALL LETTER IOTA WITH DIALYTIKA	
希腊字母	ϋ	GREEK SMALL LETTER UPSILON WITH DIALYTIKA	
希腊字母	ό	GREEK SMALL LETTER OMICRON WITH TONOS	
希腊字母	ύ	GREEK SMALL LETTER UPSILON WITH TONOS	
希腊字母	ώ	GREEK SMALL LETTER OMEGA WITH TONOS	
希腊字母	Ϗ	GREEK CAPITAL KAI SYMBOL	
希腊字母	ϐ	GREEK BETA SYMBOL	
希腊字母	ϑ	GREEK THETA SYMBOL	
希腊字母	ϒ	GREEK UPSILON WITH HOOK SYMBOL	
希腊字母	ϓ	GREEK UPSILON WITH ACUTE AND HOOK SYMBOL	
希腊字母	ϔ	GREEK UPSILON WITH DIAERESIS AND HOOK SYMBOL	
希腊字母	ϖ	GREEK PI SYMBOL	
希腊字母	ϗ	GREEK KAI SYMBOL	
希腊字母	Ϙ	GREEK LETTER ARCHAIC KOPPA	
希腊字母	ϙ	GREEK SMALL LETTER ARCHAIC KOPPA	
希腊字母	Ϛ	GREEK LETTER STIGMA	
希腊字母	ϛ	GREEK SMALL LETTER STIGMA	
希腊字母	Ϝ	GREEK LETTER DIGAMMA	
希腊字母	ϝ	GREEK SMALL LETTER DIGAMMA	
希腊字母	Ϟ	GREEK LETTER KOPPA	
希腊字母	ϟ	GREEK SMALL LETTER KOPPA	
希腊字母	Ϡ	GREEK LETTER SAMPI	
希腊字母	ϡ	GREEK SMALL LETTER SAMPI	
希腊字母	ϰ	GREEK KAPPA SYMBOL	
希腊字母	ϱ	GREEK RHO SYMBOL	
希腊字母	ϲ	GREEK LUNATE SIGMA SYMBOL	
希腊字母	ϳ	GREEK LETTER YOT	
希腊字母	ϴ	GREEK CAPITAL THETA SYMBOL	
希腊字母	ϵ	GREEK LUNATE EPSILON SYMBOL	
希腊字母	϶	GREEK REVERSED LUNATE EPSILON SYMBOL	
希腊字母	Ϸ	GREEK CAPITAL LETTER SHO	
希腊字母	ϸ	GREEK SMALL LETTER SHO	
希腊字母	Ϲ	GREEK CAPITAL LUNATE SIGMA SYMBOL	
希腊字母	Ϻ	GREEK CAPITAL LETTER SAN	
希腊字母	ϻ	GREEK SMALL LETTER SAN	
希腊字母	ϼ	GREEK RHO WITH STROKE SYMBOL	
希腊字母	Ͻ	GREEK CAPITAL REVERSED LUNATE SIGMA SYMBOL	
希腊字母	Ͼ	GREEK CAPITAL DOTTED LUNATE SIGMA SYMBOL	
希腊字母	Ͽ	GREEK CAPITAL REVERSED DOTTED LUNATE SIGMA SYMBOL	
物理单位	℃	摄氏度	sheshidu celsius DEGREE CELSIUS
物理单位	℉	华氏度	huashidu fahrenheit DEGREE FAHRENHEIT
物理单位	°	度	du degree DEGREE SIGN
物理单位	′	PRIME	
物理单位	″	DOUBLE PRIME	
物理单位	K	KELVIN SIGN	
物理单位	Ω	欧姆 大写欧米伽	oumu omega omeiga GREEK CAPITAL LETTER OMEGA
物理单位	Ω	OHM SIGN	
物理单位	℧	INVERTED OHM SIGN	
物理单位	µ	MICRO SIGN	
物理单位	μ	微 小写缪	wei mu miu GREEK SMALL LETTER MU
物理单位	Å	LATIN CAPITAL LETTER A WITH RING ABOVE	
物理单位	Å	ANGSTROM SIGN	
物理单位	ℓ	SCRIPT SMALL L	
物理单位	ℏ	PLANCK CONSTANT OVER TWO PI	
物理单位	ℎ	PLANCK CONSTANT	
物理单位	‰	千分号	qianfenhao PER MILLE SIGN
物理单位	‱	万分号	wanfenhao PER TEN THOUSAND SIGN
物理单位	㏑	SQUARE LN	
物理单位	㏒	SQUARE LOG	
物理单位	㏕	SQUARE MIL	
物理单位	㎎	SQUARE MG	
物理单位	㎏	SQUARE KG	
物理单位	㎜	SQUARE MM	
物理单位	㎝	SQUARE CM	
物理单位	㎞	SQUARE KM	
物理单位	㎟	SQUARE MM SQUARED	
物理单位	㎠	SQUARE CM SQUARED	
物理单位	㎡	平方米	pingfangmi SQUARE M SQUARED
物理单位	㎢	SQUARE KM SQUARED	
物理单位	㎣	SQUARE MM CUBED	
物理单位	㎤	SQUARE CM CUBED	
物理单位	㎥	SQUARE M CUBED	
物理单位	㎦	SQUARE KM CUBED	
物理单位	㎖	SQUARE ML	
物理单位	㎗	SQUARE DL	
物理单位	㎘	SQUARE KL	
物理单位	㎧	SQUARE M OVER S	
物理单位	㎨	SQUARE M OVER S SQUARED	
物理单位	㎩	SQUARE PA	
物理单位	㎪	SQUARE KPA	
物理单位	㎫	SQUARE MPA	
物理单位	㎬	SQUARE GPA	
物理单位	㎐	SQUARE HZ	
物理单位	㎑	SQUARE KHZ	
物理单位	㎒	SQUARE MHZ	
物理单位	㎓	SQUARE GHZ	
物理单位	㎔	SQUARE THZ	
物理单位	㎕	SQUARE MU L	
物理单位	㎛	SQUARE MU M	
物理单位	㎭	SQUARE RAD	
物理单位	㎮	SQUARE RAD OVER S	
物理单位	㎯	SQUARE RAD OVER S SQUARED	
物理单位	㍱	SQUARE HPA	
物理单位	㍲	SQUARE DA	
物理单位	㍳	SQUARE AU	
物理单位	㍴	SQUARE BAR	
物理单位	㍵	SQUARE OV	
物理单位	㍶	SQUARE PC	
物理单位	m/s	米每秒	
物理单位	m/s²	加速度 米每二次方秒	
物理单位	N·m	力矩 牛顿米	
物理单位	J/(mol·K)	摩尔气体常数单位	
物理单位	W/(m·K)	热导率单位	
物理单位	kg/m³	密度 千克每立方米	
物理单位	kWh	千瓦时	
物理单位	mol/L	摩尔每升	
物理单位	㌀	SQUARE APAATO	
物理单位	㌁	SQUARE ARUHUA	
物理单位	㌂	SQUARE ANPEA	
物理单位	㌃	SQUARE AARU	
物理单位	㌄	SQUARE ININGU	
物理单位	㌅	SQUARE INTI	
物理单位	㌆	SQUARE UON	
物理单位	㌇	SQUARE ESUKUUDO	
物理单位	㌈	SQUARE EEKAA	
物理单位	㌉	SQUARE ONSU	
物理单位	㌊	SQUARE OOMU	
物理单位	㌋	SQUARE KAIRI	
物理单位	㌌	SQUARE KARATTO	
物理单位	㌍	SQUARE KARORII	
物理单位	㌎	SQUARE GARON	
物理单位	㌏	SQUARE GANMA	
物理单位	㌐	SQUARE GIGA	
物理单位	㌑	SQUARE GINII	
物理单位	㌒	SQUARE KYURII	
物理单位	㌓	SQUARE GIRUDAA	
物理单位	㌔	SQUARE KIRO	
物理单位	㌕	SQUARE KIROGURAMU	
物理单位	㌖	SQUARE KIROMEETORU	
物理单位	㌗	SQUARE KIROWATTO	
物理单位	㌘	SQUARE GURAMU	
物理单位	㌙	SQUARE GURAMUTON	
物理单位	㌚	SQUARE KURUZEIRO	
物理单位	㌛	SQUARE KUROONE	
物理单位	㌜	SQUARE KEESU	
物理单位	㌝	SQUARE KORUNA	
物理单位	㌞	SQUARE KOOPO	
物理单位	㌟	SQUARE SAIKURU	
物理单位	㌠	SQUARE SANTIIMU	
物理单位	㌡	SQUARE SIRINGU	
物理单位	㌢	SQUARE SENTI	
物理单位	㌣	SQUARE SENTO	
物理单位	㌤	SQUARE DAASU	
物理单位	㌥	SQUARE DESI	
物理单位	㌦	SQUARE DORU	
物理单位	㌧	SQUARE TON	
物理单位	㌨	SQUARE NANO	
物理单位	㌩	SQUARE NOTTO	
物理单位	㌪	SQUARE HAITU	
物理单位	㌫	SQUARE PAASENTO	
物理单位	㌬	SQUARE PAATU	
物理单位	㌭	SQUARE BAARERU	
物理单位	㌮	SQUARE PIASUTORU	
物理单位	㌯	SQUARE PIKURU	
物理单位	㌰	SQUARE PIKO	
物理单位	㌱	SQUARE BIRU	
物理单位	㌲	SQUARE HUARADDO	
物理单位	㌳	SQUARE HUIITO	
物理单位	㌴	SQUARE BUSSYERU	
物理单位	㌵	SQUARE HURAN	
物理单位	㌶	SQUARE HEKUTAARU	
物理单位	㌷	SQUARE PESO	
物理单位	㌸	SQUARE PENIHI	
物理单位	㌹	SQUARE HERUTU	
物理单位	㌺	SQUARE PENSU	
物理单位	㌻	SQUARE PEEZI	
物理单位	㌼	SQUARE BEETA	
物理单位	㌽	SQUARE POINTO	
物理单位	㌾	SQUARE BORUTO	
物理单位	㌿	SQUARE HON	
物理单位	㍀	SQUARE PONDO	
物理单位	㍁	SQUARE HOORU	
物理单位	㍂	SQUARE HOON	
物理单位	㍃	SQUARE MAIKURO	
物理单位	㍄	SQUARE MAIRU	
物理单位	㍅	SQUARE MAHHA	
物理单位	㍆	SQUARE MARUKU	
物理单位	㍇	SQUARE MANSYON	
物理单位	㍈	SQUARE MIKURON	
物理单位	㍉	SQUARE MIRI	
物理单位	㍊	SQUARE MIRIBAARU	
物理单位	㍋	SQUARE MEGA	
物理单位	㍌	SQUARE MEGATON	
物理单位	㍍	SQUARE MEETORU	
物理单位	㍎	SQUARE YAADO	
物理单位	㍏	SQUARE YAARU	
物理单位	㍐	SQUARE YUAN	
物理单位	㍑	SQUARE RITTORU	
物理单位	㍒	SQUARE RIRA	
物理单位	㍓	SQUARE RUPII	
物理单位	㍔	SQUARE RUUBURU	
物理单位	㍕	SQUARE REMU	
物理单位	㍖	SQUARE RENTOGEN	
物理单位	㍗	SQUARE WATTO	
物理单位	㍷	SQUARE DM	
物理单位	㍸	SQUARE DM SQUARED	
物理单位	㍹	SQUARE DM CUBED	
物理单位	㍺	SQUARE IU	
物理单位	㍻	SQUARE ERA NAME HEISEI	
物理单位	㍼	SQUARE ERA NAME SYOUWA	
物理单位	㍽	SQUARE ERA NAME TAISYOU	
物理单位	㍾	SQUARE ERA NAME MEIZI	
物理单位	㍿	SQUARE CORPORATION	
物理单位	㎀	SQUARE PA AMPS	
物理单位	㎁	SQUARE NA	
物理单位	㎂	SQUARE MU A	
物理单位	㎃	SQUARE MA	
物理单位	㎄	SQUARE KA	
物理单位	㎅	SQUARE KB	
物理单位	㎆	SQUARE MB	
物理单位	㎇	SQUARE GB	
物理单位	㎈	SQUARE CAL	
物理单位	㎉	SQUARE KCAL	
物理单位	㎊	SQUARE PF	
物理单位	㎋	SQUARE NF	
物理单位	㎌	SQUARE MU F	
物理单位	㎍	SQUARE MU G	
物理单位	㎙	SQUARE FM	
物理单位	㎚	SQUARE NM	
物理单位	㎰	SQUARE PS	
物理单位	㎱	SQUARE NS	
物理单位	㎲	SQUARE MU S	
物理单位	㎳	SQUARE MS	
物理单位	㎴	SQUARE PV	
物理单位	㎵	SQUARE NV	
物理单位	㎶	SQUARE MU V	
物理单位	㎷	SQUARE MV	
物理单位	㎸	SQUARE KV	
物理单位	㎹	SQUARE MV MEGA	
物理单位	㎺	SQUARE PW	
物理单位	㎻	SQUARE NW	
物理单位	㎼	SQUARE MU W	
物理单位	㎽	SQUARE MW	
物理单位	㎾	SQUARE KW	
物理单位	㎿	SQUARE MW MEGA	
物理单位	㏀	SQUARE K OHM	
物理单位	㏁	SQUARE M OHM	
物理单位	㏂	SQUARE AM	
物理单位	㏃	SQUARE BQ	
物理单位	㏄	SQUARE CC	
物理单位	㏅	SQUARE CD	
物理单位	㏆	SQUARE C OVER KG	
物理单位	㏇	SQUARE CO	
物理单位	㏈	SQUARE DB	
物理单位	㏉	SQUARE GY	
物理单位	㏊	SQUARE HA	
物理单位	㏋	SQUARE HP	
物理单位	㏌	SQUARE IN	
物理单位	㏍	SQUARE KK	
物理单位	㏎	SQUARE KM CAPITAL	
物理单位	㏏	SQUARE KT	
物理单位	㏐	SQUARE LM	
物理单位	㏓	SQUARE LX	
物理单位	㏔	SQUARE MB SMALL	
物理单位	㏖	SQUARE MOL	
物理单位	㏗	SQUARE PH	
物理单位	㏘	SQUARE PM	
物理单位	㏙	SQUARE PPM	
物理单位	㏚	SQUARE PR	
物理单位	㏛	SQUARE SR	
物理单位	㏜	SQUARE SV	
物理单位	㏝	SQUARE WB	
物理单位	㏞	SQUARE V OVER M	
物理单位	㏟	SQUARE A OVER M	
物理单位	㏿	SQUARE GAL	
化学	H₂O	水	
化学	CO₂	二氧化碳	
化学	O₂	氧气	
化学	H₂	氢气	
化学	N₂	氮气	
化学	O₃	臭氧	
化学	NH₃	氨	
化学	CH₄	甲烷	
化学	H₂SO₄	硫酸	
化学	HNO₃	硝酸	
化学	HCl	盐酸 氯化氢	
化学	NaOH	氢氧化钠	
化学	Ca(OH)₂	氢氧化钙	
化学	CaCO₃	碳酸钙	
化学	Na₂CO₃	碳酸钠	
化学	NaHCO₃	碳酸氢钠	
化学	NaCl	氯化钠	
化学	KMnO₄	高锰酸钾	
化学	C₂H₅OH	乙醇	
化学	CH₃COOH	乙酸	
化学	C₆H₁₂O₆	葡萄糖	
化学	H⁺	氢离子	
化学	OH⁻	氢氧根离子	
化学	NH₄⁺	铵根离子	
化学	SO₄²⁻	硫酸根离子	
化学	CO₃²⁻	碳酸根离子	
化学	NO₃⁻	硝酸根离子	
化学	PO₄³⁻	磷酸根离子	
化学	Fe²⁺	亚铁离子	
化学	Fe³⁺	铁离子	
化学	Cu²⁺	铜离子	
化学	Ca²⁺	钙离子	
化学	e⁻	电子	
化学	⇌	可逆反应 化学平衡	kenifanying 可逆反应 化学平衡
化学	→	右箭头	youjiantou arrow 反应生成
化学	↑	上箭头	shangjiantou 气体生成
化学	↓	下箭头	xiajiantou 沉淀
化学	Δ	大写德尔塔 增量	delta zengliang 加热
化学	°	度	du degree 标准态
化学	₍s₎	固态	
化学	₍l₎	液态	
化学	₍g₎	气态	
上标下标	⁰	SUPERSCRIPT ZERO	
上标下标	¹	SUPERSCRIPT ONE	
上标下标	²	平方 上标二	pingfang shangbiao SUPERSCRIPT TWO
上标下标	³	立方 上标三	lifang shangbiao SUPERSCRIPT THREE
上标下标	⁴	SUPERSCRIPT FOUR	
上标下标	⁵	SUPERSCRIPT FIVE	
上标下标	⁶	SUPERSCRIPT SIX	
上标下标	⁷	SUPERSCRIPT SEVEN	
上标下标	⁸	SUPERSCRIPT EIGHT	
上标下标	⁹	SUPERSCRIPT NINE	
上标下标	⁺	SUPERSCRIPT PLUS SIGN	
上标下标	⁻	SUPERSCRIPT MINUS	
上标下标	⁼	SUPERSCRIPT EQUALS SIGN	
上标下标	⁽	SUPERSCRIPT LEFT PARENTHESIS	
上标下标	⁾	SUPERSCRIPT RIGHT PARENTHESIS	
上标下标	ⁿ	SUPERSCRIPT LATIN SMALL LETTER N	
上标下标	ⁱ	SUPERSCRIPT LATIN SMALL LETTER I	
上标下标	₀	SUBSCRIPT ZERO	
上标下标	₁	SUBSCRIPT ONE	
上标下标	₂	下标二	xiabiao SUBSCRIPT TWO
上标下标	₃	下标三	xiabiao SUBSCRIPT THREE
上标下标	₄	SUBSCRIPT FOUR	
上标下标	₅	SUBSCRIPT FIVE	
上标下标	₆	SUBSCRIPT SIX	
上标下标	₇	SUBSCRIPT SEVEN	
上标下标	₈	SUBSCRIPT EIGHT	
上标下标	₉	SUBSCRIPT NINE	
上标下标	₊	SUBSCRIPT PLUS SIGN	
上标下标	₋	SUBSCRIPT MINUS	
上标下标	₌	SUBSCRIPT EQUALS SIGN	
上标下标	₍	SUBSCRIPT LEFT PARENTHESIS	
上标下标	₎	SUBSCRIPT RIGHT PARENTHESIS	
上标下标	ₐ	LATIN SUBSCRIPT SMALL LETTER A	
上标下标	ₑ	LATIN SUBSCRIPT SMALL LETTER E	
上标下标	ₒ	LATIN SUBSCRIPT SMALL LETTER O	
上标下标	ₓ	LATIN SUBSCRIPT SMALL LETTER X	
上标下标	ₕ	LATIN SUBSCRIPT SMALL LETTER H	
上标下标	ₖ	LATIN SUBSCRIPT SMALL LETTER K	
上标下标	ₗ	LATIN SUBSCRIPT SMALL LETTER L	
上标下标	ₘ	LATIN SUBSCRIPT SMALL LETTER M	
上标下标	ₙ	LATIN SUBSCRIPT SMALL LETTER N	
上标下标	ₚ	LATIN SUBSCRIPT SMALL LETTER P	
上标下标	ₛ	LATIN SUBSCRIPT SMALL LETTER S	
上标下标	ₜ	LATIN SUBSCRIPT SMALL LETTER T	
上标下标	ₔ	LATIN SUBSCRIPT SMALL LETTER SCHWA	
数字序号	⅐	VULGAR FRACTION ONE SEVENTH	
数字序号	⅑	VULGAR FRACTION ONE NINTH	
数字序号	⅒	VULGAR FRACTION ONE TENTH	
数字序号	⅓	VULGAR FRACTION ONE THIRD	
数字序号	⅔	VULGAR FRACTION TWO THIRDS	
数字序号	⅕	VULGAR FRACTION ONE FIFTH	
数字序号	⅖	VULGAR FRACTION TWO FIFTHS	
数字序号	⅗	VULGAR FRACTION THREE FIFTHS	
数字序号	⅘	VULGAR FRACTION FOUR FIFTHS	
数字序号	⅙	VULGAR FRACTION ONE SIXTH	
数字序号	⅚	VULGAR FRACTION FIVE SIXTHS	
数字序号	⅛	VULGAR FRACTION ONE EIGHTH	
数字序号	⅜	VULGAR FRACTION THREE EIGHTHS	
数字序号	⅝	VULGAR FRACTION FIVE EIGHTHS	
数字序号	⅞	VULGAR FRACTION SEVEN EIGHTHS	
数字序号	⅟	FRACTION NUMERATOR ONE	
数字序号	Ⅰ	ROMAN NUMERAL ONE	
数字序号	Ⅱ	ROMAN NUMERAL TWO	
数字序号	Ⅲ	ROMAN NUMERAL THREE	
数字序号	Ⅳ	ROMAN NUMERAL FOUR	
数字序号	Ⅴ	ROMAN NUMERAL FIVE	
数字序号	Ⅵ	ROMAN NUMERAL SIX	
数字序号	Ⅶ	ROMAN NUMERAL SEVEN	
数字序号	Ⅷ	ROMAN NUMERAL EIGHT	
数字序号	Ⅸ	ROMAN NUMERAL NINE	
数字序号	Ⅹ	ROMAN NUMERAL TEN	
数字序号	Ⅺ	ROMAN NUMERAL ELEVEN	
数字序号	Ⅻ	ROMAN NUMERAL TWELVE	
数字序号	Ⅼ	ROMAN NUMERAL FIFTY	
数字序号	Ⅽ	ROMAN NUMERAL ONE HUNDRED	
数字序号	Ⅾ	ROMAN NUMERAL FIVE HUNDRED	
数字序号	Ⅿ	ROMAN NUMERAL ONE THOUSAND	
数字序号	ⅰ	SMALL ROMAN NUMERAL ONE	
数字序号	ⅱ	SMALL ROMAN NUMERAL TWO	
数字序号	ⅲ	SMALL ROMAN NUMERAL THREE	
数字序号	ⅳ	SMALL ROMAN NUMERAL FOUR	
数字序号	ⅴ	SMALL ROMAN NUMERAL FIVE	
数字序号	ⅵ	SMALL ROMAN NUMERAL SIX	
数字序号	ⅶ	SMALL ROMAN NUMERAL SEVEN	
数字序号	ⅷ	SMALL ROMAN NUMERAL EIGHT	
数字序号	ⅸ	SMALL ROMAN NUMERAL NINE	
数字序号	ⅹ	SMALL ROMAN NUMERAL TEN	
数字序号	ⅺ	SMALL ROMAN NUMERAL ELEVEN	
数字序号	ⅻ	SMALL ROMAN NUMERAL TWELVE	
数字序号	ⅼ	SMALL ROMAN NUMERAL FIFTY	
数字序号	ⅽ	SMALL ROMAN NUMERAL ONE HUNDRED	
数字序号	ⅾ	SMALL ROMAN NUMERAL FIVE HUNDRED	
数字序号	ⅿ	SMALL ROMAN NUMERAL ONE THOUSAND	
数字序号	ↀ	ROMAN NUMERAL ONE THOUSAND C D	
数字序号	ↁ	ROMAN NUMERAL FIVE THOUSAND	
数字序号	ↂ	ROMAN NUMERAL TEN THOUSAND	
数字序号	Ↄ	ROMAN NUMERAL REVERSED ONE HUNDRED	
数字序号	ↄ	LATIN SMALL LETTER REVERSED C	
数字序号	ↅ	ROMAN NUMERAL SIX LATE FORM	
数字序号	ↆ	ROMAN NUMERAL FIFTY EARLY FORM	
数字序号	ↇ	ROMAN NUMERAL FIFTY THOUSAND	
数字序号	ↈ	ROMAN NUMERAL ONE HUNDRED THOUSAND	
数字序号	↉	VULGAR FRACTION ZERO THIRDS	
数字序号	↊	TURNED DIGIT TWO	
数字序号	↋	TURNED DIGIT THREE	
数字序号	①	带圈数字一	quanyi CIRCLED DIGIT ONE
数字序号	②	CIRCLED DIGIT TWO	
数字序号	③	CIRCLED DIGIT THREE	
数字序号	④	CIRCLED DIGIT FOUR	
数字序号	⑤	CIRCLED DIGIT FIVE	
数字序号	⑥	CIRCLED DIGIT SIX	
数字序号	⑦	CIRCLED DIGIT SEVEN	
数字序号	⑧	CIRCLED DIGIT EIGHT	
数字序号	⑨	CIRCLED DIGIT NINE	
数字序号	⑩	CIRCLED NUMBER TEN	
数字序号	⑪	CIRCLED NUMBER ELEVEN	
数字序号	⑫	CIRCLED NUMBER TWELVE	
数字序号	⑬	CIRCLED NUMBER THIRTEEN	
数字序号	⑭	CIRCLED NUMBER FOURTEEN	
数字序号	⑮	CIRCLED NUMBER FIFTEEN	
数字序号	⑯	CIRCLED NUMBER SIXTEEN	
数字序号	⑰	CIRCLED NUMBER SEVENTEEN	
数字序号	⑱	CIRCLED NUMBER EIGHTEEN	
数字序号	⑲	CIRCLED NUMBER NINETEEN	
数字序号	⑳	CIRCLED NUMBER TWENTY	
数字序号	⑴	PARENTHESIZED DIGIT ONE	
数字序号	⑵	PARENTHESIZED DIGIT TWO	
数字序号	⑶	PARENTHESIZED DIGIT THREE	
数字序号	⑷	PARENTHESIZED DIGIT FOUR	
数字序号	⑸	PARENTHESIZED DIGIT FIVE	
数字序号	⑹	PARENTHESIZED DIGIT SIX	
数字序号	⑺	PARENTHESIZED DIGIT SEVEN	
数字序号	⑻	PARENTHESIZED DIGIT EIGHT	
数字序号	⑼	PARENTHESIZED DIGIT NINE	
数字序号	⑽	PARENTHESIZED NUMBER TEN	
数字序号	⑾	PARENTHESIZED NUMBER ELEVEN	
数字序号	⑿	PARENTHESIZED NUMBER TWELVE	
数字序号	⒀	PARENTHESIZED NUMBER THIRTEEN	
数字序号	⒁	PARENTHESIZED NUMBER FOURTEEN	
数字序号	⒂	PARENTHESIZED NUMBER FIFTEEN	
数字序号	⒃	PARENTHESIZED NUMBER SIXTEEN	
数字序号	⒄	PARENTHESIZED NUMBER SEVENTEEN	
数字序号	⒅	PARENTHESIZED NUMBER EIGHTEEN	
数字序号	⒆	PARENTHESIZED NUMBER NINETEEN	
数字序号	⒇	PARENTHESIZED NUMBER TWENTY	
数字序号	⒈	DIGIT ONE FULL STOP	
数字序号	⒉	DIGIT TWO FULL STOP	
数字序号	⒊	DIGIT THREE FULL STOP	
数字序号	⒋	DIGIT FOUR FULL STOP	
数字序号	⒌	DIGIT FIVE FULL STOP	
数字序号	⒍	DIGIT SIX FULL STOP	
数字序号	⒎	DIGIT SEVEN FULL STOP	
数字序号	⒏	DIGIT EIGHT FULL STOP	
数字序号	⒐	DIGIT NINE FULL STOP	
数字序号	⒑	NUMBER TEN FULL STOP	
数字序号	⒒	NUMBER ELEVEN FULL STOP	
数字序号	⒓	NUMBER TWELVE FULL STOP	
数字序号	⒔	NUMBER THIRTEEN FULL STOP	
数字序号	⒕	NUMBER FOURTEEN FULL STOP	
数字序号	⒖	NUMBER FIFTEEN FULL STOP	
数字序号	⒗	NUMBER SIXTEEN FULL STOP	
数字序号	⒘	NUMBER SEVENTEEN FULL STOP	
数字序号	⒙	NUMBER EIGHTEEN FULL STOP	
数字序号	⒚	NUMBER NINETEEN FULL STOP	
数字序号	⒛	NUMBER TWENTY FULL STOP	
数字序号	⒜	PARENTHESIZED LATIN SMALL LETTER A	
数字序号	⒝	PARENTHESIZED LATIN SMALL LETTER B	
数字序号	⒞	PARENTHESIZED LATIN SMALL LETTER C	
数字序号	⒟	PARENTHESIZED LATIN SMALL LETTER D	
数字序号	⒠	PARENTHESIZED LATIN SMALL LETTER E	
数字序号	⒡	PARENTHESIZED LATIN SMALL LETTER F	
数字序号	⒢	PARENTHESIZED LATIN SMALL LETTER G	
数字序号	⒣	PARENTHESIZED LATIN SMALL LETTER H	
数字序号	⒤	PARENTHESIZED LATIN SMALL LETTER I	
数字序号	⒥	PARENTHESIZED LATIN SMALL LETTER J	
数字序号	⒦	PARENTHESIZED LATIN SMALL LETTER K	
数字序号	⒧	PARENTHESIZED LATIN SMALL LETTER L	
数字序号	⒨	PARENTHESIZED LATIN SMALL LETTER M	
数字序号	⒩	PARENTHESIZED LATIN SMALL LETTER N	
数字序号	⒪	PARENTHESIZED LATIN SMALL LETTER O	
数字序号	⒫	PARENTHESIZED LATIN SMALL LETTER P	
数字序号	⒬	PARENTHESIZED LATIN SMALL LETTER Q	
数字序号	⒭	PARENTHESIZED LATIN SMALL LETTER R	
数字序号	⒮	PARENTHESIZED LATIN SMALL LETTER S	
数字序号	⒯	PARENTHESIZED LATIN SMALL LETTER T	
数字序号	⒰	PARENTHESIZED LATIN SMALL LETTER U	
数字序号	⒱	PARENTHESIZED LATIN SMALL LETTER V	
数字序号	⒲	PARENTHESIZED LATIN SMALL LETTER W	
数字序号	⒳	PARENTHESIZED LATIN SMALL LETTER X	
数字序号	⒴	PARENTHESIZED LATIN SMALL LETTER Y	
数字序号	⒵	PARENTHESIZED LATIN SMALL LETTER Z	
数字序号	Ⓐ	CIRCLED LATIN CAPITAL LETTER A	
数字序号	Ⓑ	CIRCLED LATIN CAPITAL LETTER B	
数字序号	Ⓒ	CIRCLED LATIN CAPITAL LETTER C	
数字序号	Ⓓ	CIRCLED LATIN CAPITAL LETTER D	
数字序号	Ⓔ	CIRCLED LATIN CAPITAL LETTER E	
数字序号	Ⓕ	CIRCLED LATIN CAPITAL LETTER F	
数字序号	Ⓖ	CIRCLED LATIN CAPITAL LETTER G	
数字序号	Ⓗ	CIRCLED LATIN CAPITAL LETTER H	
数字序号	Ⓘ	CIRCLED LATIN CAPITAL LETTER I	
数字序号	Ⓙ	CIRCLED LATIN CAPITAL LETTER J	
数字序号	Ⓚ	CIRCLED LATIN CAPITAL LETTER K	
数字序号	Ⓛ	CIRCLED LATIN CAPITAL LETTER L	
数字序号	Ⓜ	CIRCLED LATIN CAPITAL LETTER M	
数字序号	Ⓝ	CIRCLED LATIN CAPITAL LETTER N	
数字序号	Ⓞ	CIRCLED LATIN CAPITAL LETTER O	
数字序号	Ⓟ	CIRCLED LATIN CAPITAL LETTER P	
数字序号	Ⓠ	CIRCLED LATIN CAPITAL LETTER Q	
数字序号	Ⓡ	CIRCLED LATIN CAPITAL LETTER R	
数字序号	Ⓢ	CIRCLED LATIN CAPITAL LETTER S	
数字序号	Ⓣ	CIRCLED LATIN CAPITAL LETTER T	
数字序号	Ⓤ	CIRCLED LATIN CAPITAL LETTER U	
数字序号	Ⓥ	CIRCLED LATIN CAPITAL LETTER V	
数字序号	Ⓦ	CIRCLED LATIN CAPITAL LETTER W	
数字序号	Ⓧ	CIRCLED LATIN CAPITAL LETTER X	
数字序号	Ⓨ	CIRCLED LATIN CAPITAL LETTER Y	
数字序号	Ⓩ	CIRCLED LATIN CAPITAL LETTER Z	
数字序号	ⓐ	CIRCLED LATIN SMALL LETTER A	
数字序号	ⓑ	CIRCLED LATIN SMALL LETTER B	
数字序号	ⓒ	CIRCLED LATIN SMALL LETTER C	
数字序号	ⓓ	CIRCLED LATIN SMALL LETTER D	
数字序号	ⓔ	CIRCLED LATIN SMALL LETTER E	
数字序号	ⓕ	CIRCLED LATIN SMALL LETTER F	
数字序号	ⓖ	CIRCLED LATIN SMALL LETTER G	
数字序号	ⓗ	CIRCLED LATIN SMALL LETTER H	
数字序号	ⓘ	CIRCLED LATIN SMALL LETTER I	
数字序号	ⓙ	CIRCLED LATIN SMALL LETTER J	
数字序号	ⓚ	CIRCLED LATIN SMALL LETTER K	
数字序号	ⓛ	CIRCLED LATIN SMALL LETTER L	
数字序号	ⓜ	CIRCLED LATIN SMALL LETTER M	
数字序号	ⓝ	CIRCLED LATIN SMALL LETTER N	
数字序号	ⓞ	CIRCLED LATIN SMALL LETTER O	
数字序号	ⓟ	CIRCLED LATIN SMALL LETTER P	
数字序号	ⓠ	CIRCLED LATIN SMALL LETTER Q	
数字序号	ⓡ	CIRCLED LATIN SMALL LETTER R	
数字序号	ⓢ	CIRCLED LATIN SMALL LETTER S	
数字序号	ⓣ	CIRCLED LATIN SMALL LETTER T	
数字序号	ⓤ	CIRCLED LATIN SMALL LETTER U	
数字序号	ⓥ	CIRCLED LATIN SMALL LETTER V	
数字序号	ⓦ	CIRCLED LATIN SMALL LETTER W	
数字序号	ⓧ	CIRCLED LATIN SMALL LETTER X	
数字序号	ⓨ	CIRCLED LATIN SMALL LETTER Y	
数字序号	ⓩ	CIRCLED LATIN SMALL LETTER Z	
数字序号	⓪	CIRCLED DIGIT ZERO	
数字序号	⓫	NEGATIVE CIRCLED NUMBER ELEVEN	
数字序号	⓬	NEGATIVE CIRCLED NUMBER TWELVE	
数字序号	⓭	NEGATIVE CIRCLED NUMBER THIRTEEN	
数字序号	⓮	NEGATIVE CIRCLED NUMBER FOURTEEN	
数字序号	⓯	NEGATIVE CIRCLED NUMBER FIFTEEN	
数字序号	⓰	NEGATIVE CIRCLED NUMBER SIXTEEN	
数字序号	⓱	NEGATIVE CIRCLED NUMBER SEVENTEEN	
数字序号	⓲	NEGATIVE CIRCLED NUMBER EIGHTEEN	
数字序号	⓳	NEGATIVE CIRCLED NUMBER NINETEEN	
数字序号	⓴	NEGATIVE CIRCLED NUMBER TWENTY	
数字序号	⓵	DOUBLE CIRCLED DIGIT ONE	
数字序号	⓶	DOUBLE CIRCLED DIGIT TWO	
数字序号	⓷	DOUBLE CIRCLED DIGIT THREE	
数字序号	⓸	DOUBLE CIRCLED DIGIT FOUR	
数字序号	⓹	DOUBLE CIRCLED DIGIT FIVE	
数字序号	⓺	DOUBLE CIRCLED DIGIT SIX	
数字序号	⓻	DOUBLE CIRCLED DIGIT SEVEN	
数字序号	⓼	DOUBLE CIRCLED DIGIT EIGHT	
数字序号	⓽	DOUBLE CIRCLED DIGIT NINE	
数字序号	⓾	DOUBLE CIRCLED NUMBER TEN	
数字序号	⓿	NEGATIVE CIRCLED DIGIT ZERO	
数字序号	❶	DINGBAT NEGATIVE CIRCLED DIGIT ONE	
数字序号	❷	DINGBAT NEGATIVE CIRCLED DIGIT TWO	
数字序号	❸	DINGBAT NEGATIVE CIRCLED DIGIT THREE	
数字序号	❹	DINGBAT NEGATIVE CIRCLED DIGIT FOUR	
数字序号	❺	DINGBAT NEGATIVE CIRCLED DIGIT FIVE	
数字序号	❻	DINGBAT NEGATIVE CIRCLED DIGIT SIX	
数字序号	❼	DINGBAT NEGATIVE CIRCLED DIGIT SEVEN	
数字序号	❽	DINGBAT NEGATIVE CIRCLED DIGIT EIGHT	
数字序号	❾	DINGBAT NEGATIVE CIRCLED DIGIT NINE	
数字序号	❿	DINGBAT NEGATIVE CIRCLED NUMBER TEN	
数字序号	➀	DINGBAT CIRCLED SANS-SERIF DIGIT ONE	
数字序号	➁	DINGBAT CIRCLED SANS-SERIF DIGIT TWO	
数字序号	➂	DINGBAT CIRCLED SANS-SERIF DIGIT THREE	
数字序号	➃	DINGBAT CIRCLED SANS-SERIF DIGIT FOUR	
数字序号	➄	DINGBAT CIRCLED SANS-SERIF DIGIT FIVE	
数字序号	➅	DINGBAT CIRCLED SANS-SERIF DIGIT SIX	
数字序号	➆	DINGBAT CIRCLED SANS-SERIF DIGIT SEVEN	
数字序号	➇	DINGBAT CIRCLED SANS-SERIF DIGIT EIGHT	
数字序号	➈	DINGBAT CIRCLED SANS-SERIF DIGIT NINE	
数字序号	➉	DINGBAT CIRCLED SANS-SERIF NUMBER TEN	
数字序号	➊	DINGBAT NEGATIVE CIRCLED SANS-SERIF DIGIT ONE	
数字序号	➋	DINGBAT NEGATIVE CIRCLED SANS-SERIF DIGIT TWO	
数字序号	➌	DINGBAT NEGATIVE CIRCLED SANS-SERIF DIGIT THREE	
数字序号	➍	DINGBAT NEGATIVE CIRCLED SANS-SERIF DIGIT FOUR	
数字序号	➎	DINGBAT NEGATIVE CIRCLED SANS-SERIF DIGIT FIVE	
数字序号	➏	DINGBAT NEGATIVE CIRCLED SANS-SERIF DIGIT SIX	
数字序号	➐	DINGBAT NEGATIVE CIRCLED SANS-SERIF DIGIT SEVEN	
数字序号	➑	DINGBAT NEGATIVE CIRCLED SANS-SERIF DIGIT EIGHT	
数字序号	➒	DINGBAT NEGATIVE CIRCLED SANS-SERIF DIGIT NINE	
数字序号	➓	DINGBAT NEGATIVE CIRCLED SANS-SERIF NUMBER TEN	
数字序号	🄀	DIGIT ZERO FULL STOP	
数字序号	🄁	DIGIT ZERO COMMA	
数字序号	🄂	DIGIT ONE COMMA	
数字序号	🄃	DIGIT TWO COMMA	
数字序号	🄄	DIGIT THREE COMMA	
数字序号	🄅	DIGIT FOUR COMMA	
数字序号	🄆	DIGIT FIVE COMMA	
数字序号	🄇	DIGIT SIX COMMA	
数字序号	🄈	DIGIT SEVEN COMMA	
数字序号	🄉	DIGIT EIGHT COMMA	
数字序号	🄊	DIGIT NINE COMMA	
数字序号	🄋	DINGBAT CIRCLED SANS-SERIF DIGIT ZERO	
数字序号	🄌	DINGBAT NEGATIVE CIRCLED SANS-SERIF DIGIT ZERO	
数字序号	🄍	CIRCLED ZERO WITH SLASH	
数字序号	🄎	CIRCLED ANTICLOCKWISE ARROW	
数字序号	🄏	CIRCLED DOLLAR SIGN WITH OVERLAID BACKSLASH	
数字序号	🄐	PARENTHESIZED LATIN CAPITAL LETTER A	
数字序号	🄑	PARENTHESIZED LATIN CAPITAL LETTER B	
数字序号	🄒	PARENTHESIZED LATIN CAPITAL LETTER C	
数字序号	🄓	PARENTHESIZED LATIN CAPITAL LETTER D	
数字序号	🄔	PARENTHESIZED LATIN CAPITAL LETTER E	
数字序号	🄕	PARENTHESIZED LATIN CAPITAL LETTER F	
数字序号	🄖	PARENTHESIZED LATIN CAPITAL LETTER G	
数字序号	🄗	PARENTHESIZED LATIN CAPITAL LETTER H	
数字序号	🄘	PARENTHESIZED LATIN CAPITAL LETTER I	
数字序号	🄙	PARENTHESIZED LATIN CAPITAL LETTER J	
数字序号	🄚	PARENTHESIZED LATIN CAPITAL LETTER K	
数字序号	🄛	PARENTHESIZED LATIN CAPITAL LETTER L	
数字序号	🄜	PARENTHESIZED LATIN CAPITAL LETTER M	
数字序号	🄝	PARENTHESIZED LATIN CAPITAL LETTER N	
数字序号	🄞	PARENTHESIZED LATIN CAPITAL LETTER O	
数字序号	🄟	PARENTHESIZED LATIN CAPITAL LETTER P	
数字序号	🄠	PARENTHESIZED LATIN CAPITAL LETTER Q	
数字序号	🄡	PARENTHESIZED LATIN CAPITAL LETTER R	
数字序号	🄢	PARENTHESIZED LATIN CAPITAL LETTER S	
数字序号	🄣	PARENTHESIZED LATIN CAPITAL LETTER T	
数字序号	🄤	PARENTHESIZED LATIN CAPITAL LETTER U	
数字序号	🄥	PARENTHESIZED LATIN CAPITAL LETTER V	
数字序号	🄦	PARENTHESIZED LATIN CAPITAL LETTER W	
数字序号	🄧	PARENTHESIZED LATIN CAPITAL LETTER X	
数字序号	🄨	PARENTHESIZED LATIN CAPITAL LETTER Y	
数字序号	🄩	PARENTHESIZED LATIN CAPITAL LETTER Z	
数字序号	🄪	TORTOISE SHELL BRACKETED LATIN CAPITAL LETTER S	
数字序号	🄫	CIRCLED ITALIC LATIN CAPITAL LETTER C	
数字序号	🄬	CIRCLED ITALIC LATIN CAPITAL LETTER R	
数字序号	🄭	CIRCLED CD	
数字序号	🄮	CIRCLED WZ	
数字序号	🄯	COPYLEFT SYMBOL	
数字序号	🄰	SQUARED LATIN CAPITAL LETTER A	
数字序号	🄱	SQUARED LATIN CAPITAL LETTER B	
数字序号	🄲	SQUARED LATIN CAPITAL LETTER C	
数字序号	🄳	SQUARED LATIN CAPITAL LETTER D	
数字序号	🄴	SQUARED LATIN CAPITAL LETTER E	
数字序号	🄵	SQUARED LATIN CAPITAL LETTER F	
数字序号	🄶	SQUARED LATIN CAPITAL LETTER G	
数字序号	🄷	SQUARED LATIN CAPITAL LETTER H	
数字序号	🄸	SQUARED LATIN CAPITAL LETTER I	
数字序号	🄹	SQUARED LATIN CAPITAL LETTER J	
数字序号	🄺	SQUARED LATIN CAPITAL LETTER K	
数字序号	🄻	SQUARED LATIN CAPITAL LETTER L	
数字序号	🄼	SQUARED LATIN CAPITAL LETTER M	
数字序号	🄽	SQUARED LATIN CAPITAL LETTER N	
数字序号	🄾	SQUARED LATIN CAPITAL LETTER O	
数字序号	🄿	SQUARED LATIN CAPITAL LETTER P	
数字序号	🅀	SQUARED LATIN CAPITAL LETTER Q	
数字序号	🅁	SQUARED LATIN CAPITAL LETTER R	
数字序号	🅂	SQUARED LATIN CAPITAL LETTER S	
数字序号	🅃	SQUARED LATIN CAPITAL LETTER T	
数字序号	🅄	SQUARED LATIN CAPITAL LETTER U	
数字序号	🅅	SQUARED LATIN CAPITAL LETTER V	
数字序号	🅆	SQUARED LATIN CAPITAL LETTER W	
数字序号	🅇	SQUARED LATIN CAPITAL LETTER X	
数字序号	🅈	SQUARED LATIN CAPITAL LETTER Y	
数字序号	🅉	SQUARED LATIN CAPITAL LETTER Z	
数字序号	🅊	SQUARED HV	
数字序号	🅋	SQUARED MV	
数字序号	🅌	SQUARED SD	
数字序号	🅍	SQUARED SS	
数字序号	🅎	SQUARED PPV	
数字序号	🅏	SQUARED WC	
数字序号	🅐	NEGATIVE CIRCLED LATIN CAPITAL LETTER A	
数字序号	🅑	NEGATIVE CIRCLED LATIN CAPITAL LETTER B	
数字序号	🅒	NEGATIVE CIRCLED LATIN CAPITAL LETTER C	
数字序号	🅓	NEGATIVE CIRCLED LATIN CAPITAL LETTER D	
数字序号	🅔	NEGATIVE CIRCLED LATIN CAPITAL LETTER E	
数字序号	🅕	NEGATIVE CIRCLED LATIN CAPITAL LETTER F	
数字序号	🅖	NEGATIVE CIRCLED LATIN CAPITAL LETTER G	
数字序号	🅗	NEGATIVE CIRCLED LATIN CAPITAL LETTER H	
数字序号	🅘	NEGATIVE CIRCLED LATIN CAPITAL LETTER I	
数字序号	🅙	NEGATIVE CIRCLED LATIN CAPITAL LETTER J	
数字序号	🅚	NEGATIVE CIRCLED LATIN CAPITAL LETTER K	
数字序号	🅛	NEGATIVE CIRCLED LATIN CAPITAL LETTER L	
数字序号	🅜	NEGATIVE CIRCLED LATIN CAPITAL LETTER M	
数字序号	🅝	NEGATIVE CIRCLED LATIN CAPITAL LETTER N	
数字序号	🅞	NEGATIVE CIRCLED LATIN CAPITAL LETTER O	
数字序号	🅟	NEGATIVE CIRCLED LATIN CAPITAL LETTER P	
数字序号	🅠	NEGATIVE CIRCLED LATIN CAPITAL LETTER Q	
数字序号	🅡	NEGATIVE CIRCLED LATIN CAPITAL LETTER R	
数字序号	🅢	NEGATIVE CIRCLED LATIN CAPITAL LETTER S	
数字序号	🅣	NEGATIVE CIRCLED LATIN CAPITAL LETTER T	
数字序号	🅤	NEGATIVE CIRCLED LATIN CAPITAL LETTER U	
数字序号	🅥	NEGATIVE CIRCLED LATIN CAPITAL LETTER V	
数字序号	🅦	NEGATIVE CIRCLED LATIN CAPITAL LETTER W	
数字序号	🅧	NEGATIVE CIRCLED LATIN CAPITAL LETTER X	
数字序号	🅨	NEGATIVE CIRCLED LATIN CAPITAL LETTER Y	
数字序号	🅩	NEGATIVE CIRCLED LATIN CAPITAL LETTER Z	
数字序号	🅪	RAISED MC SIGN	
数字序号	🅫	RAISED MD SIGN	
数字序号	🅬	RAISED MR SIGN	
数字序号	🅭	CIRCLED CC	
数字序号	🅮	CIRCLED C WITH OVERLAID BACKSLASH	
数字序号	🅯	CIRCLED HUMAN FIGURE	
数字序号	🅰	NEGATIVE SQUARED LATIN CAPITAL LETTER A	
数字序号	🅱	NEGATIVE SQUARED LATIN CAPITAL LETTER B	
数字序号	🅲	NEGATIVE SQUARED LATIN CAPITAL LETTER C	
数字序号	🅳	NEGATIVE SQUARED LATIN CAPITAL LETTER D	
数字序号	🅴	NEGATIVE SQUARED LATIN CAPITAL LETTER E	
数字序号	🅵	NEGATIVE SQUARED LATIN CAPITAL LETTER F	
数字序号	🅶	NEGATIVE SQUARED LATIN CAPITAL LETTER G	
数字序号	🅷	NEGATIVE SQUARED LATIN CAPITAL LETTER H	
数字序号	🅸	NEGATIVE SQUARED LATIN CAPITAL LETTER I	
数字序号	🅹	NEGATIVE SQUARED LATIN CAPITAL LETTER J	
数字序号	🅺	NEGATIVE SQUARED LATIN CAPITAL LETTER K	
数字序号	🅻	NEGATIVE SQUARED LATIN CAPITAL LETTER L	
数字序号	🅼	NEGATIVE SQUARED LATIN CAPITAL LETTER M	
数字序号	🅽	NEGATIVE SQUARED LATIN CAPITAL LETTER N	
数字序号	🅾	NEGATIVE SQUARED LATIN CAPITAL LETTER O	
数字序号	🅿	NEGATIVE SQUARED LATIN CAPITAL LETTER P	
数字序号	🆀	NEGATIVE SQUARED LATIN CAPITAL LETTER Q	
数字序号	🆁	NEGATIVE SQUARED LATIN CAPITAL LETTER R	
数字序号	🆂	NEGATIVE SQUARED LATIN CAPITAL LETTER S	
数字序号	🆃	NEGATIVE SQUARED LATIN CAPITAL LETTER T	
数字序号	🆄	NEGATIVE SQUARED LATIN CAPITAL LETTER U	
数字序号	🆅	NEGATIVE SQUARED LATIN CAPITAL LETTER V	
数字序号	🆆	NEGATIVE SQUARED LATIN CAPITAL LETTER W	
数字序号	🆇	NEGATIVE SQUARED LATIN CAPITAL LETTER X	
数字序号	🆈	NEGATIVE SQUARED LATIN CAPITAL LETTER Y	
数字序号	🆉	NEGATIVE SQUARED LATIN CAPITAL LETTER Z	
数字序号	🆊	CROSSED NEGATIVE SQUARED LATIN CAPITAL LETTER P	
数字序号	🆋	NEGATIVE SQUARED IC	
数字序号	🆌	NEGATIVE SQUARED PA	
数字序号	🆍	NEGATIVE SQUARED SA	
数字序号	🆎	NEGATIVE SQUARED AB	
数字序号	🆏	NEGATIVE SQUARED WC	
数字序号	🆐	SQUARE DJ	
数字序号	🆑	SQUARED CL	
数字序号	🆒	SQUARED COOL	
数字序号	🆓	SQUARED FREE	
数字序号	🆔	SQUARED ID	
数字序号	🆕	SQUARED NEW	
数字序号	🆖	SQUARED NG	
数字序号	🆗	SQUARED OK	
数字序号	🆘	SQUARED SOS	
数字序号	🆙	SQUARED UP WITH EXCLAMATION MARK	
数字序号	🆚	SQUARED VS	
数字序号	🆛	SQUARED THREE D	
数字序号	🆜	SQUARED SECOND SCREEN	
数字序号	🆝	SQUARED TWO K	
数字序号	🆞	SQUARED FOUR K	
数字序号	🆟	SQUARED EIGHT K	
数字序号	🆠	SQUARED FIVE POINT ONE	
数字序号	🆡	SQUARED SEVEN POINT ONE	
数字序号	🆢	SQUARED TWENTY-TWO POINT TWO	
数字序号	🆣	SQUARED SIXTY P	
数字序号	🆤	SQUARED ONE HUNDRED TWENTY P	
数字序号	🆥	SQUARED LATIN SMALL LETTER D	
数字序号	🆦	SQUARED HC	
数字序号	🆧	SQUARED HDR	
数字序号	🆨	SQUARED HI-RES	
数字序号	🆩	SQUARED LOSSLESS	
数字序号	🆪	SQUARED SHV	
数字序号	🆫	SQUARED UHD	
数字序号	🆬	SQUARED VOD	
数字序号	🆭	MASK WORK SYMBOL	
数字序号	㈠	PARENTHESIZED IDEOGRAPH ONE	
数字序号	㈡	PARENTHESIZED IDEOGRAPH TWO	
数字序号	㈢	PARENTHESIZED IDEOGRAPH THREE	
数字序号	㈣	PARENTHESIZED IDEOGRAPH FOUR	
数字序号	㈤	PARENTHESIZED IDEOGRAPH FIVE	
数字序号	㈥	PARENTHESIZED IDEOGRAPH SIX	
数字序号	㈦	PARENTHESIZED IDEOGRAPH SEVEN	
数字序号	㈧	PARENTHESIZED IDEOGRAPH EIGHT	
数字序号	㈨	PARENTHESIZED IDEOGRAPH NINE	
数字序号	㈩	PARENTHESIZED IDEOGRAPH TEN	
数字序号	㈪	PARENTHESIZED IDEOGRAPH MOON	
数字序号	㈫	PARENTHESIZED IDEOGRAPH FIRE	
数字序号	㈬	PARENTHESIZED IDEOGRAPH WATER	
数字序号	㈭	PARENTHESIZED IDEOGRAPH WOOD	
数字序号	㈮	PARENTHESIZED IDEOGRAPH METAL	
数字序号	㈯	PARENTHESIZED IDEOGRAPH EARTH	
数字序号	㈰	PARENTHESIZED IDEOGRAPH SUN	
数字序号	㈱	PARENTHESIZED IDEOGRAPH STOCK	
数字序号	㈲	PARENTHESIZED IDEOGRAPH HAVE	
数字序号	㈳	PARENTHESIZED IDEOGRAPH SOCIETY	
数字序号	㈴	PARENTHESIZED IDEOGRAPH NAME	
数字序号	㈵	PARENTHESIZED IDEOGRAPH SPECIAL	
数字序号	㈶	PARENTHESIZED IDEOGRAPH FINANCIAL	
数字序号	㈷	PARENTHESIZED IDEOGRAPH CONGRATULATION	
数字序号	㈸	PARENTHESIZED IDEOGRAPH LABOR	
数字序号	㈹	PARENTHESIZED IDEOGRAPH REPRESENT	
数字序号	㈺	PARENTHESIZED IDEOGRAPH CALL	
数字序号	㈻	PARENTHESIZED IDEOGRAPH STUDY	
数字序号	㈼	PARENTHESIZED IDEOGRAPH SUPERVISE	
数字序号	㈽	PARENTHESIZED IDEOGRAPH ENTERPRISE	
数字序号	㈾	PARENTHESIZED IDEOGRAPH RESOURCE	
数字序号	㈿	PARENTHESIZED IDEOGRAPH ALLIANCE	
数字序号	㉀	PARENTHESIZED IDEOGRAPH FESTIVAL	
数字序号	㉁	PARENTHESIZED IDEOGRAPH REST	
数字序号	㉂	PARENTHESIZED IDEOGRAPH SELF	
数字序号	㉃	PARENTHESIZED IDEOGRAPH REACH	
数字序号	㉄	CIRCLED IDEOGRAPH QUESTION	
数字序号	㉅	CIRCLED IDEOGRAPH KINDERGARTEN	
数字序号	㉆	CIRCLED IDEOGRAPH SCHOOL	
数字序号	㉇	CIRCLED IDEOGRAPH KOTO	
数字序号	㉈	CIRCLED NUMBER TEN ON BLACK SQUARE	
数字序号	㉉	CIRCLED NUMBER TWENTY ON BLACK SQUARE	
数字序号	㉊	CIRCLED NUMBER THIRTY ON BLACK SQUARE	
数字序号	㉋	CIRCLED NUMBER FORTY ON BLACK SQUARE	
数字序号	㉌	CIRCLED NUMBER FIFTY ON BLACK SQUARE	
数字序号	㉍	CIRCLED NUMBER SIXTY ON BLACK SQUARE	
数字序号	㉎	CIRCLED NUMBER SEVENTY ON BLACK SQUARE	
数字序号	㉏	CIRCLED NUMBER EIGHTY ON BLACK SQUARE	
数字序号	㉑	CIRCLED NUMBER TWENTY ONE	
数字序号	㉒	CIRCLED NUMBER TWENTY TWO	
数字序号	㉓	CIRCLED NUMBER TWENTY THREE	
数字序号	㉔	CIRCLED NUMBER TWENTY FOUR	
数字序号	㉕	CIRCLED NUMBER TWENTY FIVE	
数字序号	㉖	CIRCLED NUMBER TWENTY SIX	
数字序号	㉗	CIRCLED NUMBER TWENTY SEVEN	
数字序号	㉘	CIRCLED NUMBER TWENTY EIGHT	
数字序号	㉙	CIRCLED NUMBER TWENTY NINE	
数字序号	㉚	CIRCLED NUMBER THIRTY	
数字序号	㉛	CIRCLED NUMBER THIRTY ONE	
数字序号	㉜	CIRCLED NUMBER THIRTY TWO	
数字序号	㉝	CIRCLED NUMBER THIRTY THREE	
数字序号	㉞	CIRCLED NUMBER THIRTY FOUR	
数字序号	㉟	CIRCLED NUMBER THIRTY FIVE	
数字序号	㉠	CIRCLED HANGUL KIYEOK	
数字序号	㉡	CIRCLED HANGUL NIEUN	
数字序号	㉢	CIRCLED HANGUL TIKEUT	
数字序号	㉣	CIRCLED HANGUL RIEUL	
数字序号	㉤	CIRCLED HANGUL MIEUM	
数字序号	㉥	CIRCLED HANGUL PIEUP	
数字序号	㉦	CIRCLED HANGUL SIOS	
数字序号	㉧	CIRCLED HANGUL IEUNG	
数字序号	㉨	CIRCLED HANGUL CIEUC	
数字序号	㉩	CIRCLED HANGUL CHIEUCH	
数字序号	㉪	CIRCLED HANGUL KHIEUKH	
数字序号	㉫	CIRCLED HANGUL THIEUTH	
数字序号	㉬	CIRCLED HANGUL PHIEUPH	
数字序号	㉭	CIRCLED HANGUL HIEUH	
数字序号	㉮	CIRCLED HANGUL KIYEOK A	
数字序号	㉯	CIRCLED HANGUL NIEUN A	
数字序号	㉰	CIRCLED HANGUL TIKEUT A	
数字序号	㉱	CIRCLED HANGUL RIEUL A	
数字序号	㉲	CIRCLED HANGUL MIEUM A	
数字序号	㉳	CIRCLED HANGUL PIEUP A	
数字序号	㉴	CIRCLED HANGUL SIOS A	
数字序号	㉵	CIRCLED HANGUL IEUNG A	
数字序号	㉶	CIRCLED HANGUL CIEUC A	
数字序号	㉷	CIRCLED HANGUL CHIEUCH A	
数字序号	㉸	CIRCLED HANGUL KHIEUKH A	
数字序号	㉹	CIRCLED HANGUL THIEUTH A	
数字序号	㉺	CIRCLED HANGUL PHIEUPH A	
数字序号	㉻	CIRCLED HANGUL HIEUH A	
数字序号	㉼	CIRCLED KOREAN CHARACTER CHAMKO	
数字序号	㉽	CIRCLED KOREAN CHARACTER JUEUI	
数字序号	㉾	CIRCLED HANGUL IEUNG U	
数字序号	㊀	CIRCLED IDEOGRAPH ONE	
数字序号	㊁	CIRCLED IDEOGRAPH TWO	
数字序号	㊂	CIRCLED IDEOGRAPH THREE	
数字序号	㊃	CIRCLED IDEOGRAPH FOUR	
数字序号	㊄	CIRCLED IDEOGRAPH FIVE	
数字序号	㊅	CIRCLED IDEOGRAPH SIX	
数字序号	㊆	CIRCLED IDEOGRAPH SEVEN	
数字序号	㊇	CIRCLED IDEOGRAPH EIGHT	
数字序号	㊈	CIRCLED IDEOGRAPH NINE	
数字序号	㊉	CIRCLED IDEOGRAPH TEN	
数字序号	㊊	CIRCLED IDEOGRAPH MOON	
数字序号	㊋	CIRCLED IDEOGRAPH FIRE	
数字序号	㊌	CIRCLED IDEOGRAPH WATER	
数字序号	㊍	CIRCLED IDEOGRAPH WOOD	
数字序号	㊎	CIRCLED IDEOGRAPH METAL	
数字序号	㊏	CIRCLED IDEOGRAPH EARTH	
数字序号	㊐	CIRCLED IDEOGRAPH SUN	
数字序号	㊑	CIRCLED IDEOGRAPH STOCK	
数字序号	㊒	CIRCLED IDEOGRAPH HAVE	
数字序号	㊓	CIRCLED IDEOGRAPH SOCIETY	
数字序号	㊔	CIRCLED IDEOGRAPH NAME	
数字序号	㊕	CIRCLED IDEOGRAPH SPECIAL	
数字序号	㊖	CIRCLED IDEOGRAPH FINANCIAL	
数字序号	㊗	CIRCLED IDEOGRAPH CONGRATULATION	
数字序号	㊘	CIRCLED IDEOGRAPH LABOR	
数字序号	㊙	CIRCLED IDEOGRAPH SECRET	
数字序号	㊚	CIRCLED IDEOGRAPH MALE	
数字序号	㊛	CIRCLED IDEOGRAPH FEMALE	
数字序号	㊜	CIRCLED IDEOGRAPH SUITABLE	
数字序号	㊝	CIRCLED IDEOGRAPH EXCELLENT	
数字序号	㊞	CIRCLED IDEOGRAPH PRINT	
数字序号	㊟	CIRCLED IDEOGRAPH ATTENTION	
数字序号	㊠	CIRCLED IDEOGRAPH ITEM	
数字序号	㊡	CIRCLED IDEOGRAPH REST	
数字序号	㊢	CIRCLED IDEOGRAPH COPY	
数字序号	㊣	CIRCLED IDEOGRAPH CORRECT	
数字序号	㊤	CIRCLED IDEOGRAPH HIGH	
数字序号	㊥	CIRCLED IDEOGRAPH CENTRE	
数字序号	㊦	CIRCLED IDEOGRAPH LOW	
数字序号	㊧	CIRCLED IDEOGRAPH LEFT	
数字序号	㊨	CIRCLED IDEOGRAPH RIGHT	
数字序号	㊩	CIRCLED IDEOGRAPH MEDICINE	
数字序号	㊪	CIRCLED IDEOGRAPH RELIGION	
数字序号	㊫	CIRCLED IDEOGRAPH STUDY	
数字序号	㊬	CIRCLED IDEOGRAPH SUPERVISE	
数字序号	㊭	CIRCLED IDEOGRAPH ENTERPRISE	
数字序号	㊮	CIRCLED IDEOGRAPH RESOURCE	
数字序号	㊯	CIRCLED IDEOGRAPH ALLIANCE	
数字序号	㊰	CIRCLED IDEOGRAPH NIGHT	
数字序号	㊱	CIRCLED NUMBER THIRTY SIX	
数字序号	㊲	CIRCLED NUMBER THIRTY SEVEN	
数字序号	㊳	CIRCLED NUMBER THIRTY EIGHT	
数字序号	㊴	CIRCLED NUMBER THIRTY NINE	
数字序号	㊵	CIRCLED NUMBER FORTY	
数字序号	㊶	CIRCLED NUMBER FORTY ONE	
数字序号	㊷	CIRCLED NUMBER FORTY TWO	
数字序号	㊸	CIRCLED NUMBER FORTY THREE	
数字序号	㊹	CIRCLED NUMBER FORTY FOUR	
数字序号	㊺	CIRCLED NUMBER FORTY FIVE	
数字序号	㊻	CIRCLED NUMBER FORTY SIX	
数字序号	㊼	CIRCLED NUMBER FORTY SEVEN	
数字序号	㊽	CIRCLED NUMBER FORTY EIGHT	
数字序号	㊾	CIRCLED NUMBER FORTY NINE	
数字序号	㊿	CIRCLED NUMBER FIFTY	
数字序号	㋐	CIRCLED KATAKANA A	
数字序号	㋑	CIRCLED KATAKANA I	
数字序号	㋒	CIRCLED KATAKANA U	
数字序号	㋓	CIRCLED KATAKANA E	
数字序号	㋔	CIRCLED KATAKANA O	
数字序号	㋕	CIRCLED KATAKANA KA	
数字序号	㋖	CIRCLED KATAKANA KI	
数字序号	㋗	CIRCLED KATAKANA KU	
数字序号	㋘	CIRCLED KATAKANA KE	
数字序号	㋙	CIRCLED KATAKANA KO	
数字序号	㋚	CIRCLED KATAKANA SA	
数字序号	㋛	CIRCLED KATAKANA SI	
数字序号	㋜	CIRCLED KATAKANA SU	
数字序号	㋝	CIRCLED KATAKANA SE	
数字序号	㋞	CIRCLED KATAKANA SO	
数字序号	㋟	CIRCLED KATAKANA TA	
数字序号	㋠	CIRCLED KATAKANA TI	
数字序号	㋡	CIRCLED KATAKANA TU	
数字序号	㋢	CIRCLED KATAKANA TE	
数字序号	㋣	CIRCLED KATAKANA TO	
数字序号	㋤	CIRCLED KATAKANA NA	
数字序号	㋥	CIRCLED KATAKANA NI	
数字序号	㋦	CIRCLED KATAKANA NU	
数字序号	㋧	CIRCLED KATAKANA NE	
数字序号	㋨	CIRCLED KATAKANA NO	
数字序号	㋩	CIRCLED KATAKANA HA	
数字序号	㋪	CIRCLED KATAKANA HI	
数字序号	㋫	CIRCLED KATAKANA HU	
数字序号	㋬	CIRCLED KATAKANA HE	
数字序号	㋭	CIRCLED KATAKANA HO	
数字序号	㋮	CIRCLED KATAKANA MA	
数字序号	㋯	CIRCLED KATAKANA MI	
数字序号	㋰	CIRCLED KATAKANA MU	
数字序号	㋱	CIRCLED KATAKANA ME	
数字序号	㋲	CIRCLED KATAKANA MO	
数字序号	㋳	CIRCLED KATAKANA YA	
数字序号	㋴	CIRCLED KATAKANA YU	
数字序号	㋵	CIRCLED KATAKANA YO	
数字序号	㋶	CIRCLED KATAKANA RA	
数字序号	㋷	CIRCLED KATAKANA RI	
数字序号	㋸	CIRCLED KATAKANA RU	
数字序号	㋹	CIRCLED KATAKANA RE	
数字序号	㋺	CIRCLED KATAKANA RO	
数字序号	㋻	CIRCLED KATAKANA WA	
数字序号	㋼	CIRCLED KATAKANA WI	
数字序号	㋽	CIRCLED KATAKANA WE	
数字序号	㋾	CIRCLED KATAKANA WO	
货币	$	DOLLAR SIGN	
货币	¢	CENT SIGN	
货币	£	英镑	yingbang pound POUND SIGN
货币	¤	CURRENCY SIGN	
货币	¥	人民币 日元	renminbi yen YEN SIGN
货币	€	欧元	ouyuan euro EURO SIGN
货币	₹	INDIAN RUPEE SIGN	
货币	₽	RUBLE SIGN	
货币	₩	WON SIGN	
货币	₺	TURKISH LIRA SIGN	
货币	₴	HRYVNIA SIGN	
货币	₱	PESO SIGN	
货币	฿	THAI CURRENCY SYMBOL BAHT	
货币	₫	DONG SIGN	
货币	₪	NEW SHEQEL SIGN	
货币	₦	NAIRA SIGN	
货币	₭	KIP SIGN	
货币	₮	TUGRIK SIGN	
货币	₲	GUARANI SIGN	
货币	₵	CEDI SIGN	
货币	₸	TENGE SIGN	
货币	₼	MANAT SIGN	
货币	₾	LARI SIGN	
货币	₿	BITCOIN SIGN	
货币	₠	EURO-CURRENCY SIGN	
货币	₡	COLON SIGN	
货币	₢	CRUZEIRO SIGN	
货币	₣	FRENCH FRANC SIGN	
货币	₤	LIRA SIGN	
货币	₥	MILL SIGN	
货币	₧	PESETA SIGN	
货币	₨	RUPEE SIGN	
货币	₯	DRACHMA SIGN	
货币	₰	GERMAN PENNY SIGN	
货币	₳	AUSTRAL SIGN	
货币	₶	LIVRE TOURNOIS SIGN	
货币	₷	SPESMILO SIGN	
货币	₻	NORDIC MARK SIGN	
音乐	♩	QUARTER NOTE	
音乐	♪	EIGHTH NOTE	
音乐	♫	BEAMED EIGHTH NOTES	
音乐	♬	BEAMED SIXTEENTH NOTES	
音乐	♭	MUSIC FLAT SIGN	
音乐	♮	MUSIC NATURAL SIGN	
音乐	♯	MUSIC SHARP SIGN	
音乐	𝄀	MUSICAL SYMBOL SINGLE BARLINE	
音乐	𝄁	MUSICAL SYMBOL DOUBLE BARLINE	
音乐	𝄂	MUSICAL SYMBOL FINAL BARLINE	
音乐	𝄃	MUSICAL SYMBOL REVERSE FINAL BARLINE	
音乐	𝄄	MUSICAL SYMBOL DASHED BARLINE	
音乐	𝄅	MUSICAL SYMBOL SHORT BARLINE	
音乐	𝄆	MUSICAL SYMBOL LEFT REPEAT SIGN	
音乐	𝄇	MUSICAL SYMBOL RIGHT REPEAT SIGN	
音乐	𝄈	MUSICAL SYMBOL REPEAT DOTS	
音乐	𝄉	MUSICAL SYMBOL DAL SEGNO	
音乐	𝄊	MUSICAL SYMBOL DA CAPO	
音乐	𝄋	MUSICAL SYMBOL SEGNO	
音乐	𝄌	MUSICAL SYMBOL CODA	
音乐	𝄍	MUSICAL SYMBOL REPEATED FIGURE-1	
音乐	𝄎	MUSICAL SYMBOL REPEATED FIGURE-2	
音乐	𝄏	MUSICAL SYMBOL REPEATED FIGURE-3	
音乐	𝄐	MUSICAL SYMBOL FERMATA	
音乐	𝄑	MUSICAL SYMBOL FERMATA BELOW	
音乐	𝄒	MUSICAL SYMBOL BREATH MARK	
音乐	𝄓	MUSICAL SYMBOL CAESURA	
音乐	𝄔	MUSICAL SYMBOL BRACE	
音乐	𝄕	MUSICAL SYMBOL BRACKET	
音乐	𝄖	MUSICAL SYMBOL ONE-LINE STAFF	
音乐	𝄗	MUSICAL SYMBOL TWO-LINE STAFF	
音乐	𝄘	MUSICAL SYMBOL THREE-LINE STAFF	
音乐	𝄙	MUSICAL SYMBOL FOUR-LINE STAFF	
音乐	𝄚	MUSICAL SYMBOL FIVE-LINE STAFF	
音乐	𝄛	MUSICAL SYMBOL SIX-LINE STAFF	
音乐	𝄜	MUSICAL SYMBOL SIX-STRING FRETBOARD	
音乐	𝄝	MUSICAL SYMBOL FOUR-STRING FRETBOARD	
音乐	𝄞	MUSICAL SYMBOL G CLEF	
音乐	𝄟	MUSICAL SYMBOL G CLEF OTTAVA ALTA	
音乐	𝄠	MUSICAL SYMBOL G CLEF OTTAVA BASSA	
音乐	𝄡	MUSICAL SYMBOL C CLEF	
音乐	𝄢	MUSICAL SYMBOL F CLEF	
音乐	𝄣	MUSICAL SYMBOL F CLEF OTTAVA ALTA	
音乐	𝄤	MUSICAL SYMBOL F CLEF OTTAVA BASSA	
音乐	𝄥	MUSICAL SYMBOL DRUM CLEF-1	
音乐	𝄦	MUSICAL SYMBOL DRUM CLEF-2	
音乐	𝄩	MUSICAL SYMBOL MULTIPLE MEASURE REST	
音乐	𝄪	MUSICAL SYMBOL DOUBLE SHARP	
音乐	𝄫	MUSICAL SYMBOL DOUBLE FLAT	
音乐	𝄬	MUSICAL SYMBOL FLAT UP	
音乐	𝄭	MUSICAL SYMBOL FLAT DOWN	
音乐	𝄮	MUSICAL SYMBOL NATURAL UP	
音乐	𝄯	MUSICAL SYMBOL NATURAL DOWN	
音乐	𝄰	MUSICAL SYMBOL SHARP UP	
音乐	𝄱	MUSICAL SYMBOL SHARP DOWN	
音乐	𝄲	MUSICAL SYMBOL QUARTER TONE SHARP	
音乐	𝄳	MUSICAL SYMBOL QUARTER TONE FLAT	
音乐	𝄴	MUSICAL SYMBOL COMMON TIME	
音乐	𝄵	MUSICAL SYMBOL CUT TIME	
音乐	𝄶	MUSICAL SYMBOL OTTAVA ALTA	
音乐	𝄷	MUSICAL SYMBOL OTTAVA BASSA	
音乐	𝄸	MUSICAL SYMBOL QUINDICESIMA ALTA	
音乐	𝄹	MUSICAL SYMBOL QUINDICESIMA BASSA	
音乐	𝄺	MUSICAL SYMBOL MULTI REST	
音乐	𝄻	MUSICAL SYMBOL WHOLE REST	
音乐	𝄼	MUSICAL SYMBOL HALF REST	
音乐	𝄽	MUSICAL SYMBOL QUARTER REST	
音乐	𝄾	MUSICAL SYMBOL EIGHTH REST	
音乐	𝄿	MUSICAL SYMBOL SIXTEENTH REST	
音乐	𝅀	MUSICAL SYMBOL THIRTY-SECOND REST	
音乐	𝅁	MUSICAL SYMBOL SIXTY-FOURTH REST	
音乐	𝅂	MUSICAL SYMBOL ONE HUNDRED TWENTY-EIGHTH REST	
音乐	𝅃	MUSICAL SYMBOL X NOTEHEAD	
音乐	𝅄	MUSICAL SYMBOL PLUS NOTEHEAD	
音乐	𝅅	MUSICAL SYMBOL CIRCLE X NOTEHEAD	
音乐	𝅆	MUSICAL SYMBOL SQUARE NOTEHEAD WHITE	
音乐	𝅇	MUSICAL SYMBOL SQUARE NOTEHEAD BLACK	
音乐	𝅈	MUSICAL SYMBOL TRIANGLE NOTEHEAD UP WHITE	
音乐	𝅉	MUSICAL SYMBOL TRIANGLE NOTEHEAD UP BLACK	
音乐	𝅊	MUSICAL SYMBOL TRIANGLE NOTEHEAD LEFT WHITE	
音乐	𝅋	MUSICAL SYMBOL TRIANGLE NOTEHEAD LEFT BLACK	
音乐	𝅌	MUSICAL SYMBOL TRIANGLE NOTEHEAD RIGHT WHITE	
音乐	𝅍	MUSICAL SYMBOL TRIANGLE NOTEHEAD RIGHT BLACK	
音乐	𝅎	MUSICAL SYMBOL TRIANGLE NOTEHEAD DOWN WHITE	
音乐	𝅏	MUSICAL SYMBOL TRIANGLE NOTEHEAD DOWN BLACK	
音乐	𝅐	MUSICAL SYMBOL TRIANGLE NOTEHEAD UP RIGHT WHITE	
音乐	𝅑	MUSICAL SYMBOL TRIANGLE NOTEHEAD UP RIGHT BLACK	
音乐	𝅒	MUSICAL SYMBOL MOON NOTEHEAD WHITE	
音乐	𝅓	MUSICAL SYMBOL MOON NOTEHEAD BLACK	
音乐	𝅔	MUSICAL SYMBOL TRIANGLE-ROUND NOTEHEAD DOWN WHITE	
音乐	𝅕	MUSICAL SYMBOL TRIANGLE-ROUND NOTEHEAD DOWN BLACK	
音乐	𝅖	MUSICAL SYMBOL PARENTHESIS NOTEHEAD	
音乐	𝅗	MUSICAL SYMBOL VOID NOTEHEAD	
音乐	𝅘	MUSICAL SYMBOL NOTEHEAD BLACK	
音乐	𝅙	MUSICAL SYMBOL NULL NOTEHEAD	
音乐	𝅚	MUSICAL SYMBOL CLUSTER NOTEHEAD WHITE	
音乐	𝅛	MUSICAL SYMBOL CLUSTER NOTEHEAD BLACK	
音乐	𝅜	MUSICAL SYMBOL BREVE	
音乐	𝅝	MUSICAL SYMBOL WHOLE NOTE	
音乐	𝅗𝅥	MUSICAL SYMBOL HALF NOTE	
音乐	𝅘𝅥	MUSICAL SYMBOL QUARTER NOTE	
音乐	𝅘𝅥𝅮	MUSICAL SYMBOL EIGHTH NOTE	
音乐	𝅘𝅥𝅯	MUSICAL SYMBOL SIXTEENTH NOTE	
音乐	𝅘𝅥𝅰	MUSICAL SYMBOL THIRTY-SECOND NOTE	
音乐	𝅘𝅥𝅱	MUSICAL SYMBOL SIXTY-FOURTH NOTE	
音乐	𝅘𝅥𝅲	MUSICAL SYMBOL ONE HUNDRED TWENTY-EIGHTH NOTE	
音乐	𝅪	MUSICAL SYMBOL FINGERED TREMOLO-1	
音乐	𝅫	MUSICAL SYMBOL FINGERED TREMOLO-2	
音乐	𝅬	MUSICAL SYMBOL FINGERED TREMOLO-3	
音乐	𝆃	MUSICAL SYMBOL ARPEGGIATO UP	
音乐	𝆄	MUSICAL SYMBOL ARPEGGIATO DOWN	
音乐	𝆌	MUSICAL SYMBOL RINFORZANDO	
音乐	𝆍	MUSICAL SYMBOL SUBITO	
音乐	𝆎	MUSICAL SYMBOL Z	
音乐	𝆏	MUSICAL SYMBOL PIANO	
音乐	𝆐	MUSICAL SYMBOL MEZZO	
音乐	𝆑	MUSICAL SYMBOL FORTE	
音乐	𝆒	MUSICAL SYMBOL CRESCENDO	
音乐	𝆓	MUSICAL SYMBOL DECRESCENDO	
音乐	𝆔	MUSICAL SYMBOL GRACE NOTE SLASH	
音乐	𝆕	MUSICAL SYMBOL GRACE NOTE NO SLASH	
音乐	𝆖	MUSICAL SYMBOL TR	
音乐	𝆗	MUSICAL SYMBOL TURN	
音乐	𝆘	MUSICAL SYMBOL INVERTED TURN	
音乐	𝆙	MUSICAL SYMBOL TURN SLASH	
音乐	𝆚	MUSICAL SYMBOL TURN UP	
音乐	𝆛	MUSICAL SYMBOL ORNAMENT STROKE-1	
音乐	𝆜	MUSICAL SYMBOL ORNAMENT STROKE-2	
音乐	𝆝	MUSICAL SYMBOL ORNAMENT STROKE-3	
音乐	𝆞	MUSICAL SYMBOL ORNAMENT STROKE-4	
音乐	𝆟	MUSICAL SYMBOL ORNAMENT STROKE-5	
音乐	𝆠	MUSICAL SYMBOL ORNAMENT STROKE-6	
音乐	𝆡	MUSICAL SYMBOL ORNAMENT STROKE-7	
音乐	𝆢	MUSICAL SYMBOL ORNAMENT STROKE-8	
音乐	𝆣	MUSICAL SYMBOL ORNAMENT STROKE-9	
音乐	𝆤	MUSICAL SYMBOL ORNAMENT STROKE-10	
音乐	𝆥	MUSICAL SYMBOL ORNAMENT STROKE-11	
音乐	𝆦	MUSICAL SYMBOL HAUPTSTIMME	
音乐	𝆧	MUSICAL SYMBOL NEBENSTIMME	
音乐	𝆨	MUSICAL SYMBOL END OF STIMME	
音乐	𝆩	MUSICAL SYMBOL DEGREE SLASH	
音乐	𝆮	MUSICAL SYMBOL PEDAL MARK	
音乐	𝆯	MUSICAL SYMBOL PEDAL UP MARK	
音乐	𝆰	MUSICAL SYMBOL HALF PEDAL MARK	
音乐	𝆱	MUSICAL SYMBOL GLISSANDO UP	
音乐	𝆲	MUSICAL SYMBOL GLISSANDO DOWN	
音乐	𝆳	MUSICAL SYMBOL WITH FINGERNAILS	
音乐	𝆴	MUSICAL SYMBOL DAMP	
音乐	𝆵	MUSICAL SYMBOL DAMP ALL	
音乐	𝆶	MUSICAL SYMBOL MAXIMA	
音乐	𝆷	MUSICAL SYMBOL LONGA	
音乐	𝆸	MUSICAL SYMBOL BREVIS	
音乐	𝆹	MUSICAL SYMBOL SEMIBREVIS WHITE	
音乐	𝆺	MUSICAL SYMBOL SEMIBREVIS BLACK	
音乐	𝆹𝅥	MUSICAL SYMBOL MINIMA	
音乐	𝆺𝅥	MUSICAL SYMBOL MINIMA BLACK	
音乐	𝆹𝅥𝅮	MUSICAL SYMBOL SEMIMINIMA WHITE	
音乐	𝆺𝅥𝅮	MUSICAL SYMBOL SEMIMINIMA BLACK	
音乐	𝆹𝅥𝅯	MUSICAL SYMBOL FUSA WHITE	
音乐	𝆺𝅥𝅯	MUSICAL SYMBOL FUSA BLACK	
音乐	𝇁	MUSICAL SYMBOL LONGA PERFECTA REST	
音乐	𝇂	MUSICAL SYMBOL LONGA IMPERFECTA REST	
音乐	𝇃	MUSICAL SYMBOL BREVIS REST	
音乐	𝇄	MUSICAL SYMBOL SEMIBREVIS REST	
音乐	𝇅	MUSICAL SYMBOL MINIMA REST	
音乐	𝇆	MUSICAL SYMBOL SEMIMINIMA REST	
音乐	𝇇	MUSICAL SYMBOL TEMPUS PERFECTUM CUM PROLATIONE PERFECTA	
音乐	𝇈	MUSICAL SYMBOL TEMPUS PERFECTUM CUM PROLATIONE IMPERFECTA	
音乐	𝇉	MUSICAL SYMBOL TEMPUS PERFECTUM CUM PROLATIONE PERFECTA DIMINUTION-1	
音乐	𝇊	MUSICAL SYMBOL TEMPUS IMPERFECTUM CUM PROLATIONE PERFECTA	
音乐	𝇋	MUSICAL SYMBOL TEMPUS IMPERFECTUM CUM PROLATIONE IMPERFECTA	
音乐	𝇌	MUSICAL SYMBOL TEMPUS IMPERFECTUM CUM PROLATIONE IMPERFECTA DIMINUTION-1	
音乐	𝇍	MUSICAL SYMBOL TEMPUS IMPERFECTUM CUM PROLATIONE IMPERFECTA DIMINUTION-2	
音乐	𝇎	MUSICAL SYMBOL TEMPUS IMPERFECTUM CUM PROLATIONE IMPERFECTA DIMINUTION-3	
音乐	𝇏	MUSICAL SYMBOL CROIX	
音乐	𝇐	MUSICAL SYMBOL GREGORIAN C CLEF	
音乐	𝇑	MUSICAL SYMBOL GREGORIAN F CLEF	
音乐	𝇒	MUSICAL SYMBOL SQUARE B	
音乐	𝇓	MUSICAL SYMBOL VIRGA	
音乐	𝇔	MUSICAL SYMBOL PODATUS	
音乐	𝇕	MUSICAL SYMBOL CLIVIS	
音乐	𝇖	MUSICAL SYMBOL SCANDICUS	
音乐	𝇗	MUSICAL SYMBOL CLIMACUS	
音乐	𝇘	MUSICAL SYMBOL TORCULUS	
音乐	𝇙	MUSICAL SYMBOL PORRECTUS	
音乐	𝇚	MUSICAL SYMBOL PORRECTUS FLEXUS	
音乐	𝇛	MUSICAL SYMBOL SCANDICUS FLEXUS	
音乐	𝇜	MUSICAL SYMBOL TORCULUS RESUPINUS	
音乐	𝇝	MUSICAL SYMBOL PES SUBPUNCTIS	
音乐	𝇞	MUSICAL SYMBOL KIEVAN C CLEF	
音乐	𝇟	MUSICAL SYMBOL KIEVAN END OF PIECE	
音乐	𝇠	MUSICAL SYMBOL KIEVAN FINAL NOTE	
音乐	𝇡	MUSICAL SYMBOL KIEVAN RECITATIVE MARK	
音乐	𝇢	MUSICAL SYMBOL KIEVAN WHOLE NOTE	
音乐	𝇣	MUSICAL SYMBOL KIEVAN HALF NOTE	
音乐	𝇤	MUSICAL SYMBOL KIEVAN QUARTER NOTE STEM DOWN	
音乐	𝇥	MUSICAL SYMBOL KIEVAN QUARTER NOTE STEM UP	
音乐	𝇦	MUSICAL SYMBOL KIEVAN EIGHTH NOTE STEM DOWN	
音乐	𝇧	MUSICAL SYMBOL KIEVAN EIGHTH NOTE STEM UP	
音乐	𝇨	MUSICAL SYMBOL KIEVAN FLAT SIGN	
音乐	𝇩	MUSICAL SYMBOL SORI	
音乐	𝇪	MUSICAL SYMBOL KORON	
音乐	𝀀	BYZANTINE MUSICAL SYMBOL PSILI	
音乐	𝀁	BYZANTINE MUSICAL SYMBOL DASEIA	
音乐	𝀂	BYZANTINE MUSICAL SYMBOL PERISPOMENI	
音乐	𝀃	BYZANTINE MUSICAL SYMBOL OXEIA EKFONITIKON	
音乐	𝀄	BYZANTINE MUSICAL SYMBOL OXEIA DIPLI	
音乐	𝀅	BYZANTINE MUSICAL SYMBOL VAREIA EKFONITIKON	
音乐	𝀆	BYZANTINE MUSICAL SYMBOL VAREIA DIPLI	
音乐	𝀇	BYZANTINE MUSICAL SYMBOL KATHISTI	
音乐	𝀈	BYZANTINE MUSICAL SYMBOL SYRMATIKI	
音乐	𝀉	BYZANTINE MUSICAL SYMBOL PARAKLITIKI	
音乐	𝀊	BYZANTINE MUSICAL SYMBOL YPOKRISIS	
音乐	𝀋	BYZANTINE MUSICAL SYMBOL YPOKRISIS DIPLI	
音乐	𝀌	BYZANTINE MUSICAL SYMBOL KREMASTI	
音乐	𝀍	BYZANTINE MUSICAL SYMBOL APESO EKFONITIKON	
音乐	𝀎	BYZANTINE MUSICAL SYMBOL EXO EKFONITIKON	
音乐	𝀏	BYZANTINE MUSICAL SYMBOL TELEIA	
音乐	𝀐	BYZANTINE MUSICAL SYMBOL KENTIMATA	
音乐	𝀑	BYZANTINE MUSICAL SYMBOL APOSTROFOS	
音乐	𝀒	BYZANTINE MUSICAL SYMBOL APOSTROFOS DIPLI	
音乐	𝀓	BYZANTINE MUSICAL SYMBOL SYNEVMA	
音乐	𝀔	BYZANTINE MUSICAL SYMBOL THITA	
音乐	𝀕	BYZANTINE MUSICAL SYMBOL OLIGON ARCHAION	
音乐	𝀖	BYZANTINE MUSICAL SYMBOL GORGON ARCHAION	
音乐	𝀗	BYZANTINE MUSICAL SYMBOL PSILON	
音乐	𝀘	BYZANTINE MUSICAL SYMBOL CHAMILON	
音乐	𝀙	BYZANTINE MUSICAL SYMBOL VATHY	
音乐	𝀚	BYZANTINE MUSICAL SYMBOL ISON ARCHAION	
音乐	𝀛	BYZANTINE MUSICAL SYMBOL KENTIMA ARCHAION	
音乐	𝀜	BYZANTINE MUSICAL SYMBOL KENTIMATA ARCHAION	
音乐	𝀝	BYZANTINE MUSICAL SYMBOL SAXIMATA	
音乐	𝀞	BYZANTINE MUSICAL SYMBOL PARICHON	
音乐	𝀟	BYZANTINE MUSICAL SYMBOL STAVROS APODEXIA	
音乐	𝀠	BYZANTINE MUSICAL SYMBOL OXEIAI ARCHAION	
音乐	𝀡	BYZANTINE MUSICAL SYMBOL VAREIAI ARCHAION	
音乐	𝀢	BYZANTINE MUSICAL SYMBOL APODERMA ARCHAION	
音乐	𝀣	BYZANTINE MUSICAL SYMBOL APOTHEMA	
音乐	𝀤	BYZANTINE MUSICAL SYMBOL KLASMA	
音乐	𝀥	BYZANTINE MUSICAL SYMBOL REVMA	
音乐	𝀦	BYZANTINE MUSICAL SYMBOL PIASMA ARCHAION	
音乐	𝀧	BYZANTINE MUSICAL SYMBOL TINAGMA	
音乐	𝀨	BYZANTINE MUSICAL SYMBOL ANATRICHISMA	
音乐	𝀩	BYZANTINE MUSICAL SYMBOL SEISMA	
音乐	𝀪	BYZANTINE MUSICAL SYMBOL SYNAGMA ARCHAION	
音乐	𝀫	BYZANTINE MUSICAL SYMBOL SYNAGMA META STAVROU	
音乐	𝀬	BYZANTINE MUSICAL SYMBOL OYRANISMA ARCHAION	
音乐	𝀭	BYZANTINE MUSICAL SYMBOL THEMA	
音乐	𝀮	BYZANTINE MUSICAL SYMBOL LEMOI	
音乐	𝀯	BYZANTINE MUSICAL SYMBOL DYO	
音乐	𝀰	BYZANTINE MUSICAL SYMBOL TRIA	
音乐	𝀱	BYZANTINE MUSICAL SYMBOL TESSERA	
音乐	𝀲	BYZANTINE MUSICAL SYMBOL KRATIMATA	
音乐	𝀳	BYZANTINE MUSICAL SYMBOL APESO EXO NEO	
音乐	𝀴	BYZANTINE MUSICAL SYMBOL FTHORA ARCHAION	
音乐	𝀵	BYZANTINE MUSICAL SYMBOL IMIFTHORA	
音乐	𝀶	BYZANTINE MUSICAL SYMBOL TROMIKON ARCHAION	
音乐	𝀷	BYZANTINE MUSICAL SYMBOL KATAVA TROMIKON	
音乐	𝀸	BYZANTINE MUSICAL SYMBOL PELASTON	
音乐	𝀹	BYZANTINE MUSICAL SYMBOL PSIFISTON	
音乐	𝀺	BYZANTINE MUSICAL SYMBOL KONTEVMA	
音乐	𝀻	BYZANTINE MUSICAL SYMBOL CHOREVMA ARCHAION	
音乐	𝀼	BYZANTINE MUSICAL SYMBOL RAPISMA	
音乐	𝀽	BYZANTINE MUSICAL SYMBOL PARAKALESMA ARCHAION	
音乐	𝀾	BYZANTINE MUSICAL SYMBOL PARAKLITIKI ARCHAION	
音乐	𝀿	BYZANTINE MUSICAL SYMBOL ICHADIN	
音乐	𝁀	BYZANTINE MUSICAL SYMBOL NANA	
音乐	𝁁	BYZANTINE MUSICAL SYMBOL PETASMA	
音乐	𝁂	BYZANTINE MUSICAL SYMBOL KONTEVMA ALLO	
音乐	𝁃	BYZANTINE MUSICAL SYMBOL TROMIKON ALLO	
音乐	𝁄	BYZANTINE MUSICAL SYMBOL STRAGGISMATA	
音乐	𝁅	BYZANTINE MUSICAL SYMBOL GRONTHISMATA	
音乐	𝁆	BYZANTINE MUSICAL SYMBOL ISON NEO	
音乐	𝁇	BYZANTINE MUSICAL SYMBOL OLIGON NEO	
音乐	𝁈	BYZANTINE MUSICAL SYMBOL OXEIA NEO	
音乐	𝁉	BYZANTINE MUSICAL SYMBOL PETASTI	
音乐	𝁊	BYZANTINE MUSICAL SYMBOL KOUFISMA	
音乐	𝁋	BYZANTINE MUSICAL SYMBOL PETASTOKOUFISMA	
音乐	𝁌	BYZANTINE MUSICAL SYMBOL KRATIMOKOUFISMA	
音乐	𝁍	BYZANTINE MUSICAL SYMBOL PELASTON NEO	
音乐	𝁎	BYZANTINE MUSICAL SYMBOL KENTIMATA NEO ANO	
音乐	𝁏	BYZANTINE MUSICAL SYMBOL KENTIMA NEO ANO	
音乐	𝁐	BYZANTINE MUSICAL SYMBOL YPSILI	
音乐	𝁑	BYZANTINE MUSICAL SYMBOL APOSTROFOS NEO	
音乐	𝁒	BYZANTINE MUSICAL SYMBOL APOSTROFOI SYNDESMOS NEO	
音乐	𝁓	BYZANTINE MUSICAL SYMBOL YPORROI	
音乐	𝁔	BYZANTINE MUSICAL SYMBOL KRATIMOYPORROON	
音乐	𝁕	BYZANTINE MUSICAL SYMBOL ELAFRON	
音乐	𝁖	BYZANTINE MUSICAL SYMBOL CHAMILI	
音乐	𝁗	BYZANTINE MUSICAL SYMBOL MIKRON ISON	
音乐	𝁘	BYZANTINE MUSICAL SYMBOL VAREIA NEO	
音乐	𝁙	BYZANTINE MUSICAL SYMBOL PIASMA NEO	
音乐	𝁚	BYZANTINE MUSICAL SYMBOL PSIFISTON NEO	
音乐	𝁛	BYZANTINE MUSICAL SYMBOL OMALON	
音乐	𝁜	BYZANTINE MUSICAL SYMBOL ANTIKENOMA	
音乐	𝁝	BYZANTINE MUSICAL SYMBOL LYGISMA	
音乐	𝁞	BYZANTINE MUSICAL SYMBOL PARAKLITIKI NEO	
音乐	𝁟	BYZANTINE MUSICAL SYMBOL PARAKALESMA NEO	
音乐	𝁠	BYZANTINE MUSICAL SYMBOL ETERON PARAKALESMA	
音乐	𝁡	BYZANTINE MUSICAL SYMBOL KYLISMA	
音乐	𝁢	BYZANTINE MUSICAL SYMBOL ANTIKENOKYLISMA	
音乐	𝁣	BYZANTINE MUSICAL SYMBOL TROMIKON NEO	
音乐	𝁤	BYZANTINE MUSICAL SYMBOL EKSTREPTON	
音乐	𝁥	BYZANTINE MUSICAL SYMBOL SYNAGMA NEO	
音乐	𝁦	BYZANTINE MUSICAL SYMBOL SYRMA	
音乐	𝁧	BYZANTINE MUSICAL SYMBOL CHOREVMA NEO	
音乐	𝁨	BYZANTINE MUSICAL SYMBOL EPEGERMA	
音乐	𝁩	BYZANTINE MUSICAL SYMBOL SEISMA NEO	
音乐	𝁪	BYZANTINE MUSICAL SYMBOL XIRON KLASMA	
音乐	𝁫	BYZANTINE MUSICAL SYMBOL TROMIKOPSIFISTON	
音乐	𝁬	BYZANTINE MUSICAL SYMBOL PSIFISTOLYGISMA	
音乐	𝁭	BYZANTINE MUSICAL SYMBOL TROMIKOLYGISMA	
音乐	𝁮	BYZANTINE MUSICAL SYMBOL TROMIKOPARAKALESMA	
音乐	𝁯	BYZANTINE MUSICAL SYMBOL PSIFISTOPARAKALESMA	
音乐	𝁰	BYZANTINE MUSICAL SYMBOL TROMIKOSYNAGMA	
音乐	𝁱	BYZANTINE MUSICAL SYMBOL PSIFISTOSYNAGMA	
音乐	𝁲	BYZANTINE MUSICAL SYMBOL GORGOSYNTHETON	
音乐	𝁳	BYZANTINE MUSICAL SYMBOL ARGOSYNTHETON	
音乐	𝁴	BYZANTINE MUSICAL SYMBOL ETERON ARGOSYNTHETON	
音乐	𝁵	BYZANTINE MUSICAL SYMBOL OYRANISMA NEO	
音乐	𝁶	BYZANTINE MUSICAL SYMBOL THEMATISMOS ESO	
音乐	𝁷	BYZANTINE MUSICAL SYMBOL THEMATISMOS EXO	
音乐	𝁸	BYZANTINE MUSICAL SYMBOL THEMA APLOUN	
音乐	𝁹	BYZANTINE MUSICAL SYMBOL THES KAI APOTHES	
音乐	𝁺	BYZANTINE MUSICAL SYMBOL KATAVASMA	
音乐	𝁻	BYZANTINE MUSICAL SYMBOL ENDOFONON	
音乐	𝁼	BYZANTINE MUSICAL SYMBOL YFEN KATO	
音乐	𝁽	BYZANTINE MUSICAL SYMBOL YFEN ANO	
音乐	𝁾	BYZANTINE MUSICAL SYMBOL STAVROS	
音乐	𝁿	BYZANTINE MUSICAL SYMBOL KLASMA ANO	
音乐	𝂀	BYZANTINE MUSICAL SYMBOL DIPLI ARCHAION	
音乐	𝂁	BYZANTINE MUSICAL SYMBOL KRATIMA ARCHAION	
音乐	𝂂	BYZANTINE MUSICAL SYMBOL KRATIMA ALLO	
音乐	𝂃	BYZANTINE MUSICAL SYMBOL KRATIMA NEO	
音乐	𝂄	BYZANTINE MUSICAL SYMBOL APODERMA NEO	
音乐	𝂅	BYZANTINE MUSICAL SYMBOL APLI	
音乐	𝂆	BYZANTINE MUSICAL SYMBOL DIPLI	
音乐	𝂇	BYZANTINE MUSICAL SYMBOL TRIPLI	
音乐	𝂈	BYZANTINE MUSICAL SYMBOL TETRAPLI	
音乐	𝂉	BYZANTINE MUSICAL SYMBOL KORONIS	
音乐	𝂊	BYZANTINE MUSICAL SYMBOL LEIMMA ENOS CHRONOU	
音乐	𝂋	BYZANTINE MUSICAL SYMBOL LEIMMA DYO CHRONON	
音乐	𝂌	BYZANTINE MUSICAL SYMBOL LEIMMA TRION CHRONON	
音乐	𝂍	BYZANTINE MUSICAL SYMBOL LEIMMA TESSARON CHRONON	
音乐	𝂎	BYZANTINE MUSICAL SYMBOL LEIMMA IMISEOS CHRONOU	
音乐	𝂏	BYZANTINE MUSICAL SYMBOL GORGON NEO ANO	
音乐	𝂐	BYZANTINE MUSICAL SYMBOL GORGON PARESTIGMENON ARISTERA	
音乐	𝂑	BYZANTINE MUSICAL SYMBOL GORGON PARESTIGMENON DEXIA	
音乐	𝂒	BYZANTINE MUSICAL SYMBOL DIGORGON	
音乐	𝂓	BYZANTINE MUSICAL SYMBOL DIGORGON PARESTIGMENON ARISTERA KATO	
音乐	𝂔	BYZANTINE MUSICAL SYMBOL DIGORGON PARESTIGMENON ARISTERA ANO	
音乐	𝂕	BYZANTINE MUSICAL SYMBOL DIGORGON PARESTIGMENON DEXIA	
音乐	𝂖	BYZANTINE MUSICAL SYMBOL TRIGORGON	
音乐	𝂗	BYZANTINE MUSICAL SYMBOL ARGON	
音乐	𝂘	BYZANTINE MUSICAL SYMBOL IMIDIARGON	
音乐	𝂙	BYZANTINE MUSICAL SYMBOL DIARGON	
音乐	𝂚	BYZANTINE MUSICAL SYMBOL AGOGI POLI ARGI	
音乐	𝂛	BYZANTINE MUSICAL SYMBOL AGOGI ARGOTERI	
音乐	𝂜	BYZANTINE MUSICAL SYMBOL AGOGI ARGI	
音乐	𝂝	BYZANTINE MUSICAL SYMBOL AGOGI METRIA	
音乐	𝂞	BYZANTINE MUSICAL SYMBOL AGOGI MESI	
音乐	𝂟	BYZANTINE MUSICAL SYMBOL AGOGI GORGI	
音乐	𝂠	BYZANTINE MUSICAL SYMBOL AGOGI GORGOTERI	
音乐	𝂡	BYZANTINE MUSICAL SYMBOL AGOGI POLI GORGI	
音乐	𝂢	BYZANTINE MUSICAL SYMBOL MARTYRIA PROTOS ICHOS	
音乐	𝂣	BYZANTINE MUSICAL SYMBOL MARTYRIA ALLI PROTOS ICHOS	
音乐	𝂤	BYZANTINE MUSICAL SYMBOL MARTYRIA DEYTEROS ICHOS	
音乐	𝂥	BYZANTINE MUSICAL SYMBOL MARTYRIA ALLI DEYTEROS ICHOS	
音乐	𝂦	BYZANTINE MUSICAL SYMBOL MARTYRIA TRITOS ICHOS	
音乐	𝂧	BYZANTINE MUSICAL SYMBOL MARTYRIA TRIFONIAS	
音乐	𝂨	BYZANTINE MUSICAL SYMBOL MARTYRIA TETARTOS ICHOS	
音乐	𝂩	BYZANTINE MUSICAL SYMBOL MARTYRIA TETARTOS LEGETOS ICHOS	
音乐	𝂪	BYZANTINE MUSICAL SYMBOL MARTYRIA LEGETOS ICHOS	
音乐	𝂫	BYZANTINE MUSICAL SYMBOL MARTYRIA PLAGIOS ICHOS	
音乐	𝂬	BYZANTINE MUSICAL SYMBOL ISAKIA TELOUS ICHIMATOS	
音乐	𝂭	BYZANTINE MUSICAL SYMBOL APOSTROFOI TELOUS ICHIMATOS	
音乐	𝂮	BYZANTINE MUSICAL SYMBOL FANEROSIS TETRAFONIAS	
音乐	𝂯	BYZANTINE MUSICAL SYMBOL FANEROSIS MONOFONIAS	
音乐	𝂰	BYZANTINE MUSICAL SYMBOL FANEROSIS DIFONIAS	
音乐	𝂱	BYZANTINE MUSICAL SYMBOL MARTYRIA VARYS ICHOS	
音乐	𝂲	BYZANTINE MUSICAL SYMBOL MARTYRIA PROTOVARYS ICHOS	
音乐	𝂳	BYZANTINE MUSICAL SYMBOL MARTYRIA PLAGIOS TETARTOS ICHOS	
音乐	𝂴	BYZANTINE MUSICAL SYMBOL GORTHMIKON N APLOUN	
音乐	𝂵	BYZANTINE MUSICAL SYMBOL GORTHMIKON N DIPLOUN	
音乐	𝂶	BYZANTINE MUSICAL SYMBOL ENARXIS KAI FTHORA VOU	
音乐	𝂷	BYZANTINE MUSICAL SYMBOL IMIFONON	
音乐	𝂸	BYZANTINE MUSICAL SYMBOL IMIFTHORON	
音乐	𝂹	BYZANTINE MUSICAL SYMBOL FTHORA ARCHAION DEYTEROU ICHOU	
音乐	𝂺	BYZANTINE MUSICAL SYMBOL FTHORA DIATONIKI PA	
音乐	𝂻	BYZANTINE MUSICAL SYMBOL FTHORA DIATONIKI NANA	
音乐	𝂼	BYZANTINE MUSICAL SYMBOL FTHORA NAOS ICHOS	
音乐	𝂽	BYZANTINE MUSICAL SYMBOL FTHORA DIATONIKI DI	
音乐	𝂾	BYZANTINE MUSICAL SYMBOL FTHORA SKLIRON DIATONON DI	
音乐	𝂿	BYZANTINE MUSICAL SYMBOL FTHORA DIATONIKI KE	
音乐	𝃀	BYZANTINE MUSICAL SYMBOL FTHORA DIATONIKI ZO	
音乐	𝃁	BYZANTINE MUSICAL SYMBOL FTHORA DIATONIKI NI KATO	
音乐	𝃂	BYZANTINE MUSICAL SYMBOL FTHORA DIATONIKI NI ANO	
音乐	𝃃	BYZANTINE MUSICAL SYMBOL FTHORA MALAKON CHROMA DIFONIAS	
音乐	𝃄	BYZANTINE MUSICAL SYMBOL FTHORA MALAKON CHROMA MONOFONIAS	
音乐	𝃅	BYZANTINE MUSICAL SYMBOL FHTORA SKLIRON CHROMA VASIS	
音乐	𝃆	BYZANTINE MUSICAL SYMBOL FTHORA SKLIRON CHROMA SYNAFI	
音乐	𝃇	BYZANTINE MUSICAL SYMBOL FTHORA NENANO	
音乐	𝃈	BYZANTINE MUSICAL SYMBOL CHROA ZYGOS	
音乐	𝃉	BYZANTINE MUSICAL SYMBOL CHROA KLITON	
音乐	𝃊	BYZANTINE MUSICAL SYMBOL CHROA SPATHI	
音乐	𝃋	BYZANTINE MUSICAL SYMBOL FTHORA I YFESIS TETARTIMORION	
音乐	𝃌	BYZANTINE MUSICAL SYMBOL FTHORA ENARMONIOS ANTIFONIA	
音乐	𝃍	BYZANTINE MUSICAL SYMBOL YFESIS TRITIMORION	
音乐	𝃎	BYZANTINE MUSICAL SYMBOL DIESIS TRITIMORION	
音乐	𝃏	BYZANTINE MUSICAL SYMBOL DIESIS TETARTIMORION	
音乐	𝃐	BYZANTINE MUSICAL SYMBOL DIESIS APLI DYO DODEKATA	
音乐	𝃑	BYZANTINE MUSICAL SYMBOL DIESIS MONOGRAMMOS TESSERA DODEKATA	
音乐	𝃒	BYZANTINE MUSICAL SYMBOL DIESIS DIGRAMMOS EX DODEKATA	
音乐	𝃓	BYZANTINE MUSICAL SYMBOL DIESIS TRIGRAMMOS OKTO DODEKATA	
音乐	𝃔	BYZANTINE MUSICAL SYMBOL YFESIS APLI DYO DODEKATA	
音乐	𝃕	BYZANTINE MUSICAL SYMBOL YFESIS MONOGRAMMOS TESSERA DODEKATA	
音乐	𝃖	BYZANTINE MUSICAL SYMBOL YFESIS DIGRAMMOS EX DODEKATA	
音乐	𝃗	BYZANTINE MUSICAL SYMBOL YFESIS TRIGRAMMOS OKTO DODEKATA	
音乐	𝃘	BYZANTINE MUSICAL SYMBOL GENIKI DIESIS	
音乐	𝃙	BYZANTINE MUSICAL SYMBOL GENIKI YFESIS	
音乐	𝃚	BYZANTINE MUSICAL SYMBOL DIASTOLI APLI MIKRI	
音乐	𝃛	BYZANTINE MUSICAL SYMBOL DIASTOLI APLI MEGALI	
音乐	𝃜	BYZANTINE MUSICAL SYMBOL DIASTOLI DIPLI	
音乐	𝃝	BYZANTINE MUSICAL SYMBOL DIASTOLI THESEOS	
音乐	𝃞	BYZANTINE MUSICAL SYMBOL SIMANSIS THESEOS	
音乐	𝃟	BYZANTINE MUSICAL SYMBOL SIMANSIS THESEOS DISIMOU	
音乐	𝃠	BYZANTINE MUSICAL SYMBOL SIMANSIS THESEOS TRISIMOU	
音乐	𝃡	BYZANTINE MUSICAL SYMBOL SIMANSIS THESEOS TETRASIMOU	
音乐	𝃢	BYZANTINE MUSICAL SYMBOL SIMANSIS ARSEOS	
音乐	𝃣	BYZANTINE MUSICAL SYMBOL SIMANSIS ARSEOS DISIMOU	
音乐	𝃤	BYZANTINE MUSICAL SYMBOL SIMANSIS ARSEOS TRISIMOU	
音乐	𝃥	BYZANTINE MUSICAL SYMBOL SIMANSIS ARSEOS TETRASIMOU	
音乐	𝃦	BYZANTINE MUSICAL SYMBOL DIGRAMMA GG	
音乐	𝃧	BYZANTINE MUSICAL SYMBOL DIFTOGGOS OU	
音乐	𝃨	BYZANTINE MUSICAL SYMBOL STIGMA	
音乐	𝃩	BYZANTINE MUSICAL SYMBOL ARKTIKO PA	
音乐	𝃪	BYZANTINE MUSICAL SYMBOL ARKTIKO VOU	
音乐	𝃫	BYZANTINE MUSICAL SYMBOL ARKTIKO GA	
音乐	𝃬	BYZANTINE MUSICAL SYMBOL ARKTIKO DI	
音乐	𝃭	BYZANTINE MUSICAL SYMBOL ARKTIKO KE	
音乐	𝃮	BYZANTINE MUSICAL SYMBOL ARKTIKO ZO	
音乐	𝃯	BYZANTINE MUSICAL SYMBOL ARKTIKO NI	
音乐	𝃰	BYZANTINE MUSICAL SYMBOL KENTIMATA NEO MESO	
音乐	𝃱	BYZANTINE MUSICAL SYMBOL KENTIMA NEO MESO	
音乐	𝃲	BYZANTINE MUSICAL SYMBOL KENTIMATA NEO KATO	
音乐	𝃳	BYZANTINE MUSICAL SYMBOL KENTIMA NEO KATO	
音乐	𝃴	BYZANTINE MUSICAL SYMBOL KLASMA KATO	
音乐	𝃵	BYZANTINE MUSICAL SYMBOL GORGON NEO KATO	
几何图形	■	BLACK SQUARE	
几何图形	□	WHITE SQUARE	
几何图形	▢	WHITE SQUARE WITH ROUNDED CORNERS	
几何图形	▣	WHITE SQUARE CONTAINING BLACK SMALL SQUARE	
几何图形	▤	SQUARE WITH HORIZONTAL FILL	
几何图形	▥	SQUARE WITH VERTICAL FILL	
几何图形	▦	SQUARE WITH ORTHOGONAL CROSSHATCH FILL	
几何图形	▧	SQUARE WITH UPPER LEFT TO LOWER RIGHT FILL	
几何图形	▨	SQUARE WITH UPPER RIGHT TO LOWER LEFT FILL	
几何图形	▩	SQUARE WITH DIAGONAL CROSSHATCH FILL	
几何图形	▪	BLACK SMALL SQUARE	
几何图形	▫	WHITE SMALL SQUARE	
几何图形	▬	BLACK RECTANGLE	
几何图形	▭	WHITE RECTANGLE	
几何图形	▮	BLACK VERTICAL RECTANGLE	
几何图形	▯	WHITE VERTICAL RECTANGLE	
几何图形	▰	BLACK PARALLELOGRAM	
几何图形	▱	WHITE PARALLELOGRAM	
几何图形	▲	BLACK UP-POINTING TRIANGLE	
几何图形	△	WHITE UP-POINTING TRIANGLE	
几何图形	▴	BLACK UP-POINTING SMALL TRIANGLE	
几何图形	▵	WHITE UP-POINTING SMALL TRIANGLE	
几何图形	▶	BLACK RIGHT-POINTING TRIANGLE	
几何图形	▷	WHITE RIGHT-POINTING TRIANGLE	
几何图形	▸	BLACK RIGHT-POINTING SMALL TRIANGLE	
几何图形	▹	WHITE RIGHT-POINTING SMALL TRIANGLE	
几何图形	►	BLACK RIGHT-POINTING POINTER	
几何图形	▻	WHITE RIGHT-POINTING POINTER	
几何图形	▼	BLACK DOWN-POINTING TRIANGLE	
几何图形	▽	WHITE DOWN-POINTING TRIANGLE	
几何图形	▾	BLACK DOWN-POINTING SMALL TRIANGLE	
几何图形	▿	WHITE DOWN-POINTING SMALL TRIANGLE	
几何图形	◀	BLACK LEFT-POINTING TRIANGLE	
几何图形	◁	WHITE LEFT-POINTING TRIANGLE	
几何图形	◂	BLACK LEFT-POINTING SMALL TRIANGLE	
几何图形	◃	WHITE LEFT-POINTING SMALL TRIANGLE	
几何图形	◄	BLACK LEFT-POINTING POINTER	
几何图形	◅	WHITE LEFT-POINTING POINTER	
几何图形	◆	BLACK DIAMOND	
几何图形	◇	WHITE DIAMOND	
几何图形	◈	WHITE DIAMOND CONTAINING BLACK SMALL DIAMOND	
几何图形	◉	FISHEYE	
几何图形	◊	LOZENGE	
几何图形	○	WHITE CIRCLE	
几何图形	◌	DOTTED CIRCLE	
几何图形	◍	CIRCLE WITH VERTICAL FILL	
几何图形	◎	BULLSEYE	
几何图形	●	BLACK CIRCLE	
几何图形	◐	CIRCLE WITH LEFT HALF BLACK	
几何图形	◑	CIRCLE WITH RIGHT HALF BLACK	
几何图形	◒	CIRCLE WITH LOWER HALF BLACK	
几何图形	◓	CIRCLE WITH UPPER HALF BLACK	
几何图形	◔	CIRCLE WITH UPPER RIGHT QUADRANT BLACK	
几何图形	◕	CIRCLE WITH ALL BUT UPPER LEFT QUADRANT BLACK	
几何图形	◖	LEFT HALF BLACK CIRCLE	
几何图形	◗	RIGHT HALF BLACK CIRCLE	
几何图形	◘	INVERSE BULLET	
几何图形	◙	INVERSE WHITE CIRCLE	
几何图形	◚	UPPER HALF INVERSE WHITE CIRCLE	
几何图形	◛	LOWER HALF INVERSE WHITE CIRCLE	
几何图形	◜	UPPER LEFT QUADRANT CIRCULAR ARC	
几何图形	◝	UPPER RIGHT QUADRANT CIRCULAR ARC	
几何图形	◞	LOWER RIGHT QUADRANT CIRCULAR ARC	
几何图形	◟	LOWER LEFT QUADRANT CIRCULAR ARC	
几何图形	◠	UPPER HALF CIRCLE	
几何图形	◡	LOWER HALF CIRCLE	
几何图形	◢	BLACK LOWER RIGHT TRIANGLE	
几何图形	◣	BLACK LOWER LEFT TRIANGLE	
几何图形	◤	BLACK UPPER LEFT TRIANGLE	
几何图形	◥	BLACK UPPER RIGHT TRIANGLE	
几何图形	◦	WHITE BULLET	
几何图形	◧	SQUARE WITH LEFT HALF BLACK	
几何图形	◨	SQUARE WITH RIGHT HALF BLACK	
几何图形	◩	SQUARE WITH UPPER LEFT DIAGONAL HALF BLACK	
几何图形	◪	SQUARE WITH LOWER RIGHT DIAGONAL HALF BLACK	
几何图形	◫	WHITE SQUARE WITH VERTICAL BISECTING LINE	
几何图形	◬	WHITE UP-POINTING TRIANGLE WITH DOT	
几何图形	◭	UP-POINTING TRIANGLE WITH LEFT HALF BLACK	
几何图形	◮	UP-POINTING TRIANGLE WITH RIGHT HALF BLACK	
几何图形	◯	LARGE CIRCLE	
几何图形	◰	WHITE SQUARE WITH UPPER LEFT QUADRANT	
几何图形	◱	WHITE SQUARE WITH LOWER LEFT QUADRANT	
几何图形	◲	WHITE SQUARE WITH LOWER RIGHT QUADRANT	
几何图形	◳	WHITE SQUARE WITH UPPER RIGHT QUADRANT	
几何图形	◴	WHITE CIRCLE WITH UPPER LEFT QUADRANT	
几何图形	◵	WHITE CIRCLE WITH LOWER LEFT QUADRANT	
几何图形	◶	WHITE CIRCLE WITH LOWER RIGHT QUADRANT	
几何图形	◷	WHITE CIRCLE WITH UPPER RIGHT QUADRANT	
几何图形	◸	UPPER LEFT TRIANGLE	
几何图形	◹	UPPER RIGHT TRIANGLE	
几何图形	◺	LOWER LEFT TRIANGLE	
几何图形	◻	WHITE MEDIUM SQUARE	
几何图形	◼	BLACK MEDIUM SQUARE	
几何图形	◽	WHITE MEDIUM SMALL SQUARE	
几何图形	◾	BLACK MEDIUM SMALL SQUARE	
几何图形	◿	LOWER RIGHT TRIANGLE	
几何图形	⬒	SQUARE WITH TOP HALF BLACK	
几何图形	⬓	SQUARE WITH BOTTOM HALF BLACK	
几何图形	⬔	SQUARE WITH UPPER RIGHT DIAGONAL HALF BLACK	
几何图形	⬕	SQUARE WITH LOWER LEFT DIAGONAL HALF BLACK	
几何图形	⬖	DIAMOND WITH LEFT HALF BLACK	
几何图形	⬗	DIAMOND WITH RIGHT HALF BLACK	
几何图形	⬘	DIAMOND WITH TOP HALF BLACK	
几何图形	⬙	DIAMOND WITH BOTTOM HALF BLACK	
几何图形	⬚	DOTTED SQUARE	
几何图形	⬛	BLACK LARGE SQUARE	
几何图形	⬜	WHITE LARGE SQUARE	
几何图形	⬝	BLACK VERY SMALL SQUARE	
几何图形	⬞	WHITE VERY SMALL SQUARE	
几何图形	⬟	BLACK PENTAGON	
几何图形	⬠	WHITE PENTAGON	
几何图形	⬡	WHITE HEXAGON	
几何图形	⬢	BLACK HEXAGON	
几何图形	⬣	HORIZONTAL BLACK HEXAGON	
几何图形	⬤	BLACK LARGE CIRCLE	
几何图形	⬥	BLACK MEDIUM DIAMOND	
几何图形	⬦	WHITE MEDIUM DIAMOND	
几何图形	⬧	BLACK MEDIUM LOZENGE	
几何图形	⬨	WHITE MEDIUM LOZENGE	
几何图形	⬩	BLACK SMALL DIAMOND	
几何图形	⬪	BLACK SMALL LOZENGE	
几何图形	⬫	WHITE SMALL LOZENGE	
几何图形	⬬	BLACK HORIZONTAL ELLIPSE	
几何图形	⬭	WHITE HORIZONTAL ELLIPSE	
几何图形	⬮	BLACK VERTICAL ELLIPSE	
几何图形	⬯	WHITE VERTICAL ELLIPSE	
几何图形	⭐	WHITE MEDIUM STAR	
几何图形	⭑	BLACK SMALL STAR	
几何图形	⭒	WHITE SMALL STAR	
几何图形	⭓	BLACK RIGHT-POINTING PENTAGON	
几何图形	⭔	WHITE RIGHT-POINTING PENTAGON	
几何图形	⭕	HEAVY LARGE CIRCLE	
几何图形	⭖	HEAVY OVAL WITH OVAL INSIDE	
几何图形	⭗	HEAVY CIRCLE WITH CIRCLE INSIDE	
几何图形	⭘	HEAVY CIRCLE	
几何图形	⭙	HEAVY CIRCLED SALTIRE	
几何图形	⭾	HORIZONTAL TAB KEY	
几何图形	⭿	VERTICAL TAB KEY	
几何图形	⮐	RETURN LEFT	
几何图形	⮑	RETURN RIGHT	
几何图形	⮒	NEWLINE LEFT	
几何图形	⮓	NEWLINE RIGHT	
几何图形	⮗	SYMBOL FOR TYPE A ELECTRONICS	
几何图形	⮺	OVERLAPPING WHITE SQUARES	
几何图形	⮻	OVERLAPPING WHITE AND BLACK SQUARES	
几何图形	⮼	OVERLAPPING BLACK SQUARES	
几何图形	⮽	BALLOT BOX WITH LIGHT X	
几何图形	⮾	CIRCLED X	
几何图形	⮿	CIRCLED BOLD X	
几何图形	⯀	BLACK SQUARE CENTRED	
几何图形	⯁	BLACK DIAMOND CENTRED	
几何图形	⯂	TURNED BLACK PENTAGON	
几何图形	⯃	HORIZONTAL BLACK OCTAGON	
几何图形	⯄	BLACK OCTAGON	
几何图形	⯅	BLACK MEDIUM UP-POINTING TRIANGLE CENTRED	
几何图形	⯆	BLACK MEDIUM DOWN-POINTING TRIANGLE CENTRED	
几何图形	⯇	BLACK MEDIUM LEFT-POINTING TRIANGLE CENTRED	
几何图形	⯈	BLACK MEDIUM RIGHT-POINTING TRIANGLE CENTRED	
几何图形	⯉	NEPTUNE FORM TWO	
几何图形	⯊	TOP HALF BLACK CIRCLE	
几何图形	⯋	BOTTOM HALF BLACK CIRCLE	
几何图形	⯌	LIGHT FOUR POINTED BLACK CUSP	
几何图形	⯍	ROTATED LIGHT FOUR POINTED BLACK CUSP	
几何图形	⯎	WHITE FOUR POINTED CUSP	
几何图形	⯏	ROTATED WHITE FOUR POINTED CUSP	
几何图形	⯐	SQUARE POSITION INDICATOR	
几何图形	⯑	UNCERTAINTY SIGN	
几何图形	⯒	GROUP MARK	
几何图形	⯓	PLUTO FORM TWO	
几何图形	⯔	PLUTO FORM THREE	
几何图形	⯕	PLUTO FORM FOUR	
几何图形	⯖	PLUTO FORM FIVE	
几何图形	⯗	TRANSPLUTO	
几何图形	⯘	PROSERPINA	
几何图形	⯙	ASTRAEA	
几何图形	⯚	HYGIEA	
几何图形	⯛	PHOLUS	
几何图形	⯜	NESSUS	
几何图形	⯝	WHITE MOON SELENA	
几何图形	⯞	BLACK DIAMOND ON CROSS	
几何图形	⯟	TRUE LIGHT MOON ARTA	
几何图形	⯠	CUPIDO	
几何图形	⯡	HADES	
几何图形	⯢	ZEUS	
几何图形	⯣	KRONOS	
几何图形	⯤	APOLLON	
几何图形	⯥	ADMETOS	
几何图形	⯦	VULCANUS	
几何图形	⯧	POSEIDON	
几何图形	⯨	LEFT HALF BLACK STAR	
几何图形	⯩	RIGHT HALF BLACK STAR	
几何图形	⯪	STAR WITH LEFT HALF BLACK	
几何图形	⯫	STAR WITH RIGHT HALF BLACK	
几何图形	⯰	ERIS FORM ONE	
几何图形	⯱	ERIS FORM TWO	
几何图形	⯲	SEDNA	
几何图形	⯳	RUSSIAN ASTROLOGICAL SYMBOL VIGINTILE	
几何图形	⯴	RUSSIAN ASTROLOGICAL SYMBOL NOVILE	
几何图形	⯵	RUSSIAN ASTROLOGICAL SYMBOL QUINTILE	
几何图形	⯶	RUSSIAN ASTROLOGICAL SYMBOL BINOVILE	
几何图形	⯷	RUSSIAN ASTROLOGICAL SYMBOL SENTAGON	
几何图形	⯸	RUSSIAN ASTROLOGICAL SYMBOL TREDECILE	
几何图形	⯹	EQUALS SIGN WITH INFINITY BELOW	
几何图形	⯺	UNITED SYMBOL	
几何图形	⯻	SEPARATED SYMBOL	
几何图形	⯼	DOUBLED SYMBOL	
几何图形	⯽	PASSED SYMBOL	
几何图形	⯾	REVERSED RIGHT ANGLE	
几何图形	⯿	HELLSCHREIBER PAUSE SYMBOL	
星号装饰	✀	BLACK SAFETY SCISSORS	
星号装饰	✁	UPPER BLADE SCISSORS	
星号装饰	✂	BLACK SCISSORS	
星号装饰	✃	LOWER BLADE SCISSORS	
星号装饰	✄	WHITE SCISSORS	
星号装饰	✅	WHITE HEAVY CHECK MARK	
星号装饰	✆	TELEPHONE LOCATION SIGN	
星号装饰	✇	TAPE DRIVE	
星号装饰	✈	AIRPLANE	
星号装饰	✉	ENVELOPE	
星号装饰	✊	RAISED FIST	
星号装饰	✋	RAISED HAND	
星号装饰	✌	VICTORY HAND	
星号装饰	✍	WRITING HAND	
星号装饰	✎	LOWER RIGHT PENCIL	
星号装饰	✏	PENCIL	
星号装饰	✐	UPPER RIGHT PENCIL	
星号装饰	✑	WHITE NIB	
星号装饰	✒	BLACK NIB	
星号装饰	✓	对勾	duigou check CHECK MARK
星号装饰	✔	HEAVY CHECK MARK	
星号装饰	✕	MULTIPLICATION X	
星号装饰	✖	HEAVY MULTIPLICATION X	
星号装饰	✗	叉号	chahao cross BALLOT X
星号装饰	✘	HEAVY BALLOT X	
星号装饰	✙	OUTLINED GREEK CROSS	
星号装饰	✚	HEAVY GREEK CROSS	
星号装饰	✛	OPEN CENTRE CROSS	
星号装饰	✜	HEAVY OPEN CENTRE CROSS	
星号装饰	✝	LATIN CROSS	
星号装饰	✞	SHADOWED WHITE LATIN CROSS	
星号装饰	✟	OUTLINED LATIN CROSS	
星号装饰	✠	MALTESE CROSS	
星号装饰	✡	STAR OF DAVID	
星号装饰	✢	FOUR TEARDROP-SPOKED ASTERISK	
星号装饰	✣	FOUR BALLOON-SPOKED ASTERISK	
星号装饰	✤	HEAVY FOUR BALLOON-SPOKED ASTERISK	
星号装饰	✥	FOUR CLUB-SPOKED ASTERISK	
星号装饰	✦	BLACK FOUR POINTED STAR	
星号装饰	✧	WHITE FOUR POINTED STAR	
星号装饰	✨	SPARKLES	
星号装饰	✩	STRESS OUTLINED WHITE STAR	
星号装饰	✪	CIRCLED WHITE STAR	
星号装饰	✫	OPEN CENTRE BLACK STAR	
星号装饰	✬	BLACK CENTRE WHITE STAR	
星号装饰	✭	OUTLINED BLACK STAR	
星号装饰	✮	HEAVY OUTLINED BLACK STAR	
星号装饰	✯	PINWHEEL STAR	
星号装饰	✰	SHADOWED WHITE STAR	
星号装饰	✱	HEAVY ASTERISK	
星号装饰	✲	OPEN CENTRE ASTERISK	
星号装饰	✳	EIGHT SPOKED ASTERISK	
星号装饰	✴	EIGHT POINTED BLACK STAR	
星号装饰	✵	EIGHT POINTED PINWHEEL STAR	
星号装饰	✶	SIX POINTED BLACK STAR	
星号装饰	✷	EIGHT POINTED RECTILINEAR BLACK STAR	
星号装饰	✸	HEAVY EIGHT POINTED RECTILINEAR BLACK STAR	
星号装饰	✹	TWELVE POINTED BLACK STAR	
星号装饰	✺	SIXTEEN POINTED ASTERISK	
星号装饰	✻	TEARDROP-SPOKED ASTERISK	
星号装饰	✼	OPEN CENTRE TEARDROP-SPOKED ASTERISK	
星号装饰	✽	HEAVY TEARDROP-SPOKED ASTERISK	
星号装饰	✾	SIX PETALLED BLACK AND WHITE FLORETTE	
星号装饰	✿	BLACK FLORETTE	
星号装饰	❀	WHITE FLORETTE	
星号装饰	❁	EIGHT PETALLED OUTLINED BLACK FLORETTE	
星号装饰	❂	CIRCLED OPEN CENTRE EIGHT POINTED STAR	
星号装饰	❃	HEAVY TEARDROP-SPOKED PINWHEEL ASTERISK	
星号装饰	❄	SNOWFLAKE	
星号装饰	❅	TIGHT TRIFOLIATE SNOWFLAKE	
星号装饰	❆	HEAVY CHEVRON SNOWFLAKE	
星号装饰	❇	SPARKLE	
星号装饰	❈	HEAVY SPARKLE	
星号装饰	❉	BALLOON-SPOKED ASTERISK	
星号装饰	❊	EIGHT TEARDROP-SPOKED PROPELLER ASTERISK	
星号装饰	❋	HEAVY EIGHT TEARDROP-SPOKED PROPELLER ASTERISK	
星号装饰	❌	CROSS MARK	
星号装饰	❍	SHADOWED WHITE CIRCLE	
星号装饰	❎	NEGATIVE SQUARED CROSS MARK	
星号装饰	❏	LOWER RIGHT DROP-SHADOWED WHITE SQUARE	
星号装饰	❐	UPPER RIGHT DROP-SHADOWED WHITE SQUARE	
星号装饰	❑	LOWER RIGHT SHADOWED WHITE SQUARE	
星号装饰	❒	UPPER RIGHT SHADOWED WHITE SQUARE	
星号装饰	❓	BLACK QUESTION MARK ORNAMENT	
星号装饰	❔	WHITE QUESTION MARK ORNAMENT	
星号装饰	❕	WHITE EXCLAMATION MARK ORNAMENT	
星号装饰	❖	BLACK DIAMOND MINUS WHITE X	
星号装饰	❗	HEAVY EXCLAMATION MARK SYMBOL	
星号装饰	❘	LIGHT VERTICAL BAR	
星号装饰	❙	MEDIUM VERTICAL BAR	
星号装饰	❚	HEAVY VERTICAL BAR	
星号装饰	❛	HEAVY SINGLE TURNED COMMA QUOTATION MARK ORNAMENT	
星号装饰	❜	HEAVY SINGLE COMMA QUOTATION MARK ORNAMENT	
星号装饰	❝	HEAVY DOUBLE TURNED COMMA QUOTATION MARK ORNAMENT	
星号装饰	❞	HEAVY DOUBLE COMMA QUOTATION MARK ORNAMENT	
星号装饰	❟	HEAVY LOW SINGLE COMMA QUOTATION MARK ORNAMENT	
星号装饰	❠	HEAVY LOW DOUBLE COMMA QUOTATION MARK ORNAMENT	
星号装饰	❡	CURVED STEM PARAGRAPH SIGN ORNAMENT	
星号装饰	❢	HEAVY EXCLAMATION MARK ORNAMENT	
星号装饰	❣	HEAVY HEART EXCLAMATION MARK ORNAMENT	
星号装饰	❤	HEAVY BLACK HEART	
星号装饰	❥	ROTATED HEAVY BLACK HEART BULLET	
星号装饰	❦	FLORAL HEART	
星号装饰	❧	ROTATED FLORAL HEART BULLET	
星号装饰	❨	MEDIUM LEFT PARENTHESIS ORNAMENT	
星号装饰	❩	MEDIUM RIGHT PARENTHESIS ORNAMENT	
星号装饰	❪	MEDIUM FLATTENED LEFT PARENTHESIS ORNAMENT	
星号装饰	❫	MEDIUM FLATTENED RIGHT PARENTHESIS ORNAMENT	
星号装饰	❬	MEDIUM LEFT-POINTING ANGLE BRACKET ORNAMENT	
星号装饰	❭	MEDIUM RIGHT-POINTING ANGLE BRACKET ORNAMENT	
星号装饰	❮	HEAVY LEFT-POINTING ANGLE QUOTATION MARK ORNAMENT	
星号装饰	❯	HEAVY RIGHT-POINTING ANGLE QUOTATION MARK ORNAMENT	
星号装饰	❰	HEAVY LEFT-POINTING ANGLE BRACKET ORNAMENT	
星号装饰	❱	HEAVY RIGHT-POINTING ANGLE BRACKET ORNAMENT	
星号装饰	❲	LIGHT LEFT TORTOISE SHELL BRACKET ORNAMENT	
星号装饰	❳	LIGHT RIGHT TORTOISE SHELL BRACKET ORNAMENT	
星号装饰	❴	MEDIUM LEFT CURLY BRACKET ORNAMENT	
星号装饰	❵	MEDIUM RIGHT CURLY BRACKET ORNAMENT	
星号装饰	➔	HEAVY WIDE-HEADED RIGHTWARDS ARROW	
星号装饰	➕	HEAVY PLUS SIGN	
星号装饰	➖	HEAVY MINUS SIGN	
星号装饰	➗	HEAVY DIVISION SIGN	
星号装饰	➘	HEAVY SOUTH EAST ARROW	
星号装饰	➙	HEAVY RIGHTWARDS ARROW	
星号装饰	➚	HEAVY NORTH EAST ARROW	
星号装饰	➛	DRAFTING POINT RIGHTWARDS ARROW	
星号装饰	➜	HEAVY ROUND-TIPPED RIGHTWARDS ARROW	
星号装饰	➝	TRIANGLE-HEADED RIGHTWARDS ARROW	
星号装饰	➞	HEAVY TRIANGLE-HEADED RIGHTWARDS ARROW	
星号装饰	➟	DASHED TRIANGLE-HEADED RIGHTWARDS ARROW	
星号装饰	➠	HEAVY DASHED TRIANGLE-HEADED RIGHTWARDS ARROW	
星号装饰	➡	BLACK RIGHTWARDS ARROW	
星号装饰	➢	THREE-D TOP-LIGHTED RIGHTWARDS ARROWHEAD	
星号装饰	➣	THREE-D BOTTOM-LIGHTED RIGHTWARDS ARROWHEAD	
星号装饰	➤	BLACK RIGHTWARDS ARROWHEAD	
星号装饰	➥	HEAVY BLACK CURVED DOWNWARDS AND RIGHTWARDS ARROW	
星号装饰	➦	HEAVY BLACK CURVED UPWARDS AND RIGHTWARDS ARROW	
星号装饰	➧	SQUAT BLACK RIGHTWARDS ARROW	
星号装饰	➨	HEAVY CONCAVE-POINTED BLACK RIGHTWARDS ARROW	
星号装饰	➩	RIGHT-SHADED WHITE RIGHTWARDS ARROW	
星号装饰	➪	LEFT-SHADED WHITE RIGHTWARDS ARROW	
星号装饰	➫	BACK-TILTED SHADOWED WHITE RIGHTWARDS ARROW	
星号装饰	➬	FRONT-TILTED SHADOWED WHITE RIGHTWARDS ARROW	
星号装饰	➭	HEAVY LOWER RIGHT-SHADOWED WHITE RIGHTWARDS ARROW	
星号装饰	➮	HEAVY UPPER RIGHT-SHADOWED WHITE RIGHTWARDS ARROW	
星号装饰	➯	NOTCHED LOWER RIGHT-SHADOWED WHITE RIGHTWARDS ARROW	
星号装饰	➰	CURLY LOOP	
星号装饰	➱	NOTCHED UPPER RIGHT-SHADOWED WHITE RIGHTWARDS ARROW	
星号装饰	➲	CIRCLED HEAVY WHITE RIGHTWARDS ARROW	
星号装饰	➳	WHITE-FEATHERED RIGHTWARDS ARROW	
星号装饰	➴	BLACK-FEATHERED SOUTH EAST ARROW	
星号装饰	➵	BLACK-FEATHERED RIGHTWARDS ARROW	
星号装饰	➶	BLACK-FEATHERED NORTH EAST ARROW	
星号装饰	➷	HEAVY BLACK-FEATHERED SOUTH EAST ARROW	
星号装饰	➸	HEAVY BLACK-FEATHERED RIGHTWARDS ARROW	
星号装饰	➹	HEAVY BLACK-FEATHERED NORTH EAST ARROW	
星号装饰	➺	TEARDROP-BARBED RIGHTWARDS ARROW	
星号装饰	➻	HEAVY TEARDROP-SHANKED RIGHTWARDS ARROW	
星号装饰	➼	WEDGE-TAILED RIGHTWARDS ARROW	
星号装饰	➽	HEAVY WEDGE-TAILED RIGHTWARDS ARROW	
星号装饰	➾	OPEN-OUTLINED RIGHTWARDS ARROW	
星号装饰	➿	DOUBLE CURLY LOOP	
制表方块	─	BOX DRAWINGS LIGHT HORIZONTAL	
制表方块	━	BOX DRAWINGS HEAVY HORIZONTAL	
制表方块	│	BOX DRAWINGS LIGHT VERTICAL	
制表方块	┃	BOX DRAWINGS HEAVY VERTICAL	
制表方块	┄	BOX DRAWINGS LIGHT TRIPLE DASH HORIZONTAL	
制表方块	┅	BOX DRAWINGS HEAVY TRIPLE DASH HORIZONTAL	
制表方块	┆	BOX DRAWINGS LIGHT TRIPLE DASH VERTICAL	
制表方块	┇	BOX DRAWINGS HEAVY TRIPLE DASH VERTICAL	
制表方块	┈	BOX DRAWINGS LIGHT QUADRUPLE DASH HORIZONTAL	
制表方块	┉	BOX DRAWINGS HEAVY QUADRUPLE DASH HORIZONTAL	
制表方块	┊	BOX DRAWINGS LIGHT QUADRUPLE DASH VERTICAL	
制表方块	┋	BOX DRAWINGS HEAVY QUADRUPLE DASH VERTICAL	
制表方块	┌	BOX DRAWINGS LIGHT DOWN AND RIGHT	
制表方块	┍	BOX DRAWINGS DOWN LIGHT AND RIGHT HEAVY	
制表方块	┎	BOX DRAWINGS DOWN HEAVY AND RIGHT LIGHT	
制表方块	┏	BOX DRAWINGS HEAVY DOWN AND RIGHT	
制表方块	┐	BOX DRAWINGS LIGHT DOWN AND LEFT	
制表方块	┑	BOX DRAWINGS DOWN LIGHT AND LEFT HEAVY	
制表方块	┒	BOX DRAWINGS DOWN HEAVY AND LEFT LIGHT	
制表方块	┓	BOX DRAWINGS HEAVY DOWN AND LEFT	
制表方块	└	BOX DRAWINGS LIGHT UP AND RIGHT	
制表方块	┕	BOX DRAWINGS UP LIGHT AND RIGHT HEAVY	
制表方块	┖	BOX DRAWINGS UP HEAVY AND RIGHT LIGHT	
制表方块	┗	BOX DRAWINGS HEAVY UP AND RIGHT	
制表方块	┘	BOX DRAWINGS LIGHT UP AND LEFT	
制表方块	┙	BOX DRAWINGS UP LIGHT AND LEFT HEAVY	
制表方块	┚	BOX DRAWINGS UP HEAVY AND LEFT LIGHT	
制表方块	┛	BOX DRAWINGS HEAVY UP AND LEFT	
制表方块	├	BOX DRAWINGS LIGHT VERTICAL AND RIGHT	
制表方块	┝	BOX DRAWINGS VERTICAL LIGHT AND RIGHT HEAVY	
制表方块	┞	BOX DRAWINGS UP HEAVY AND RIGHT DOWN LIGHT	
制表方块	┟	BOX DRAWINGS DOWN HEAVY AND RIGHT UP LIGHT	
制表方块	┠	BOX DRAWINGS VERTICAL HEAVY AND RIGHT LIGHT	
制表方块	┡	BOX DRAWINGS DOWN LIGHT AND RIGHT UP HEAVY	
制表方块	┢	BOX DRAWINGS UP LIGHT AND RIGHT DOWN HEAVY	
制表方块	┣	BOX DRAWINGS HEAVY VERTICAL AND RIGHT	
制表方块	┤	BOX DRAWINGS LIGHT VERTICAL AND LEFT	
制表方块	┥	BOX DRAWINGS VERTICAL LIGHT AND LEFT HEAVY	
制表方块	┦	BOX DRAWINGS UP HEAVY AND LEFT DOWN LIGHT	
制表方块	┧	BOX DRAWINGS DOWN HEAVY AND LEFT UP LIGHT	
制表方块	┨	BOX DRAWINGS VERTICAL HEAVY AND LEFT LIGHT	
制表方块	┩	BOX DRAWINGS DOWN LIGHT AND LEFT UP HEAVY	
制表方块	┪	BOX DRAWINGS UP LIGHT AND LEFT DOWN HEAVY	
制表方块	┫	BOX DRAWINGS HEAVY VERTICAL AND LEFT	
制表方块	┬	BOX DRAWINGS LIGHT DOWN AND HORIZONTAL	
制表方块	┭	BOX DRAWINGS LEFT HEAVY AND RIGHT DOWN LIGHT	
制表方块	┮	BOX DRAWINGS RIGHT HEAVY AND LEFT DOWN LIGHT	
制表方块	┯	BOX DRAWINGS DOWN LIGHT AND HORIZONTAL HEAVY	
制表方块	┰	BOX DRAWINGS DOWN HEAVY AND HORIZONTAL LIGHT	
制表方块	┱	BOX DRAWINGS RIGHT LIGHT AND LEFT DOWN HEAVY	
制表方块	┲	BOX DRAWINGS LEFT LIGHT AND RIGHT DOWN HEAVY	
制表方块	┳	BOX DRAWINGS HEAVY DOWN AND HORIZONTAL	
制表方块	┴	BOX DRAWINGS LIGHT UP AND HORIZONTAL	
制表方块	┵	BOX DRAWINGS LEFT HEAVY AND RIGHT UP LIGHT	
制表方块	┶	BOX DRAWINGS RIGHT HEAVY AND LEFT UP LIGHT	
制表方块	┷	BOX DRAWINGS UP LIGHT AND HORIZONTAL HEAVY	
制表方块	┸	BOX DRAWINGS UP HEAVY AND HORIZONTAL LIGHT	
制表方块	┹	BOX DRAWINGS RIGHT LIGHT AND LEFT UP HEAVY	
制表方块	┺	BOX DRAWINGS LEFT LIGHT AND RIGHT UP HEAVY	
制表方块	┻	BOX DRAWINGS HEAVY UP AND HORIZONTAL	
制表方块	┼	BOX DRAWINGS LIGHT VERTICAL AND HORIZONTAL	
制表方块	┽	BOX DRAWINGS LEFT HEAVY AND RIGHT VERTICAL LIGHT	
制表方块	┾	BOX DRAWINGS RIGHT HEAVY AND LEFT VERTICAL LIGHT	
制表方块	┿	BOX DRAWINGS VERTICAL LIGHT AND HORIZONTAL HEAVY	
制表方块	╀	BOX DRAWINGS UP HEAVY AND DOWN HORIZONTAL LIGHT	
制表方块	╁	BOX DRAWINGS DOWN HEAVY AND UP HORIZONTAL LIGHT	
制表方块	╂	BOX DRAWINGS VERTICAL HEAVY AND HORIZONTAL LIGHT	
制表方块	╃	BOX DRAWINGS LEFT UP HEAVY AND RIGHT DOWN LIGHT	
制表方块	╄	BOX DRAWINGS RIGHT UP HEAVY AND LEFT DOWN LIGHT	
制表方块	╅	BOX DRAWINGS LEFT DOWN HEAVY AND RIGHT UP LIGHT	
制表方块	╆	BOX DRAWINGS RIGHT DOWN HEAVY AND LEFT UP LIGHT	
制表方块	╇	BOX DRAWINGS DOWN LIGHT AND UP HORIZONTAL HEAVY	
制表方块	╈	BOX DRAWINGS UP LIGHT AND DOWN HORIZONTAL HEAVY	
制表方块	╉	BOX DRAWINGS RIGHT LIGHT AND LEFT VERTICAL HEAVY	
制表方块	╊	BOX DRAWINGS LEFT LIGHT AND RIGHT VERTICAL HEAVY	
制表方块	╋	BOX DRAWINGS HEAVY VERTICAL AND HORIZONTAL	
制表方块	╌	BOX DRAWINGS LIGHT DOUBLE DASH HORIZONTAL	
制表方块	╍	BOX DRAWINGS HEAVY DOUBLE DASH HORIZONTAL	
制表方块	╎	BOX DRAWINGS LIGHT DOUBLE DASH VERTICAL	
制表方块	╏	BOX DRAWINGS HEAVY DOUBLE DASH VERTICAL	
制表方块	═	BOX DRAWINGS DOUBLE HORIZONTAL	
制表方块	║	BOX DRAWINGS DOUBLE VERTICAL	
制表方块	╒	BOX DRAWINGS DOWN SINGLE AND RIGHT DOUBLE	
制表方块	╓	BOX DRAWINGS DOWN DOUBLE AND RIGHT SINGLE	
制表方块	╔	BOX DRAWINGS DOUBLE DOWN AND RIGHT	
制表方块	╕	BOX DRAWINGS DOWN SINGLE AND LEFT DOUBLE	
制表方块	╖	BOX DRAWINGS DOWN DOUBLE AND LEFT SINGLE	
制表方块	╗	BOX DRAWINGS DOUBLE DOWN AND LEFT	
制表方块	╘	BOX DRAWINGS UP SINGLE AND RIGHT DOUBLE	
制表方块	╙	BOX DRAWINGS UP DOUBLE AND RIGHT SINGLE	
制表方块	╚	BOX DRAWINGS DOUBLE UP AND RIGHT	
制表方块	╛	BOX DRAWINGS UP SINGLE AND LEFT DOUBLE	
制表方块	╜	BOX DRAWINGS UP DOUBLE AND LEFT SINGLE	
制表方块	╝	BOX DRAWINGS DOUBLE UP AND LEFT	
制表方块	╞	BOX DRAWINGS VERTICAL SINGLE AND RIGHT DOUBLE	
制表方块	╟	BOX DRAWINGS VERTICAL DOUBLE AND RIGHT SINGLE	
制表方块	╠	BOX DRAWINGS DOUBLE VERTICAL AND RIGHT	
制表方块	╡	BOX DRAWINGS VERTICAL SINGLE AND LEFT DOUBLE	
制表方块	╢	BOX DRAWINGS VERTICAL DOUBLE AND LEFT SINGLE	
制表方块	╣	BOX DRAWINGS DOUBLE VERTICAL AND LEFT	
制表方块	╤	BOX DRAWINGS DOWN SINGLE AND HORIZONTAL DOUBLE	
制表方块	╥	BOX DRAWINGS DOWN DOUBLE AND HORIZONTAL SINGLE	
制表方块	╦	BOX DRAWINGS DOUBLE DOWN AND HORIZONTAL	
制表方块	╧	BOX DRAWINGS UP SINGLE AND HORIZONTAL DOUBLE	
制表方块	╨	BOX DRAWINGS UP DOUBLE AND HORIZONTAL SINGLE	
制表方块	╩	BOX DRAWINGS DOUBLE UP AND HORIZONTAL	
制表方块	╪	BOX DRAWINGS VERTICAL SINGLE AND HORIZONTAL DOUBLE	
制表方块	╫	BOX DRAWINGS VERTICAL DOUBLE AND HORIZONTAL SINGLE	
制表方块	╬	BOX DRAWINGS DOUBLE VERTICAL AND HORIZONTAL	
制表方块	╭	BOX DRAWINGS LIGHT ARC DOWN AND RIGHT	
制表方块	╮	BOX DRAWINGS LIGHT ARC DOWN AND LEFT	
制表方块	╯	BOX DRAWINGS LIGHT ARC UP AND LEFT	
制表方块	╰	BOX DRAWINGS LIGHT ARC UP AND RIGHT	
制表方块	╱	BOX DRAWINGS LIGHT DIAGONAL UPPER RIGHT TO LOWER LEFT	
制表方块	╲	BOX DRAWINGS LIGHT DIAGONAL UPPER LEFT TO LOWER RIGHT	
制表方块	╳	BOX DRAWINGS LIGHT DIAGONAL CROSS	
制表方块	╴	BOX DRAWINGS LIGHT LEFT	
制表方块	╵	BOX DRAWINGS LIGHT UP	
制表方块	╶	BOX DRAWINGS LIGHT RIGHT	
制表方块	╷	BOX DRAWINGS LIGHT DOWN	
制表方块	╸	BOX DRAWINGS HEAVY LEFT	
制表方块	╹	BOX DRAWINGS HEAVY UP	
制表方块	╺	BOX DRAWINGS HEAVY RIGHT	
制表方块	╻	BOX DRAWINGS HEAVY DOWN	
制表方块	╼	BOX DRAWINGS LIGHT LEFT AND HEAVY RIGHT	
制表方块	╽	BOX DRAWINGS LIGHT UP AND HEAVY DOWN	
制表方块	╾	BOX DRAWINGS HEAVY LEFT AND LIGHT RIGHT	
制表方块	╿	BOX DRAWINGS HEAVY UP AND LIGHT DOWN	
制表方块	▀	UPPER HALF BLOCK	
制表方块	▁	LOWER ONE EIGHTH BLOCK	
制表方块	▂	LOWER ONE QUARTER BLOCK	
制表方块	▃	LOWER THREE EIGHTHS BLOCK	
制表方块	▄	LOWER HALF BLOCK	
制表方块	▅	LOWER FIVE EIGHTHS BLOCK	
制表方块	▆	LOWER THREE QUARTERS BLOCK	
制表方块	▇	LOWER SEVEN EIGHTHS BLOCK	
制表方块	█	FULL BLOCK	
制表方块	▉	LEFT SEVEN EIGHTHS BLOCK	
制表方块	▊	LEFT THREE QUARTERS BLOCK	
制表方块	▋	LEFT FIVE EIGHTHS BLOCK	
制表方块	▌	LEFT HALF BLOCK	
制表方块	▍	LEFT THREE EIGHTHS BLOCK	
制表方块	▎	LEFT ONE QUARTER BLOCK	
制表方块	▏	LEFT ONE EIGHTH BLOCK	
制表方块	▐	RIGHT HALF BLOCK	
制表方块	░	LIGHT SHADE	
制表方块	▒	MEDIUM SHADE	
制表方块	▓	DARK SHADE	
制表方块	▔	UPPER ONE EIGHTH BLOCK	
制表方块	▕	RIGHT ONE EIGHTH BLOCK	
制表方块	▖	QUADRANT LOWER LEFT	
制表方块	▗	QUADRANT LOWER RIGHT	
制表方块	▘	QUADRANT UPPER LEFT	
制表方块	▙	QUADRANT UPPER LEFT AND LOWER LEFT AND LOWER RIGHT	
制表方块	▚	QUADRANT UPPER LEFT AND LOWER RIGHT	
制表方块	▛	QUADRANT UPPER LEFT AND UPPER RIGHT AND LOWER LEFT	
制表方块	▜	QUADRANT UPPER LEFT AND UPPER RIGHT AND LOWER RIGHT	
制表方块	▝	QUADRANT UPPER RIGHT	
制表方块	▞	QUADRANT UPPER RIGHT AND LOWER LEFT	
制表方块	▟	QUADRANT UPPER RIGHT AND LOWER LEFT AND LOWER RIGHT	
技术符号	⌀	DIAMETER SIGN	
技术符号	⌁	ELECTRIC ARROW	
技术符号	⌂	HOUSE	
技术符号	⌃	UP ARROWHEAD	
技术符号	⌄	DOWN ARROWHEAD	
技术符号	⌅	PROJECTIVE	
技术符号	⌆	PERSPECTIVE	
技术符号	⌇	WAVY LINE	
技术符号	⌈	LEFT CEILING	
技术符号	⌉	RIGHT CEILING	
技术符号	⌊	LEFT FLOOR	
技术符号	⌋	RIGHT FLOOR	
技术符号	⌌	BOTTOM RIGHT CROP	
技术符号	⌍	BOTTOM LEFT CROP	
技术符号	⌎	TOP RIGHT CROP	
技术符号	⌏	TOP LEFT CROP	
技术符号	⌐	REVERSED NOT SIGN	
技术符号	⌑	SQUARE LOZENGE	
技术符号	⌒	ARC	
技术符号	⌓	SEGMENT	
技术符号	⌔	SECTOR	
技术符号	⌕	TELEPHONE RECORDER	
技术符号	⌖	POSITION INDICATOR	
技术符号	⌗	VIEWDATA SQUARE	
技术符号	⌘	PLACE OF INTEREST SIGN	
技术符号	⌙	TURNED NOT SIGN	
技术符号	⌚	WATCH	
技术符号	⌛	HOURGLASS	
技术符号	⌜	TOP LEFT CORNER	
技术符号	⌝	TOP RIGHT CORNER	
技术符号	⌞	BOTTOM LEFT CORNER	
技术符号	⌟	BOTTOM RIGHT CORNER	
技术符号	⌠	TOP HALF INTEGRAL	
技术符号	⌡	BOTTOM HALF INTEGRAL	
技术符号	⌢	FROWN	
技术符号	⌣	SMILE	
技术符号	⌤	UP ARROWHEAD BETWEEN TWO HORIZONTAL BARS	
技术符号	⌥	OPTION KEY	
技术符号	⌦	ERASE TO THE RIGHT	
技术符号	⌧	X IN A RECTANGLE BOX	
技术符号	⌨	KEYBOARD	
技术符号	〈	LEFT-POINTING ANGLE BRACKET	
技术符号	〉	RIGHT-POINTING ANGLE BRACKET	
技术符号	⌫	ERASE TO THE LEFT	
技术符号	⌬	BENZENE RING	
技术符号	⌭	CYLINDRICITY	
技术符号	⌮	ALL AROUND-PROFILE	
技术符号	⌯	SYMMETRY	
技术符号	⌰	TOTAL RUNOUT	
技术符号	⌱	DIMENSION ORIGIN	
技术符号	⌲	CONICAL TAPER	
技术符号	⌳	SLOPE	
技术符号	⌴	COUNTERBORE	
技术符号	⌵	COUNTERSINK	
技术符号	⌶	APL FUNCTIONAL SYMBOL I-BEAM	
技术符号	⌷	APL FUNCTIONAL SYMBOL SQUISH QUAD	
技术符号	⌸	APL FUNCTIONAL SYMBOL QUAD EQUAL	
技术符号	⌹	APL FUNCTIONAL SYMBOL QUAD DIVIDE	
技术符号	⌺	APL FUNCTIONAL SYMBOL QUAD DIAMOND	
技术符号	⌻	APL FUNCTIONAL SYMBOL QUAD JOT	
技术符号	⌼	APL FUNCTIONAL SYMBOL QUAD CIRCLE	
技术符号	⌽	APL FUNCTIONAL SYMBOL CIRCLE STILE	
技术符号	⌾	APL FUNCTIONAL SYMBOL CIRCLE JOT	
技术符号	⌿	APL FUNCTIONAL SYMBOL SLASH BAR	
技术符号	⍀	APL FUNCTIONAL SYMBOL BACKSLASH BAR	
技术符号	⍁	APL FUNCTIONAL SYMBOL QUAD SLASH	
技术符号	⍂	APL FUNCTIONAL SYMBOL QUAD BACKSLASH	
技术符号	⍃	APL FUNCTIONAL SYMBOL QUAD LESS-THAN	
技术符号	⍄	APL FUNCTIONAL SYMBOL QUAD GREATER-THAN	
技术符号	⍅	APL FUNCTIONAL SYMBOL LEFTWARDS VANE	
技术符号	⍆	APL FUNCTIONAL SYMBOL RIGHTWARDS VANE	
技术符号	⍇	APL FUNCTIONAL SYMBOL QUAD LEFTWARDS ARROW	
技术符号	⍈	APL FUNCTIONAL SYMBOL QUAD RIGHTWARDS ARROW	
技术符号	⍉	APL FUNCTIONAL SYMBOL CIRCLE BACKSLASH	
技术符号	⍊	APL FUNCTIONAL SYMBOL DOWN TACK UNDERBAR	
技术符号	⍋	APL FUNCTIONAL SYMBOL DELTA STILE	
技术符号	⍌	APL FUNCTIONAL SYMBOL QUAD DOWN CARET	
技术符号	⍍	APL FUNCTIONAL SYMBOL QUAD DELTA	
技术符号	⍎	APL FUNCTIONAL SYMBOL DOWN TACK JOT	
技术符号	⍏	APL FUNCTIONAL SYMBOL UPWARDS VANE	
技术符号	⍐	APL FUNCTIONAL SYMBOL QUAD UPWARDS ARROW	
技术符号	⍑	APL FUNCTIONAL SYMBOL UP TACK OVERBAR	
技术符号	⍒	APL FUNCTIONAL SYMBOL DEL STILE	
技术符号	⍓	APL FUNCTIONAL SYMBOL QUAD UP CARET	
技术符号	⍔	APL FUNCTIONAL SYMBOL QUAD DEL	
技术符号	⍕	APL FUNCTIONAL SYMBOL UP TACK JOT	
技术符号	⍖	APL FUNCTIONAL SYMBOL DOWNWARDS VANE	
技术符号	⍗	APL FUNCTIONAL SYMBOL QUAD DOWNWARDS ARROW	
技术符号	⍘	APL FUNCTIONAL SYMBOL QUOTE UNDERBAR	
技术符号	⍙	APL FUNCTIONAL SYMBOL DELTA UNDERBAR	
技术符号	⍚	APL FUNCTIONAL SYMBOL DIAMOND UNDERBAR	
技术符号	⍛	APL FUNCTIONAL SYMBOL JOT UNDERBAR	
技术符号	⍜	APL FUNCTIONAL SYMBOL CIRCLE UNDERBAR	
技术符号	⍝	APL FUNCTIONAL SYMBOL UP SHOE JOT	
技术符号	⍞	APL FUNCTIONAL SYMBOL QUOTE QUAD	
技术符号	⍟	APL FUNCTIONAL SYMBOL CIRCLE STAR	
技术符号	⍠	APL FUNCTIONAL SYMBOL QUAD COLON	
技术符号	⍡	APL FUNCTIONAL SYMBOL UP TACK DIAERESIS	
技术符号	⍢	APL FUNCTIONAL SYMBOL DEL DIAERESIS	
技术符号	⍣	APL FUNCTIONAL SYMBOL STAR DIAERESIS	
技术符号	⍤	APL FUNCTIONAL SYMBOL JOT DIAERESIS	
技术符号	⍥	APL FUNCTIONAL SYMBOL CIRCLE DIAERESIS	
技术符号	⍦	APL FUNCTIONAL SYMBOL DOWN SHOE STILE	
技术符号	⍧	APL FUNCTIONAL SYMBOL LEFT SHOE STILE	
技术符号	⍨	APL FUNCTIONAL SYMBOL TILDE DIAERESIS	
技术符号	⍩	APL FUNCTIONAL SYMBOL GREATER-THAN DIAERESIS	
技术符号	⍪	APL FUNCTIONAL SYMBOL COMMA BAR	
技术符号	⍫	APL FUNCTIONAL SYMBOL DEL TILDE	
技术符号	⍬	APL FUNCTIONAL SYMBOL ZILDE	
技术符号	⍭	APL FUNCTIONAL SYMBOL STILE TILDE	
技术符号	⍮	APL FUNCTIONAL SYMBOL SEMICOLON UNDERBAR	
技术符号	⍯	APL FUNCTIONAL SYMBOL QUAD NOT EQUAL	
技术符号	⍰	APL FUNCTIONAL SYMBOL QUAD QUESTION	
技术符号	⍱	APL FUNCTIONAL SYMBOL DOWN CARET TILDE	
技术符号	⍲	APL FUNCTIONAL SYMBOL UP CARET TILDE	
技术符号	⍳	APL FUNCTIONAL SYMBOL IOTA	
技术符号	⍴	APL FUNCTIONAL SYMBOL RHO	
技术符号	⍵	APL FUNCTIONAL SYMBOL OMEGA	
技术符号	⍶	APL FUNCTIONAL SYMBOL ALPHA UNDERBAR	
技术符号	⍷	APL FUNCTIONAL SYMBOL EPSILON UNDERBAR	
技术符号	⍸	APL FUNCTIONAL SYMBOL IOTA UNDERBAR	
技术符号	⍹	APL FUNCTIONAL SYMBOL OMEGA UNDERBAR	
技术符号	⍺	APL FUNCTIONAL SYMBOL ALPHA	
技术符号	⍻	NOT CHECK MARK	
技术符号	⍼	RIGHT ANGLE WITH DOWNWARDS ZIGZAG ARROW	
技术符号	⍽	SHOULDERED OPEN BOX	
技术符号	⍾	BELL SYMBOL	
技术符号	⍿	VERTICAL LINE WITH MIDDLE DOT	
技术符号	⎀	INSERTION SYMBOL	
技术符号	⎁	CONTINUOUS UNDERLINE SYMBOL	
技术符号	⎂	DISCONTINUOUS UNDERLINE SYMBOL	
技术符号	⎃	EMPHASIS SYMBOL	
技术符号	⎄	COMPOSITION SYMBOL	
技术符号	⎅	WHITE SQUARE WITH CENTRE VERTICAL LINE	
技术符号	⎆	ENTER SYMBOL	
技术符号	⎇	ALTERNATIVE KEY SYMBOL	
技术符号	⎈	HELM SYMBOL	
技术符号	⎉	CIRCLED HORIZONTAL BAR WITH NOTCH	
技术符号	⎊	CIRCLED TRIANGLE DOWN	
技术符号	⎋	BROKEN CIRCLE WITH NORTHWEST ARROW	
技术符号	⎌	UNDO SYMBOL	
技术符号	⎍	MONOSTABLE SYMBOL	
技术符号	⎎	HYSTERESIS SYMBOL	
技术符号	⎏	OPEN-CIRCUIT-OUTPUT H-TYPE SYMBOL	
技术符号	⎐	OPEN-CIRCUIT-OUTPUT L-TYPE SYMBOL	
技术符号	⎑	PASSIVE-PULL-DOWN-OUTPUT SYMBOL	
技术符号	⎒	PASSIVE-PULL-UP-OUTPUT SYMBOL	
技术符号	⎓	DIRECT CURRENT SYMBOL FORM TWO	
技术符号	⎔	SOFTWARE-FUNCTION SYMBOL	
技术符号	⎕	APL FUNCTIONAL SYMBOL QUAD	
技术符号	⎖	DECIMAL SEPARATOR KEY SYMBOL	
技术符号	⎗	PREVIOUS PAGE	
技术符号	⎘	NEXT PAGE	
技术符号	⎙	PRINT SCREEN SYMBOL	
技术符号	⎚	CLEAR SCREEN SYMBOL	
技术符号	⎛	LEFT PARENTHESIS UPPER HOOK	
技术符号	⎜	LEFT PARENTHESIS EXTENSION	
技术符号	⎝	LEFT PARENTHESIS LOWER HOOK	
技术符号	⎞	RIGHT PARENTHESIS UPPER HOOK	
技术符号	⎟	RIGHT PARENTHESIS EXTENSION	
技术符号	⎠	RIGHT PARENTHESIS LOWER HOOK	
技术符号	⎡	LEFT SQUARE BRACKET UPPER CORNER	
技术符号	⎢	LEFT SQUARE BRACKET EXTENSION	
技术符号	⎣	LEFT SQUARE BRACKET LOWER CORNER	
技术符号	⎤	RIGHT SQUARE BRACKET UPPER CORNER	
技术符号	⎥	RIGHT SQUARE BRACKET EXTENSION	
技术符号	⎦	RIGHT SQUARE BRACKET LOWER CORNER	
技术符号	⎧	LEFT CURLY BRACKET UPPER HOOK	
技术符号	⎨	LEFT CURLY BRACKET MIDDLE PIECE	
技术符号	⎩	LEFT CURLY BRACKET LOWER HOOK	
技术符号	⎪	CURLY BRACKET EXTENSION	
技术符号	⎫	RIGHT CURLY BRACKET UPPER HOOK	
技术符号	⎬	RIGHT CURLY BRACKET MIDDLE PIECE	
技术符号	⎭	RIGHT CURLY BRACKET LOWER HOOK	
技术符号	⎮	INTEGRAL EXTENSION	
技术符号	⎯	HORIZONTAL LINE EXTENSION	
技术符号	⎰	UPPER LEFT OR LOWER RIGHT CURLY BRACKET SECTION	
技术符号	⎱	UPPER RIGHT OR LOWER LEFT CURLY BRACKET SECTION	
技术符号	⎲	SUMMATION TOP	
技术符号	⎳	SUMMATION BOTTOM	
技术符号	⎴	TOP SQUARE BRACKET	
技术符号	⎵	BOTTOM SQUARE BRACKET	
技术符号	⎶	BOTTOM SQUARE BRACKET OVER TOP SQUARE BRACKET	
技术符号	⎷	RADICAL SYMBOL BOTTOM	
技术符号	⎸	LEFT VERTICAL BOX LINE	
技术符号	⎹	RIGHT VERTICAL BOX LINE	
技术符号	⎺	HORIZONTAL SCAN LINE-1	
技术符号	⎻	HORIZONTAL SCAN LINE-3	
技术符号	⎼	HORIZONTAL SCAN LINE-7	
技术符号	⎽	HORIZONTAL SCAN LINE-9	
技术符号	⎾	DENTISTRY SYMBOL LIGHT VERTICAL AND TOP RIGHT	
技术符号	⎿	DENTISTRY SYMBOL LIGHT VERTICAL AND BOTTOM RIGHT	
技术符号	⏀	DENTISTRY SYMBOL LIGHT VERTICAL WITH CIRCLE	
技术符号	⏁	DENTISTRY SYMBOL LIGHT DOWN AND HORIZONTAL WITH CIRCLE	
技术符号	⏂	DENTISTRY SYMBOL LIGHT UP AND HORIZONTAL WITH CIRCLE	
技术符号	⏃	DENTISTRY SYMBOL LIGHT VERTICAL WITH TRIANGLE	
技术符号	⏄	DENTISTRY SYMBOL LIGHT DOWN AND HORIZONTAL WITH TRIANGLE	
技术符号	⏅	DENTISTRY SYMBOL LIGHT UP AND HORIZONTAL WITH TRIANGLE	
技术符号	⏆	DENTISTRY SYMBOL LIGHT VERTICAL AND WAVE	
技术符号	⏇	DENTISTRY SYMBOL LIGHT DOWN AND HORIZONTAL WITH WAVE	
技术符号	⏈	DENTISTRY SYMBOL LIGHT UP AND HORIZONTAL WITH WAVE	
技术符号	⏉	DENTISTRY SYMBOL LIGHT DOWN AND HORIZONTAL	
技术符号	⏊	DENTISTRY SYMBOL LIGHT UP AND HORIZONTAL	
技术符号	⏋	DENTISTRY SYMBOL LIGHT VERTICAL AND TOP LEFT	
技术符号	⏌	DENTISTRY SYMBOL LIGHT VERTICAL AND BOTTOM LEFT	
技术符号	⏍	SQUARE FOOT	
技术符号	⏎	RETURN SYMBOL	
技术符号	⏏	EJECT SYMBOL	
技术符号	⏐	VERTICAL LINE EXTENSION	
技术符号	⏑	METRICAL BREVE	
技术符号	⏒	METRICAL LONG OVER SHORT	
技术符号	⏓	METRICAL SHORT OVER LONG	
技术符号	⏔	METRICAL LONG OVER TWO SHORTS	
技术符号	⏕	METRICAL TWO SHORTS OVER LONG	
技术符号	⏖	METRICAL TWO SHORTS JOINED	
技术符号	⏗	METRICAL TRISEME	
技术符号	⏘	METRICAL TETRASEME	
技术符号	⏙	METRICAL PENTASEME	
技术符号	⏚	EARTH GROUND	
技术符号	⏛	FUSE	
技术符号	⏜	TOP PARENTHESIS	
技术符号	⏝	BOTTOM PARENTHESIS	
技术符号	⏞	TOP CURLY BRACKET	
技术符号	⏟	BOTTOM CURLY BRACKET	
技术符号	⏠	TOP TORTOISE SHELL BRACKET	
技术符号	⏡	BOTTOM TORTOISE SHELL BRACKET	
技术符号	⏢	WHITE TRAPEZIUM	
技术符号	⏣	BENZENE RING WITH CIRCLE	
技术符号	⏤	STRAIGHTNESS	
技术符号	⏥	FLATNESS	
技术符号	⏦	AC CURRENT	
技术符号	⏧	ELECTRICAL INTERSECTION	
技术符号	⏨	DECIMAL EXPONENT SYMBOL	
技术符号	⏩	BLACK RIGHT-POINTING DOUBLE TRIANGLE	
技术符号	⏪	BLACK LEFT-POINTING DOUBLE TRIANGLE	
技术符号	⏫	BLACK UP-POINTING DOUBLE TRIANGLE	
技术符号	⏬	BLACK DOWN-POINTING DOUBLE TRIANGLE	
技术符号	⏭	BLACK RIGHT-POINTING DOUBLE TRIANGLE WITH VERTICAL BAR	
技术符号	⏮	BLACK LEFT-POINTING DOUBLE TRIANGLE WITH VERTICAL BAR	
技术符号	⏯	BLACK RIGHT-POINTING TRIANGLE WITH DOUBLE VERTICAL BAR	
技术符号	⏰	ALARM CLOCK	
技术符号	⏱	STOPWATCH	
技术符号	⏲	TIMER CLOCK	
技术符号	⏳	HOURGLASS WITH FLOWING SAND	
技术符号	⏴	BLACK MEDIUM LEFT-POINTING TRIANGLE	
技术符号	⏵	BLACK MEDIUM RIGHT-POINTING TRIANGLE	
技术符号	⏶	BLACK MEDIUM UP-POINTING TRIANGLE	
技术符号	⏷	BLACK MEDIUM DOWN-POINTING TRIANGLE	
技术符号	⏸	DOUBLE VERTICAL BAR	
技术符号	⏹	BLACK SQUARE FOR STOP	
技术符号	⏺	BLACK CIRCLE FOR RECORD	
技术符号	⏻	POWER SYMBOL	
技术符号	⏼	POWER ON-OFF SYMBOL	
技术符号	⏽	POWER ON SYMBOL	
技术符号	⏾	POWER SLEEP SYMBOL	
技术符号	⏿	OBSERVER EYE SYMBOL	
技术符号	℀	ACCOUNT OF	
技术符号	℁	ADDRESSED TO THE SUBJECT	
技术符号	ℂ	DOUBLE-STRUCK CAPITAL C	
技术符号	℃	摄氏度	sheshidu celsius DEGREE CELSIUS
技术符号	℄	CENTRE LINE SYMBOL	
技术符号	℅	CARE OF	
技术符号	℆	CADA UNA	
技术符号	ℇ	EULER CONSTANT	
技术符号	℈	SCRUPLE	
技术符号	℉	华氏度	huashidu fahrenheit DEGREE FAHRENHEIT
技术符号	ℊ	SCRIPT SMALL G	
技术符号	ℋ	SCRIPT CAPITAL H	
技术符号	ℌ	BLACK-LETTER CAPITAL H	
技术符号	ℍ	DOUBLE-STRUCK CAPITAL H	
技术符号	ℎ	PLANCK CONSTANT	
技术符号	ℏ	PLANCK CONSTANT OVER TWO PI	
技术符号	ℐ	SCRIPT CAPITAL I	
技术符号	ℑ	BLACK-LETTER CAPITAL I	
技术符号	ℒ	SCRIPT CAPITAL L	
技术符号	ℓ	SCRIPT SMALL L	
技术符号	℔	L B BAR SYMBOL	
技术符号	ℕ	DOUBLE-STRUCK CAPITAL N	
技术符号	№	NUMERO SIGN	
技术符号	℗	SOUND RECORDING COPYRIGHT	
技术符号	℘	SCRIPT CAPITAL P	
技术符号	ℙ	DOUBLE-STRUCK CAPITAL P	
技术符号	ℚ	DOUBLE-STRUCK CAPITAL Q	
技术符号	ℛ	SCRIPT CAPITAL R	
技术符号	ℜ	BLACK-LETTER CAPITAL R	
技术符号	ℝ	DOUBLE-STRUCK CAPITAL R	
技术符号	℞	PRESCRIPTION TAKE	
技术符号	℟	RESPONSE	
技术符号	℠	SERVICE MARK	
技术符号	℡	TELEPHONE SIGN	
技术符号	™	商标	shangbiao trademark TRADE MARK SIGN
技术符号	℣	VERSICLE	
技术符号	ℤ	DOUBLE-STRUCK CAPITAL Z	
技术符号	℥	OUNCE SIGN	
技术符号	Ω	OHM SIGN	
技术符号	℧	INVERTED OHM SIGN	
技术符号	ℨ	BLACK-LETTER CAPITAL Z	
技术符号	℩	TURNED GREEK SMALL LETTER IOTA	
技术符号	K	KELVIN SIGN	
技术符号	Å	ANGSTROM SIGN	
技术符号	ℬ	SCRIPT CAPITAL B	
技术符号	ℭ	BLACK-LETTER CAPITAL C	
技术符号	℮	ESTIMATED SYMBOL	
技术符号	ℯ	SCRIPT SMALL E	
技术符号	ℰ	SCRIPT CAPITAL E	
技术符号	ℱ	SCRIPT CAPITAL F	
技术符号	Ⅎ	TURNED CAPITAL F	
技术符号	ℳ	SCRIPT CAPITAL M	
技术符号	ℴ	SCRIPT SMALL O	
技术符号	ℵ	ALEF SYMBOL	
技术符号	ℶ	BET SYMBOL	
技术符号	ℷ	GIMEL SYMBOL	
技术符号	ℸ	DALET SYMBOL	
技术符号	ℹ	INFORMATION SOURCE	
技术符号	℺	ROTATED CAPITAL Q	
技术符号	℻	FACSIMILE SIGN	
技术符号	ℼ	DOUBLE-STRUCK SMALL PI	
技术符号	ℽ	DOUBLE-STRUCK SMALL GAMMA	
技术符号	ℾ	DOUBLE-STRUCK CAPITAL GAMMA	
技术符号	ℿ	DOUBLE-STRUCK CAPITAL PI	
技术符号	⅀	DOUBLE-STRUCK N-ARY SUMMATION	
技术符号	⅁	TURNED SANS-SERIF CAPITAL G	
技术符号	⅂	TURNED SANS-SERIF CAPITAL L	
技术符号	⅃	REVERSED SANS-SERIF CAPITAL L	
技术符号	⅄	TURNED SANS-SERIF CAPITAL Y	
技术符号	ⅅ	DOUBLE-STRUCK ITALIC CAPITAL D	
技术符号	ⅆ	DOUBLE-STRUCK ITALIC SMALL D	
技术符号	ⅇ	DOUBLE-STRUCK ITALIC SMALL E	
技术符号	ⅈ	DOUBLE-STRUCK ITALIC SMALL I	
技术符号	ⅉ	DOUBLE-STRUCK ITALIC SMALL J	
技术符号	⅊	PROPERTY LINE	
技术符号	⅋	TURNED AMPERSAND	
技术符号	⅌	PER SIGN	
技术符号	⅍	AKTIESELSKAB	
技术符号	ⅎ	TURNED SMALL F	
技术符号	⅏	SYMBOL FOR SAMARITAN SOURCE	
杂项符号	☀	BLACK SUN WITH RAYS	
杂项符号	☁	CLOUD	
杂项符号	☂	UMBRELLA	
杂项符号	☃	SNOWMAN	
杂项符号	☄	COMET	
杂项符号	★	实心星	shixinxing star BLACK STAR
杂项符号	☆	空心星	kongxinxing star WHITE STAR
杂项符号	☇	LIGHTNING	
杂项符号	☈	THUNDERSTORM	
杂项符号	☉	SUN	
杂项符号	☊	ASCENDING NODE	
杂项符号	☋	DESCENDING NODE	
杂项符号	☌	CONJUNCTION	
杂项符号	☍	OPPOSITION	
杂项符号	☎	BLACK TELEPHONE	
杂项符号	☏	WHITE TELEPHONE	
杂项符号	☐	BALLOT BOX	
杂项符号	☑	BALLOT BOX WITH CHECK	
杂项符号	☒	BALLOT BOX WITH X	
杂项符号	☓	SALTIRE	
杂项符号	☔	UMBRELLA WITH RAIN DROPS	
杂项符号	☕	HOT BEVERAGE	
杂项符号	☖	WHITE SHOGI PIECE	
杂项符号	☗	BLACK SHOGI PIECE	
杂项符号	☘	SHAMROCK	
杂项符号	☙	REVERSED ROTATED FLORAL HEART BULLET	
杂项符号	☚	BLACK LEFT POINTING INDEX	
杂项符号	☛	BLACK RIGHT POINTING INDEX	
杂项符号	☜	WHITE LEFT POINTING INDEX	
杂项符号	☝	WHITE UP POINTING INDEX	
杂项符号	☞	WHITE RIGHT POINTING INDEX	
杂项符号	☟	WHITE DOWN POINTING INDEX	
杂项符号	☠	SKULL AND CROSSBONES	
杂项符号	☡	CAUTION SIGN	
杂项符号	☢	RADIOACTIVE SIGN	
杂项符号	☣	BIOHAZARD SIGN	
杂项符号	☤	CADUCEUS	
杂项符号	☥	ANKH	
杂项符号	☦	ORTHODOX CROSS	
杂项符号	☧	CHI RHO	
杂项符号	☨	CROSS OF LORRAINE	
杂项符号	☩	CROSS OF JERUSALEM	
杂项符号	☪	STAR AND CRESCENT	
杂项符号	☫	FARSI SYMBOL	
杂项符号	☬	ADI SHAKTI	
杂项符号	☭	HAMMER AND SICKLE	
杂项符号	☮	PEACE SYMBOL	
杂项符号	☯	YIN YANG	
杂项符号	☰	TRIGRAM FOR HEAVEN	
杂项符号	☱	TRIGRAM FOR LAKE	
杂项符号	☲	TRIGRAM FOR FIRE	
杂项符号	☳	TRIGRAM FOR THUNDER	
杂项符号	☴	TRIGRAM FOR WIND	
杂项符号	☵	TRIGRAM FOR WATER	
杂项符号	☶	TRIGRAM FOR MOUNTAIN	
杂项符号	☷	TRIGRAM FOR EARTH	
杂项符号	☸	WHEEL OF DHARMA	
杂项符号	☹	WHITE FROWNING FACE	
杂项符号	☺	WHITE SMILING FACE	
杂项符号	☻	BLACK SMILING FACE	
杂项符号	☼	WHITE SUN WITH RAYS	
杂项符号	☽	FIRST QUARTER MOON	
杂项符号	☾	LAST QUARTER MOON	
杂项符号	☿	MERCURY	
杂项符号	♀	FEMALE SIGN	
杂项符号	♁	EARTH	
杂项符号	♂	MALE SIGN	
杂项符号	♃	JUPITER	
杂项符号	♄	SATURN	
杂项符号	♅	URANUS	
杂项符号	♆	NEPTUNE	
杂项符号	♇	PLUTO	
杂项符号	♈	ARIES	
杂项符号	♉	TAURUS	
杂项符号	♊	GEMINI	
杂项符号	♋	CANCER	
杂项符号	♌	LEO	
杂项符号	♍	VIRGO	
杂项符号	♎	LIBRA	
杂项符号	♏	SCORPIUS	
杂项符号	♐	SAGITTARIUS	
杂项符号	♑	CAPRICORN	
杂项符号	♒	AQUARIUS	
杂项符号	♓	PISCES	
杂项符号	♔	WHITE CHESS KING	
杂项符号	♕	WHITE CHESS QUEEN	
杂项符号	♖	WHITE CHESS ROOK	
杂项符号	♗	WHITE CHESS BISHOP	
杂项符号	♘	WHITE CHESS KNIGHT	
杂项符号	♙	WHITE CHESS PAWN	
杂项符号	♚	BLACK CHESS KING	
杂项符号	♛	BLACK CHESS QUEEN	
杂项符号	♜	BLACK CHESS ROOK	
杂项符号	♝	BLACK CHESS BISHOP	
杂项符号	♞	BLACK CHESS KNIGHT	
杂项符号	♟	BLACK CHESS PAWN	
杂项符号	♠	BLACK SPADE SUIT	
杂项符号	♡	WHITE HEART SUIT	
杂项符号	♢	WHITE DIAMOND SUIT	
杂项符号	♣	BLACK CLUB SUIT	
杂项符号	♤	WHITE SPADE SUIT	
杂项符号	♥	BLACK HEART SUIT	
杂项符号	♦	BLACK DIAMOND SUIT	
杂项符号	♧	WHITE CLUB SUIT	
杂项符号	♨	HOT SPRINGS	
杂项符号	♩	QUARTER NOTE	
杂项符号	♪	EIGHTH NOTE	
杂项符号	♫	BEAMED EIGHTH NOTES	
杂项符号	♬	BEAMED SIXTEENTH NOTES	
杂项符号	♭	MUSIC FLAT SIGN	
杂项符号	♮	MUSIC NATURAL SIGN	
杂项符号	♯	MUSIC SHARP SIGN	
杂项符号	♰	WEST SYRIAC CROSS	
杂项符号	♱	EAST SYRIAC CROSS	
杂项符号	♲	UNIVERSAL RECYCLING SYMBOL	
杂项符号	♳	RECYCLING SYMBOL FOR TYPE-1 PLASTICS	
杂项符号	♴	RECYCLING SYMBOL FOR TYPE-2 PLASTICS	
杂项符号	♵	RECYCLING SYMBOL FOR TYPE-3 PLASTICS	
杂项符号	♶	RECYCLING SYMBOL FOR TYPE-4 PLASTICS	
杂项符号	♷	RECYCLING SYMBOL FOR TYPE-5 PLASTICS	
杂项符号	♸	RECYCLING SYMBOL FOR TYPE-6 PLASTICS	
杂项符号	♹	RECYCLING SYMBOL FOR TYPE-7 PLASTICS	
杂项符号	♺	RECYCLING SYMBOL FOR GENERIC MATERIALS	
杂项符号	♻	BLACK UNIVERSAL RECYCLING SYMBOL	
杂项符号	♼	RECYCLED PAPER SYMBOL	
杂项符号	♽	PARTIALLY-RECYCLED PAPER SYMBOL	
杂项符号	♾	PERMANENT PAPER SIGN	
杂项符号	♿	WHEELCHAIR SYMBOL	
杂项符号	⚀	DIE FACE-1	
杂项符号	⚁	DIE FACE-2	
杂项符号	⚂	DIE FACE-3	
杂项符号	⚃	DIE FACE-4	
杂项符号	⚄	DIE FACE-5	
杂项符号	⚅	DIE FACE-6	
杂项符号	⚆	WHITE CIRCLE WITH DOT RIGHT	
杂项符号	⚇	WHITE CIRCLE WITH TWO DOTS	
杂项符号	⚈	BLACK CIRCLE WITH WHITE DOT RIGHT	
杂项符号	⚉	BLACK CIRCLE WITH TWO WHITE DOTS	
杂项符号	⚊	MONOGRAM FOR YANG	
杂项符号	⚋	MONOGRAM FOR YIN	
杂项符号	⚌	DIGRAM FOR GREATER YANG	
杂项符号	⚍	DIGRAM FOR LESSER YIN	
杂项符号	⚎	DIGRAM FOR LESSER YANG	
杂项符号	⚏	DIGRAM FOR GREATER YIN	
杂项符号	⚐	WHITE FLAG	
杂项符号	⚑	BLACK FLAG	
杂项符号	⚒	HAMMER AND PICK	
杂项符号	⚓	ANCHOR	
杂项符号	⚔	CROSSED SWORDS	
杂项符号	⚕	STAFF OF AESCULAPIUS	
杂项符号	⚖	SCALES	
杂项符号	⚗	ALEMBIC	
杂项符号	⚘	FLOWER	
杂项符号	⚙	GEAR	
杂项符号	⚚	STAFF OF HERMES	
杂项符号	⚛	ATOM SYMBOL	
杂项符号	⚜	FLEUR-DE-LIS	
杂项符号	⚝	OUTLINED WHITE STAR	
杂项符号	⚞	THREE LINES CONVERGING RIGHT	
杂项符号	⚟	THREE LINES CONVERGING LEFT	
杂项符号	⚠	WARNING SIGN	
杂项符号	⚡	HIGH VOLTAGE SIGN	
杂项符号	⚢	DOUBLED FEMALE SIGN	
杂项符号	⚣	DOUBLED MALE SIGN	
杂项符号	⚤	INTERLOCKED FEMALE AND MALE SIGN	
杂项符号	⚥	MALE AND FEMALE SIGN	
杂项符号	⚦	MALE WITH STROKE SIGN	
杂项符号	⚧	MALE WITH STROKE AND MALE AND FEMALE SIGN	
杂项符号	⚨	VERTICAL MALE WITH STROKE SIGN	
杂项符号	⚩	HORIZONTAL MALE WITH STROKE SIGN	
杂项符号	⚪	MEDIUM WHITE CIRCLE	
杂项符号	⚫	MEDIUM BLACK CIRCLE	
杂项符号	⚬	MEDIUM SMALL WHITE CIRCLE	
杂项符号	⚭	MARRIAGE SYMBOL	
杂项符号	⚮	DIVORCE SYMBOL	
杂项符号	⚯	UNMARRIED PARTNERSHIP SYMBOL	
杂项符号	⚰	COFFIN	
杂项符号	⚱	FUNERAL URN	
杂项符号	⚲	NEUTER	
杂项符号	⚳	CERES	
杂项符号	⚴	PALLAS	
杂项符号	⚵	JUNO	
杂项符号	⚶	VESTA	
杂项符号	⚷	CHIRON	
杂项符号	⚸	BLACK MOON LILITH	
杂项符号	⚹	SEXTILE	
杂项符号	⚺	SEMISEXTILE	
杂项符号	⚻	QUINCUNX	
杂项符号	⚼	SESQUIQUADRATE	
杂项符号	⚽	SOCCER BALL	
杂项符号	⚾	BASEBALL	
杂项符号	⚿	SQUARED KEY	
杂项符号	⛀	WHITE DRAUGHTS MAN	
杂项符号	⛁	WHITE DRAUGHTS KING	
杂项符号	⛂	BLACK DRAUGHTS MAN	
杂项符号	⛃	BLACK DRAUGHTS KING	
杂项符号	⛄	SNOWMAN WITHOUT SNOW	
杂项符号	⛅	SUN BEHIND CLOUD	
杂项符号	⛆	RAIN	
杂项符号	⛇	BLACK SNOWMAN	
杂项符号	⛈	THUNDER CLOUD AND RAIN	
杂项符号	⛉	TURNED WHITE SHOGI PIECE	
杂项符号	⛊	TURNED BLACK SHOGI PIECE	
杂项符号	⛋	WHITE DIAMOND IN SQUARE	
杂项符号	⛌	CROSSING LANES	
杂项符号	⛍	DISABLED CAR	
杂项符号	⛎	OPHIUCHUS	
杂项符号	⛏	PICK	
杂项符号	⛐	CAR SLIDING	
杂项符号	⛑	HELMET WITH WHITE CROSS	
杂项符号	⛒	CIRCLED CROSSING LANES	
杂项符号	⛓	CHAINS	
杂项符号	⛔	NO ENTRY	
杂项符号	⛕	ALTERNATE ONE-WAY LEFT WAY TRAFFIC	
杂项符号	⛖	BLACK TWO-WAY LEFT WAY TRAFFIC	
杂项符号	⛗	WHITE TWO-WAY LEFT WAY TRAFFIC	
杂项符号	⛘	BLACK LEFT LANE MERGE	
杂项符号	⛙	WHITE LEFT LANE MERGE	
杂项符号	⛚	DRIVE SLOW SIGN	
杂项符号	⛛	HEAVY WHITE DOWN-POINTING TRIANGLE	
杂项符号	⛜	LEFT CLOSED ENTRY	
杂项符号	⛝	SQUARED SALTIRE	
杂项符号	⛞	FALLING DIAGONAL IN WHITE CIRCLE IN BLACK SQUARE	
杂项符号	⛟	BLACK TRUCK	
杂项符号	⛠	RESTRICTED LEFT ENTRY-1	
杂项符号	⛡	RESTRICTED LEFT ENTRY-2	
杂项符号	⛢	ASTRONOMICAL SYMBOL FOR URANUS	
杂项符号	⛣	HEAVY CIRCLE WITH STROKE AND TWO DOTS ABOVE	
杂项符号	⛤	PENTAGRAM	
杂项符号	⛥	RIGHT-HANDED INTERLACED PENTAGRAM	
杂项符号	⛦	LEFT-HANDED INTERLACED PENTAGRAM	
杂项符号	⛧	INVERTED PENTAGRAM	
杂项符号	⛨	BLACK CROSS ON SHIELD	
杂项符号	⛩	SHINTO SHRINE	
杂项符号	⛪	CHURCH	
杂项符号	⛫	CASTLE	
杂项符号	⛬	HISTORIC SITE	
杂项符号	⛭	GEAR WITHOUT HUB	
杂项符号	⛮	GEAR WITH HANDLES	
杂项符号	⛯	MAP SYMBOL FOR LIGHTHOUSE	
杂项符号	⛰	MOUNTAIN	
杂项符号	⛱	UMBRELLA ON GROUND	
杂项符号	⛲	FOUNTAIN	
杂项符号	⛳	FLAG IN HOLE	
杂项符号	⛴	FERRY	
杂项符号	⛵	SAILBOAT	
杂项符号	⛶	SQUARE FOUR CORNERS	
杂项符号	⛷	SKIER	
杂项符号	⛸	ICE SKATE	
杂项符号	⛹	PERSON WITH BALL	
杂项符号	⛺	TENT	
杂项符号	⛻	JAPANESE BANK SYMBOL	
杂项符号	⛼	HEADSTONE GRAVEYARD SYMBOL	
杂项符号	⛽	FUEL PUMP	
杂项符号	⛾	CUP ON BLACK SQUARE	
杂项符号	⛿	WHITE FLAG WITH HORIZONTAL MIDDLE BLACK STRIPE	
数学字母	𝐀	MATHEMATICAL BOLD CAPITAL A	
数学字母	𝐁	MATHEMATICAL BOLD CAPITAL B	
数学字母	𝐂	MATHEMATICAL BOLD CAPITAL C	
数学字母	𝐃	MATHEMATICAL BOLD CAPITAL D	
数学字母	𝐄	MATHEMATICAL BOLD CAPITAL E	
数学字母	𝐅	MATHEMATICAL BOLD CAPITAL F	
数学字母	𝐆	MATHEMATICAL BOLD CAPITAL G	
数学字母	𝐇	MATHEMATICAL BOLD CAPITAL H	
数学字母	𝐈	MATHEMATICAL BOLD CAPITAL I	
数学字母	𝐉	MATHEMATICAL BOLD CAPITAL J	
数学字母	𝐊	MATHEMATICAL BOLD CAPITAL K	
数学字母	𝐋	MATHEMATICAL BOLD CAPITAL L	
数学字母	𝐌	MATHEMATICAL BOLD CAPITAL M	
数学字母	𝐍	MATHEMATICAL BOLD CAPITAL N	
数学字母	𝐎	MATHEMATICAL BOLD CAPITAL O	
数学字母	𝐏	MATHEMATICAL BOLD CAPITAL P	
数学字母	𝐐	MATHEMATICAL BOLD CAPITAL Q	
数学字母	𝐑	MATHEMATICAL BOLD CAPITAL R	
数学字母	𝐒	MATHEMATICAL BOLD CAPITAL S	
数学字母	𝐓	MATHEMATICAL BOLD CAPITAL T	
数学字母	𝐔	MATHEMATICAL BOLD CAPITAL U	
数学字母	𝐕	MATHEMATICAL BOLD CAPITAL V	
数学字母	𝐖	MATHEMATICAL BOLD CAPITAL W	
数学字母	𝐗	MATHEMATICAL BOLD CAPITAL X	
数学字母	𝐘	MATHEMATICAL BOLD CAPITAL Y	
数学字母	𝐙	MATHEMATICAL BOLD CAPITAL Z	
数学字母	𝐚	MATHEMATICAL BOLD SMALL A	
数学字母	𝐛	MATHEMATICAL BOLD SMALL B	
数学字母	𝐜	MATHEMATICAL BOLD SMALL C	
数学字母	𝐝	MATHEMATICAL BOLD SMALL D	
数学字母	𝐞	MATHEMATICAL BOLD SMALL E	
数学字母	𝐟	MATHEMATICAL BOLD SMALL F	
数学字母	𝐠	MATHEMATICAL BOLD SMALL G	
数学字母	𝐡	MATHEMATICAL BOLD SMALL H	
数学字母	𝐢	MATHEMATICAL BOLD SMALL I	
数学字母	𝐣	MATHEMATICAL BOLD SMALL J	
数学字母	𝐤	MATHEMATICAL BOLD SMALL K	
数学字母	𝐥	MATHEMATICAL BOLD SMALL L	
数学字母	𝐦	MATHEMATICAL BOLD SMALL M	
数学字母	𝐧	MATHEMATICAL BOLD SMALL N	
数学字母	𝐨	MATHEMATICAL BOLD SMALL O	
数学字母	𝐩	MATHEMATICAL BOLD SMALL P	
数学字母	𝐪	MATHEMATICAL BOLD SMALL Q	
数学字母	𝐫	MATHEMATICAL BOLD SMALL R	
数学字母	𝐬	MATHEMATICAL BOLD SMALL S	
数学字母	𝐭	MATHEMATICAL BOLD SMALL T	
数学字母	𝐮	MATHEMATICAL BOLD SMALL U	
数学字母	𝐯	MATHEMATICAL BOLD SMALL V	
数学字母	𝐰	MATHEMATICAL BOLD SMALL W	
数学字母	𝐱	MATHEMATICAL BOLD SMALL X	
数学字母	𝐲	MATHEMATICAL BOLD SMALL Y	
数学字母	𝐳	MATHEMATICAL BOLD SMALL Z	
数学字母	𝐴	MATHEMATICAL ITALIC CAPITAL A	
数学字母	𝐵	MATHEMATICAL ITALIC CAPITAL B	
数学字母	𝐶	MATHEMATICAL ITALIC CAPITAL C	
数学字母	𝐷	MATHEMATICAL ITALIC CAPITAL D	
数学字母	𝐸	MATHEMATICAL ITALIC CAPITAL E	
数学字母	𝐹	MATHEMATICAL ITALIC CAPITAL F	
数学字母	𝐺	MATHEMATICAL ITALIC CAPITAL G	
数学字母	𝐻	MATHEMATICAL ITALIC CAPITAL H	
数学字母	𝐼	MATHEMATICAL ITALIC CAPITAL I	
数学字母	𝐽	MATHEMATICAL ITALIC CAPITAL J	
数学字母	𝐾	MATHEMATICAL ITALIC CAPITAL K	
数学字母	𝐿	MATHEMATICAL ITALIC CAPITAL L	
数学字母	𝑀	MATHEMATICAL ITALIC CAPITAL M	
数学字母	𝑁	MATHEMATICAL ITALIC CAPITAL N	
数学字母	𝑂	MATHEMATICAL ITALIC CAPITAL O	
数学字母	𝑃	MATHEMATICAL ITALIC CAPITAL P	
数学字母	𝑄	MATHEMATICAL ITALIC CAPITAL Q	
数学字母	𝑅	MATHEMATICAL ITALIC CAPITAL R	
数学字母	𝑆	MATHEMATICAL ITALIC CAPITAL S	
数学字母	𝑇	MATHEMATICAL ITALIC CAPITAL T	
数学字母	𝑈	MATHEMATICAL ITALIC CAPITAL U	
数学字母	𝑉	MATHEMATICAL ITALIC CAPITAL V	
数学字母	𝑊	MATHEMATICAL ITALIC CAPITAL W	
数学字母	𝑋	MATHEMATICAL ITALIC CAPITAL X	
数学字母	𝑌	MATHEMATICAL ITALIC CAPITAL Y	
数学字母	𝑍	MATHEMATICAL ITALIC CAPITAL Z	
数学字母	𝑎	MATHEMATICAL ITALIC SMALL A	
数学字母	𝑏	MATHEMATICAL ITALIC SMALL B	
数学字母	𝑐	MATHEMATICAL ITALIC SMALL C	
数学字母	𝑑	MATHEMATICAL ITALIC SMALL D	
数学字母	𝑒	MATHEMATICAL ITALIC SMALL E	
数学字母	𝑓	MATHEMATICAL ITALIC SMALL F	
数学字母	𝑔	MATHEMATICAL ITALIC SMALL G	
数学字母	𝑖	MATHEMATICAL ITALIC SMALL I	
数学字母	𝑗	MATHEMATICAL ITALIC SMALL J	
数学字母	𝑘	MATHEMATICAL ITALIC SMALL K	
数学字母	𝑙	MATHEMATICAL ITALIC SMALL L	
数学字母	𝑚	MATHEMATICAL ITALIC SMALL M	
数学字母	𝑛	MATHEMATICAL ITALIC SMALL N	
数学字母	𝑜	MATHEMATICAL ITALIC SMALL O	
数学字母	𝑝	MATHEMATICAL ITALIC SMALL P	
数学字母	𝑞	MATHEMATICAL ITALIC SMALL Q	
数学字母	𝑟	MATHEMATICAL ITALIC SMALL R	
数学字母	𝑠	MATHEMATICAL ITALIC SMALL S	
数学字母	𝑡	MATHEMATICAL ITALIC SMALL T	
数学字母	𝑢	MATHEMATICAL ITALIC SMALL U	
数学字母	𝑣	MATHEMATICAL ITALIC SMALL V	
数学字母	𝑤	MATHEMATICAL ITALIC SMALL W	
数学字母	𝑥	MATHEMATICAL ITALIC SMALL X	
数学字母	𝑦	MATHEMATICAL ITALIC SMALL Y	
数学字母	𝑧	MATHEMATICAL ITALIC SMALL Z	
数学字母	𝑨	MATHEMATICAL BOLD ITALIC CAPITAL A	
数学字母	𝑩	MATHEMATICAL BOLD ITALIC CAPITAL B	
数学字母	𝑪	MATHEMATICAL BOLD ITALIC CAPITAL C	
数学字母	𝑫	MATHEMATICAL BOLD ITALIC CAPITAL D	
数学字母	𝑬	MATHEMATICAL BOLD ITALIC CAPITAL E	
数学字母	𝑭	MATHEMATICAL BOLD ITALIC CAPITAL F	
数学字母	𝑮	MATHEMATICAL BOLD ITALIC CAPITAL G	
数学字母	𝑯	MATHEMATICAL BOLD ITALIC CAPITAL H	
数学字母	𝑰	MATHEMATICAL BOLD ITALIC CAPITAL I	
数学字母	𝑱	MATHEMATICAL BOLD ITALIC CAPITAL J	
数学字母	𝑲	MATHEMATICAL BOLD ITALIC CAPITAL K	
数学字母	𝑳	MATHEMATICAL BOLD ITALIC CAPITAL L	
数学字母	𝑴	MATHEMATICAL BOLD ITALIC CAPITAL M	
数学字母	𝑵	MATHEMATICAL BOLD ITALIC CAPITAL N	
数学字母	𝑶	MATHEMATICAL BOLD ITALIC CAPITAL O	
数学字母	𝑷	MATHEMATICAL BOLD ITALIC CAPITAL P	
数学字母	𝑸	MATHEMATICAL BOLD ITALIC CAPITAL Q	
数学字母	𝑹	MATHEMATICAL BOLD ITALIC CAPITAL R	
数学字母	𝑺	MATHEMATICAL BOLD ITALIC CAPITAL S	
数学字母	𝑻	MATHEMATICAL BOLD ITALIC CAPITAL T	
数学字母	𝑼	MATHEMATICAL BOLD ITALIC CAPITAL U	
数学字母	𝑽	MATHEMATICAL BOLD ITALIC CAPITAL V	
数学字母	𝑾	MATHEMATICAL BOLD ITALIC CAPITAL W	
数学字母	𝑿	MATHEMATICAL BOLD ITALIC CAPITAL X	
数学字母	𝒀	MATHEMATICAL BOLD ITALIC CAPITAL Y	
数学字母	𝒁	MATHEMATICAL BOLD ITALIC CAPITAL Z	
数学字母	𝒂	MATHEMATICAL BOLD ITALIC SMALL A	
数学字母	𝒃	MATHEMATICAL BOLD ITALIC SMALL B	
数学字母	𝒄	MATHEMATICAL BOLD ITALIC SMALL C	
数学字母	𝒅	MATHEMATICAL BOLD ITALIC SMALL D	
数学字母	𝒆	MATHEMATICAL BOLD ITALIC SMALL E	
数学字母	𝒇	MATHEMATICAL BOLD ITALIC SMALL F	
数学字母	𝒈	MATHEMATICAL BOLD ITALIC SMALL G	
数学字母	𝒉	MATHEMATICAL BOLD ITALIC SMALL H	
数学字母	𝒊	MATHEMATICAL BOLD ITALIC SMALL I	
数学字母	𝒋	MATHEMATICAL BOLD ITALIC SMALL J	
数学字母	𝒌	MATHEMATICAL BOLD ITALIC SMALL K	
数学字母	𝒍	MATHEMATICAL BOLD ITALIC SMALL L	
数学字母	𝒎	MATHEMATICAL BOLD ITALIC SMALL M	
数学字母	𝒏	MATHEMATICAL BOLD ITALIC SMALL N	
数学字母	𝒐	MATHEMATICAL BOLD ITALIC SMALL O	
数学字母	𝒑	MATHEMATICAL BOLD ITALIC SMALL P	
数学字母	𝒒	MATHEMATICAL BOLD ITALIC SMALL Q	
数学字母	𝒓	MATHEMATICAL BOLD ITALIC SMALL R	
数学字母	𝒔	MATHEMATICAL BOLD ITALIC SMALL S	
数学字母	𝒕	MATHEMATICAL BOLD ITALIC SMALL T	
数学字母	𝒖	MATHEMATICAL BOLD ITALIC SMALL U	
数学字母	𝒗	MATHEMATICAL BOLD ITALIC SMALL V	
数学字母	𝒘	MATHEMATICAL BOLD ITALIC SMALL W	
数学字母	𝒙	MATHEMATICAL BOLD ITALIC SMALL X	
数学字母	𝒚	MATHEMATICAL BOLD ITALIC SMALL Y	
数学字母	𝒛	MATHEMATICAL BOLD ITALIC SMALL Z	
数学字母	𝒜	MATHEMATICAL SCRIPT CAPITAL A	
数学字母	𝒞	MATHEMATICAL SCRIPT CAPITAL C	
数学字母	𝒟	MATHEMATICAL SCRIPT CAPITAL D	
数学字母	𝒢	MATHEMATICAL SCRIPT CAPITAL G	
数学字母	𝒥	MATHEMATICAL SCRIPT CAPITAL J	
数学字母	𝒦	MATHEMATICAL SCRIPT CAPITAL K	
数学字母	𝒩	MATHEMATICAL SCRIPT CAPITAL N	
数学字母	𝒪	MATHEMATICAL SCRIPT CAPITAL O	
数学字母	𝒫	MATHEMATICAL SCRIPT CAPITAL P	
数学字母	𝒬	MATHEMATICAL SCRIPT CAPITAL Q	
数学字母	𝒮	MATHEMATICAL SCRIPT CAPITAL S	
数学字母	𝒯	MATHEMATICAL SCRIPT CAPITAL T	
数学字母	𝒰	MATHEMATICAL SCRIPT CAPITAL U	
数学字母	𝒱	MATHEMATICAL SCRIPT CAPITAL V	
数学字母	𝒲	MATHEMATICAL SCRIPT CAPITAL W	
数学字母	𝒳	MATHEMATICAL SCRIPT CAPITAL X	
数学字母	𝒴	MATHEMATICAL SCRIPT CAPITAL Y	
数学字母	𝒵	MATHEMATICAL SCRIPT CAPITAL Z	
数学字母	𝒶	MATHEMATICAL SCRIPT SMALL A	
数学字母	𝒷	MATHEMATICAL SCRIPT SMALL B	
数学字母	𝒸	MATHEMATICAL SCRIPT SMALL C	
数学字母	𝒹	MATHEMATICAL SCRIPT SMALL D	
数学字母	𝒻	MATHEMATICAL SCRIPT SMALL F	
数学字母	𝒽	MATHEMATICAL SCRIPT SMALL H	
数学字母	𝒾	MATHEMATICAL SCRIPT SMALL I	
数学字母	𝒿	MATHEMATICAL SCRIPT SMALL J	
数学字母	𝓀	MATHEMATICAL SCRIPT SMALL K	
数学字母	𝓁	MATHEMATICAL SCRIPT SMALL L	
数学字母	𝓂	MATHEMATICAL SCRIPT SMALL M	
数学字母	𝓃	MATHEMATICAL SCRIPT SMALL N	
数学字母	𝓅	MATHEMATICAL SCRIPT SMALL P	
数学字母	𝓆	MATHEMATICAL SCRIPT SMALL Q	
数学字母	𝓇	MATHEMATICAL SCRIPT SMALL R	
数学字母	𝓈	MATHEMATICAL SCRIPT SMALL S	
数学字母	𝓉	MATHEMATICAL SCRIPT SMALL T	
数学字母	𝓊	MATHEMATICAL SCRIPT SMALL U	
数学字母	𝓋	MATHEMATICAL SCRIPT SMALL V	
数学字母	𝓌	MATHEMATICAL SCRIPT SMALL W	
数学字母	𝓍	MATHEMATICAL SCRIPT SMALL X	
数学字母	𝓎	MATHEMATICAL SCRIPT SMALL Y	
数学字母	𝓏	MATHEMATICAL SCRIPT SMALL Z	
数学字母	𝓐	MATHEMATICAL BOLD SCRIPT CAPITAL A	
数学字母	𝓑	MATHEMATICAL BOLD SCRIPT CAPITAL B	
数学字母	𝓒	MATHEMATICAL BOLD SCRIPT CAPITAL C	
数学字母	𝓓	MATHEMATICAL BOLD SCRIPT CAPITAL D	
数学字母	𝓔	MATHEMATICAL BOLD SCRIPT CAPITAL E	
数学字母	𝓕	MATHEMATICAL BOLD SCRIPT CAPITAL F	
数学字母	𝓖	MATHEMATICAL BOLD SCRIPT CAPITAL G	
数学字母	𝓗	MATHEMATICAL BOLD SCRIPT CAPITAL H	
数学字母	𝓘	MATHEMATICAL BOLD SCRIPT CAPITAL I	
数学字母	𝓙	MATHEMATICAL BOLD SCRIPT CAPITAL J	
数学字母	𝓚	MATHEMATICAL BOLD SCRIPT CAPITAL K	
数学字母	𝓛	MATHEMATICAL BOLD SCRIPT CAPITAL L	
数学字母	𝓜	MATHEMATICAL BOLD SCRIPT CAPITAL M	
数学字母	𝓝	MATHEMATICAL BOLD SCRIPT CAPITAL N	
数学字母	𝓞	MATHEMATICAL BOLD SCRIPT CAPITAL O	
数学字母	𝓟	MATHEMATICAL BOLD SCRIPT CAPITAL P	
数学字母	𝓠	MATHEMATICAL BOLD SCRIPT CAPITAL Q	
数学字母	𝓡	MATHEMATICAL BOLD SCRIPT CAPITAL R	
数学字母	𝓢	MATHEMATICAL BOLD SCRIPT CAPITAL S	
数学字母	𝓣	MATHEMATICAL BOLD SCRIPT CAPITAL T	
数学字母	𝓤	MATHEMATICAL BOLD SCRIPT CAPITAL U	
数学字母	𝓥	MATHEMATICAL BOLD SCRIPT CAPITAL V	
数学字母	𝓦	MATHEMATICAL BOLD SCRIPT CAPITAL W	
数学字母	𝓧	MATHEMATICAL BOLD SCRIPT CAPITAL X	
数学字母	𝓨	MATHEMATICAL BOLD SCRIPT CAPITAL Y	
数学字母	𝓩	MATHEMATICAL BOLD SCRIPT CAPITAL Z	
数学字母	𝓪	MATHEMATICAL BOLD SCRIPT SMALL A	
数学字母	𝓫	MATHEMATICAL BOLD SCRIPT SMALL B	
数学字母	𝓬	MATHEMATICAL BOLD SCRIPT SMALL C	
数学字母	𝓭	MATHEMATICAL BOLD SCRIPT SMALL D	
数学字母	𝓮	MATHEMATICAL BOLD SCRIPT SMALL E	
数学字母	𝓯	MATHEMATICAL BOLD SCRIPT SMALL F	
数学字母	𝓰	MATHEMATICAL BOLD SCRIPT SMALL G	
数学字母	𝓱	MATHEMATICAL BOLD SCRIPT SMALL H	
数学字母	𝓲	MATHEMATICAL BOLD SCRIPT SMALL I	
数学字母	𝓳	MATHEMATICAL BOLD SCRIPT SMALL J	
数学字母	𝓴	MATHEMATICAL BOLD SCRIPT SMALL K	
数学字母	𝓵	MATHEMATICAL BOLD SCRIPT SMALL L	
数学字母	𝓶	MATHEMATICAL BOLD SCRIPT SMALL M	
数学字母	𝓷	MATHEMATICAL BOLD SCRIPT SMALL N	
数学字母	𝓸	MATHEMATICAL BOLD SCRIPT SMALL O	
数学字母	𝓹	MATHEMATICAL BOLD SCRIPT SMALL P	
数学字母	𝓺	MATHEMATICAL BOLD SCRIPT SMALL Q	
数学字母	𝓻	MATHEMATICAL BOLD SCRIPT SMALL R	
数学字母	𝓼	MATHEMATICAL BOLD SCRIPT SMALL S	
数学字母	𝓽	MATHEMATICAL BOLD SCRIPT SMALL T	
数学字母	𝓾	MATHEMATICAL BOLD SCRIPT SMALL U	
数学字母	𝓿	MATHEMATICAL BOLD SCRIPT SMALL V	
数学字母	𝔀	MATHEMATICAL BOLD SCRIPT SMALL W	
数学字母	𝔁	MATHEMATICAL BOLD SCRIPT SMALL X	
数学字母	𝔂	MATHEMATICAL BOLD SCRIPT SMALL Y	
数学字母	𝔃	MATHEMATICAL BOLD SCRIPT SMALL Z	
数学字母	𝔄	MATHEMATICAL FRAKTUR CAPITAL A	
数学字母	𝔅	MATHEMATICAL FRAKTUR CAPITAL B	
数学字母	𝔇	MATHEMATICAL FRAKTUR CAPITAL D	
数学字母	𝔈	MATHEMATICAL FRAKTUR CAPITAL E	
数学字母	𝔉	MATHEMATICAL FRAKTUR CAPITAL F	
数学字母	𝔊	MATHEMATICAL FRAKTUR CAPITAL G	
数学字母	𝔍	MATHEMATICAL FRAKTUR CAPITAL J	
数学字母	𝔎	MATHEMATICAL FRAKTUR CAPITAL K	
数学字母	𝔏	MATHEMATICAL FRAKTUR CAPITAL L	
数学字母	𝔐	MATHEMATICAL FRAKTUR CAPITAL M	
数学字母	𝔑	MATHEMATICAL FRAKTUR CAPITAL N	
数学字母	𝔒	MATHEMATICAL FRAKTUR CAPITAL O	
数学字母	𝔓	MATHEMATICAL FRAKTUR CAPITAL P	
数学字母	𝔔	MATHEMATICAL FRAKTUR CAPITAL Q	
数学字母	𝔖	MATHEMATICAL FRAKTUR CAPITAL S	
数学字母	𝔗	MATHEMATICAL FRAKTUR CAPITAL T	
数学字母	𝔘	MATHEMATICAL FRAKTUR CAPITAL U	
数学字母	𝔙	MATHEMATICAL FRAKTUR CAPITAL V	
数学字母	𝔚	MATHEMATICAL FRAKTUR CAPITAL W	
数学字母	𝔛	MATHEMATICAL FRAKTUR CAPITAL X	
数学字母	𝔜	MATHEMATICAL FRAKTUR CAPITAL Y	
数学字母	𝔞	MATHEMATICAL FRAKTUR SMALL A	
数学字母	𝔟	MATHEMATICAL FRAKTUR SMALL B	
数学字母	𝔠	MATHEMATICAL FRAKTUR SMALL C	
数学字母	𝔡	MATHEMATICAL FRAKTUR SMALL D	
数学字母	𝔢	MATHEMATICAL FRAKTUR SMALL E	
数学字母	𝔣	MATHEMATICAL FRAKTUR SMALL F	
数学字母	𝔤	MATHEMATICAL FRAKTUR SMALL G	
数学字母	𝔥	MATHEMATICAL FRAKTUR SMALL H	
数学字母	𝔦	MATHEMATICAL FRAKTUR SMALL I	
数学字母	𝔧	MATHEMATICAL FRAKTUR SMALL J	
数学字母	𝔨	MATHEMATICAL FRAKTUR SMALL K	
数学字母	𝔩	MATHEMATICAL FRAKTUR SMALL L	
数学字母	𝔪	MATHEMATICAL FRAKTUR SMALL M	
数学字母	𝔫	MATHEMATICAL FRAKTUR SMALL N	
数学字母	𝔬	MATHEMATICAL FRAKTUR SMALL O	
数学字母	𝔭	MATHEMATICAL FRAKTUR SMALL P	
数学字母	𝔮	MATHEMATICAL FRAKTUR SMALL Q	
数学字母	𝔯	MATHEMATICAL FRAKTUR SMALL R	
数学字母	𝔰	MATHEMATICAL FRAKTUR SMALL S	
数学字母	𝔱	MATHEMATICAL FRAKTUR SMALL T	
数学字母	𝔲	MATHEMATICAL FRAKTUR SMALL U	
数学字母	𝔳	MATHEMATICAL FRAKTUR SMALL V	
数学字母	𝔴	MATHEMATICAL FRAKTUR SMALL W	
数学字母	𝔵	MATHEMATICAL FRAKTUR SMALL X	
数学字母	𝔶	MATHEMATICAL FRAKTUR SMALL Y	
数学字母	𝔷	MATHEMATICAL FRAKTUR SMALL Z	
数学字母	𝔸	MATHEMATICAL DOUBLE-STRUCK CAPITAL A	
数学字母	𝔹	MATHEMATICAL DOUBLE-STRUCK CAPITAL B	
数学字母	𝔻	MATHEMATICAL DOUBLE-STRUCK CAPITAL D	
数学字母	𝔼	MATHEMATICAL DOUBLE-STRUCK CAPITAL E	
数学字母	𝔽	MATHEMATICAL DOUBLE-STRUCK CAPITAL F	
数学字母	𝔾	MATHEMATICAL DOUBLE-STRUCK CAPITAL G	
数学字母	𝕀	MATHEMATICAL DOUBLE-STRUCK CAPITAL I	
数学字母	𝕁	MATHEMATICAL DOUBLE-STRUCK CAPITAL J	
数学字母	𝕂	MATHEMATICAL DOUBLE-STRUCK CAPITAL K	
数学字母	𝕃	MATHEMATICAL DOUBLE-STRUCK CAPITAL L	
数学字母	𝕄	MATHEMATICAL DOUBLE-STRUCK CAPITAL M	
数学字母	𝕆	MATHEMATICAL DOUBLE-STRUCK CAPITAL O	
数学字母	𝕊	MATHEMATICAL DOUBLE-STRUCK CAPITAL S	
数学字母	𝕋	MATHEMATICAL DOUBLE-STRUCK CAPITAL T	
数学字母	𝕌	MATHEMATICAL DOUBLE-STRUCK CAPITAL U	
数学字母	𝕍	MATHEMATICAL DOUBLE-STRUCK CAPITAL V	
数学字母	𝕎	MATHEMATICAL DOUBLE-STRUCK CAPITAL W	
数学字母	𝕏	MATHEMATICAL DOUBLE-STRUCK CAPITAL X	
数学字母	𝕐	MATHEMATICAL DOUBLE-STRUCK CAPITAL Y	
数学字母	𝕒	MATHEMATICAL DOUBLE-STRUCK SMALL A	
数学字母	𝕓	MATHEMATICAL DOUBLE-STRUCK SMALL B	
数学字母	𝕔	MATHEMATICAL DOUBLE-STRUCK SMALL C	
数学字母	𝕕	MATHEMATICAL DOUBLE-STRUCK SMALL D	
数学字母	𝕖	MATHEMATICAL DOUBLE-STRUCK SMALL E	
数学字母	𝕗	MATHEMATICAL DOUBLE-STRUCK SMALL F	
数学字母	𝕘	MATHEMATICAL DOUBLE-STRUCK SMALL G	
数学字母	𝕙	MATHEMATICAL DOUBLE-STRUCK SMALL H	
数学字母	𝕚	MATHEMATICAL DOUBLE-STRUCK SMALL I	
数学字母	𝕛	MATHEMATICAL DOUBLE-STRUCK SMALL J	
数学字母	𝕜	MATHEMATICAL DOUBLE-STRUCK SMALL K	
数学字母	𝕝	MATHEMATICAL DOUBLE-STRUCK SMALL L	
数学字母	𝕞	MATHEMATICAL DOUBLE-STRUCK SMALL M	
数学字母	𝕟	MATHEMATICAL DOUBLE-STRUCK SMALL N	
数学字母	𝕠	MATHEMATICAL DOUBLE-STRUCK SMALL O	
数学字母	𝕡	MATHEMATICAL DOUBLE-STRUCK SMALL P	
数学字母	𝕢	MATHEMATICAL DOUBLE-STRUCK SMALL Q	
数学字母	𝕣	MATHEMATICAL DOUBLE-STRUCK SMALL R	
数学字母	𝕤	MATHEMATICAL DOUBLE-STRUCK SMALL S	
数学字母	𝕥	MATHEMATICAL DOUBLE-STRUCK SMALL T	
数学字母	𝕦	MATHEMATICAL DOUBLE-STRUCK SMALL U	
数学字母	𝕧	MATHEMATICAL DOUBLE-STRUCK SMALL V	
数学字母	𝕨	MATHEMATICAL DOUBLE-STRUCK SMALL W	
数学字母	𝕩	MATHEMATICAL DOUBLE-STRUCK SMALL X	
数学字母	𝕪	MATHEMATICAL DOUBLE-STRUCK SMALL Y	
数学字母	𝕫	MATHEMATICAL DOUBLE-STRUCK SMALL Z	
数学字母	𝕬	MATHEMATICAL BOLD FRAKTUR CAPITAL A	
数学字母	𝕭	MATHEMATICAL BOLD FRAKTUR CAPITAL B	
数学字母	𝕮	MATHEMATICAL BOLD FRAKTUR CAPITAL C	
数学字母	𝕯	MATHEMATICAL BOLD FRAKTUR CAPITAL D	
数学字母	𝕰	MATHEMATICAL BOLD FRAKTUR CAPITAL E	
数学字母	𝕱	MATHEMATICAL BOLD FRAKTUR CAPITAL F	
数学字母	𝕲	MATHEMATICAL BOLD FRAKTUR CAPITAL G	
数学字母	𝕳	MATHEMATICAL BOLD FRAKTUR CAPITAL H	
数学字母	𝕴	MATHEMATICAL BOLD FRAKTUR CAPITAL I	
数学字母	𝕵	MATHEMATICAL BOLD FRAKTUR CAPITAL J	
数学字母	𝕶	MATHEMATICAL BOLD FRAKTUR CAPITAL K	
数学字母	𝕷	MATHEMATICAL BOLD FRAKTUR CAPITAL L	
数学字母	𝕸	MATHEMATICAL BOLD FRAKTUR CAPITAL M	
数学字母	𝕹	MATHEMATICAL BOLD FRAKTUR CAPITAL N	
数学字母	𝕺	MATHEMATICAL BOLD FRAKTUR CAPITAL O	
数学字母	𝕻	MATHEMATICAL BOLD FRAKTUR CAPITAL P	
数学字母	𝕼	MATHEMATICAL BOLD FRAKTUR CAPITAL Q	
数学字母	𝕽	MATHEMATICAL BOLD FRAKTUR CAPITAL R	
数学字母	𝕾	MATHEMATICAL BOLD FRAKTUR CAPITAL S	
数学字母	𝕿	MATHEMATICAL BOLD FRAKTUR CAPITAL T	
数学字母	𝖀	MATHEMATICAL BOLD FRAKTUR CAPITAL U	
数学字母	𝖁	MATHEMATICAL BOLD FRAKTUR CAPITAL V	
数学字母	𝖂	MATHEMATICAL BOLD FRAKTUR CAPITAL W	
数学字母	𝖃	MATHEMATICAL BOLD FRAKTUR CAPITAL X	
数学字母	𝖄	MATHEMATICAL BOLD FRAKTUR CAPITAL Y	
数学字母	𝖅	MATHEMATICAL BOLD FRAKTUR CAPITAL Z	
数学字母	𝖆	MATHEMATICAL BOLD FRAKTUR SMALL A	
数学字母	𝖇	MATHEMATICAL BOLD FRAKTUR SMALL B	
数学字母	𝖈	MATHEMATICAL BOLD FRAKTUR SMALL C	
数学字母	𝖉	MATHEMATICAL BOLD FRAKTUR SMALL D	
数学字母	𝖊	MATHEMATICAL BOLD FRAKTUR SMALL E	
数学字母	𝖋	MATHEMATICAL BOLD FRAKTUR SMALL F	
数学字母	𝖌	MATHEMATICAL BOLD FRAKTUR SMALL G	
数学字母	𝖍	MATHEMATICAL BOLD FRAKTUR SMALL H	
数学字母	𝖎	MATHEMATICAL BOLD FRAKTUR SMALL I	
数学字母	𝖏	MATHEMATICAL BOLD FRAKTUR SMALL J	
数学字母	𝖐	MATHEMATICAL BOLD FRAKTUR SMALL K	
数学字母	𝖑	MATHEMATICAL BOLD FRAKTUR SMALL L	
数学字母	𝖒	MATHEMATICAL BOLD FRAKTUR SMALL M	
数学字母	𝖓	MATHEMATICAL BOLD FRAKTUR SMALL N	
数学字母	𝖔	MATHEMATICAL BOLD FRAKTUR SMALL O	
数学字母	𝖕	MATHEMATICAL BOLD FRAKTUR SMALL P	
数学字母	𝖖	MATHEMATICAL BOLD FRAKTUR SMALL Q	
数学字母	𝖗	MATHEMATICAL BOLD FRAKTUR SMALL R	
数学字母	𝖘	MATHEMATICAL BOLD FRAKTUR SMALL S	
数学字母	𝖙	MATHEMATICAL BOLD FRAKTUR SMALL T	
数学字母	𝖚	MATHEMATICAL BOLD FRAKTUR SMALL U	
数学字母	𝖛	MATHEMATICAL BOLD FRAKTUR SMALL V	
数学字母	𝖜	MATHEMATICAL BOLD FRAKTUR SMALL W	
数学字母	𝖝	MATHEMATICAL BOLD FRAKTUR SMALL X	
数学字母	𝖞	MATHEMATICAL BOLD FRAKTUR SMALL Y	
数学字母	𝖟	MATHEMATICAL BOLD FRAKTUR SMALL Z	
数学字母	𝖠	MATHEMATICAL SANS-SERIF CAPITAL A	
数学字母	𝖡	MATHEMATICAL SANS-SERIF CAPITAL B	
数学字母	𝖢	MATHEMATICAL SANS-SERIF CAPITAL C	
数学字母	𝖣	MATHEMATICAL SANS-SERIF CAPITAL D	
数学字母	𝖤	MATHEMATICAL SANS-SERIF CAPITAL E	
数学字母	𝖥	MATHEMATICAL SANS-SERIF CAPITAL F	
数学字母	𝖦	MATHEMATICAL SANS-SERIF CAPITAL G	
数学字母	𝖧	MATHEMATICAL SANS-SERIF CAPITAL H	
数学字母	𝖨	MATHEMATICAL SANS-SERIF CAPITAL I	
数学字母	𝖩	MATHEMATICAL SANS-SERIF CAPITAL J	
数学字母	𝖪	MATHEMATICAL SANS-SERIF CAPITAL K	
数学字母	𝖫	MATHEMATICAL SANS-SERIF CAPITAL L	
数学字母	𝖬	MATHEMATICAL SANS-SERIF CAPITAL M	
数学字母	𝖭	MATHEMATICAL SANS-SERIF CAPITAL N	
数学字母	𝖮	MATHEMATICAL SANS-SERIF CAPITAL O	
数学字母	𝖯	MATHEMATICAL SANS-SERIF CAPITAL P	
数学字母	𝖰	MATHEMATICAL SANS-SERIF CAPITAL Q	
数学字母	𝖱	MATHEMATICAL SANS-SERIF CAPITAL R	
数学字母	𝖲	MATHEMATICAL SANS-SERIF CAPITAL S	
数学字母	𝖳	MATHEMATICAL SANS-SERIF CAPITAL T	
数学字母	𝖴	MATHEMATICAL SANS-SERIF CAPITAL U	
数学字母	𝖵	MATHEMATICAL SANS-SERIF CAPITAL V	
数学字母	𝖶	MATHEMATICAL SANS-SERIF CAPITAL W	
数学字母	𝖷	MATHEMATICAL SANS-SERIF CAPITAL X	
数学字母	𝖸	MATHEMATICAL SANS-SERIF CAPITAL Y	
数学字母	𝖹	MATHEMATICAL SANS-SERIF CAPITAL Z	
数学字母	𝖺	MATHEMATICAL SANS-SERIF SMALL A	
数学字母	𝖻	MATHEMATICAL SANS-SERIF SMALL B	
数学字母	𝖼	MATHEMATICAL SANS-SERIF SMALL C	
数学字母	𝖽	MATHEMATICAL SANS-SERIF SMALL D	
数学字母	𝖾	MATHEMATICAL SANS-SERIF SMALL E	
数学字母	𝖿	MATHEMATICAL SANS-SERIF SMALL F	
数学字母	𝗀	MATHEMATICAL SANS-SERIF SMALL G	
数学字母	𝗁	MATHEMATICAL SANS-SERIF SMALL H	
数学字母	𝗂	MATHEMATICAL SANS-SERIF SMALL I	
数学字母	𝗃	MATHEMATICAL SANS-SERIF SMALL J	
数学字母	𝗄	MATHEMATICAL SANS-SERIF SMALL K	
数学字母	𝗅	MATHEMATICAL SANS-SERIF SMALL L	
数学字母	𝗆	MATHEMATICAL SANS-SERIF SMALL M	
数学字母	𝗇	MATHEMATICAL SANS-SERIF SMALL N	
数学字母	𝗈	MATHEMATICAL SANS-SERIF SMALL O	
数学字母	𝗉	MATHEMATICAL SANS-SERIF SMALL P	
数学字母	𝗊	MATHEMATICAL SANS-SERIF SMALL Q	
数学字母	𝗋	MATHEMATICAL SANS-SERIF SMALL R	
数学字母	𝗌	MATHEMATICAL SANS-SERIF SMALL S	
数学字母	𝗍	MATHEMATICAL SANS-SERIF SMALL T	
数学字母	𝗎	MATHEMATICAL SANS-SERIF SMALL U	
数学字母	𝗏	MATHEMATICAL SANS-SERIF SMALL V	
数学字母	𝗐	MATHEMATICAL SANS-SERIF SMALL W	
数学字母	𝗑	MATHEMATICAL SANS-SERIF SMALL X	
数学字母	𝗒	MATHEMATICAL SANS-SERIF SMALL Y	
数学字母	𝗓	MATHEMATICAL SANS-SERIF SMALL Z	
数学字母	𝗔	MATHEMATICAL SANS-SERIF BOLD CAPITAL A	
数学字母	𝗕	MATHEMATICAL SANS-SERIF BOLD CAPITAL B	
数学字母	𝗖	MATHEMATICAL SANS-SERIF BOLD CAPITAL C	
数学字母	𝗗	MATHEMATICAL SANS-SERIF BOLD CAPITAL D	
数学字母	𝗘	MATHEMATICAL SANS-SERIF BOLD CAPITAL E	
数学字母	𝗙	MATHEMATICAL SANS-SERIF BOLD CAPITAL F	
数学字母	𝗚	MATHEMATICAL SANS-SERIF BOLD CAPITAL G	
数学字母	𝗛	MATHEMATICAL SANS-SERIF BOLD CAPITAL H	
数学字母	𝗜	MATHEMATICAL SANS-SERIF BOLD CAPITAL I	
数学字母	𝗝	MATHEMATICAL SANS-SERIF BOLD CAPITAL J	
数学字母	𝗞	MATHEMATICAL SANS-SERIF BOLD CAPITAL K	
数学字母	𝗟	MATHEMATICAL SANS-SERIF BOLD CAPITAL L	
数学字母	𝗠	MATHEMATICAL SANS-SERIF BOLD CAPITAL M	
数学字母	𝗡	MATHEMATICAL SANS-SERIF BOLD CAPITAL N	
数学字母	𝗢	MATHEMATICAL SANS-SERIF BOLD CAPITAL O	
数学字母	𝗣	MATHEMATICAL SANS-SERIF BOLD CAPITAL P	
数学字母	𝗤	MATHEMATICAL SANS-SERIF BOLD CAPITAL Q	
数学字母	𝗥	MATHEMATICAL SANS-SERIF BOLD CAPITAL R	
数学字母	𝗦	MATHEMATICAL SANS-SERIF BOLD CAPITAL S	
数学字母	𝗧	MATHEMATICAL SANS-SERIF BOLD CAPITAL T	
数学字母	𝗨	MATHEMATICAL SANS-SERIF BOLD CAPITAL U	
数学字母	𝗩	MATHEMATICAL SANS-SERIF BOLD CAPITAL V	
数学字母	𝗪	MATHEMATICAL SANS-SERIF BOLD CAPITAL W	
数学字母	𝗫	MATHEMATICAL SANS-SERIF BOLD CAPITAL X	
数学字母	𝗬	MATHEMATICAL SANS-SERIF BOLD CAPITAL Y	
数学字母	𝗭	MATHEMATICAL SANS-SERIF BOLD CAPITAL Z	
数学字母	𝗮	MATHEMATICAL SANS-SERIF BOLD SMALL A	
数学字母	𝗯	MATHEMATICAL SANS-SERIF BOLD SMALL B	
数学字母	𝗰	MATHEMATICAL SANS-SERIF BOLD SMALL C	
数学字母	𝗱	MATHEMATICAL SANS-SERIF BOLD SMALL D	
数学字母	𝗲	MATHEMATICAL SANS-SERIF BOLD SMALL E	
数学字母	𝗳	MATHEMATICAL SANS-SERIF BOLD SMALL F	
数学字母	𝗴	MATHEMATICAL SANS-SERIF BOLD SMALL G	
数学字母	𝗵	MATHEMATICAL SANS-SERIF BOLD SMALL H	
数学字母	𝗶	MATHEMATICAL SANS-SERIF BOLD SMALL I	
数学字母	𝗷	MATHEMATICAL SANS-SERIF BOLD SMALL J	
数学字母	𝗸	MATHEMATICAL SANS-SERIF BOLD SMALL K	
数学字母	𝗹	MATHEMATICAL SANS-SERIF BOLD SMALL L	
数学字母	𝗺	MATHEMATICAL SANS-SERIF BOLD SMALL M	
数学字母	𝗻	MATHEMATICAL SANS-SERIF BOLD SMALL N	
数学字母	𝗼	MATHEMATICAL SANS-SERIF BOLD SMALL O	
数学字母	𝗽	MATHEMATICAL SANS-SERIF BOLD SMALL P	
数学字母	𝗾	MATHEMATICAL SANS-SERIF BOLD SMALL Q	
数学字母	𝗿	MATHEMATICAL SANS-SERIF BOLD SMALL R	
数学字母	𝘀	MATHEMATICAL SANS-SERIF BOLD SMALL S	
数学字母	𝘁	MATHEMATICAL SANS-SERIF BOLD SMALL T	
数学字母	𝘂	MATHEMATICAL SANS-SERIF BOLD SMALL U	
数学字母	𝘃	MATHEMATICAL SANS-SERIF BOLD SMALL V	
数学字母	𝘄	MATHEMATICAL SANS-SERIF BOLD SMALL W	
数学字母	𝘅	MATHEMATICAL SANS-SERIF BOLD SMALL X	
数学字母	𝘆	MATHEMATICAL SANS-SERIF BOLD SMALL Y	
数学字母	𝘇	MATHEMATICAL SANS-SERIF BOLD SMALL Z	
数学字母	𝘈	MATHEMATICAL SANS-SERIF ITALIC CAPITAL A	
数学字母	𝘉	MATHEMATICAL SANS-SERIF ITALIC CAPITAL B	
数学字母	𝘊	MATHEMATICAL SANS-SERIF ITALIC CAPITAL C	
数学字母	𝘋	MATHEMATICAL SANS-SERIF ITALIC CAPITAL D	
数学字母	𝘌	MATHEMATICAL SANS-SERIF ITALIC CAPITAL E	
数学字母	𝘍	MATHEMATICAL SANS-SERIF ITALIC CAPITAL F	
数学字母	𝘎	MATHEMATICAL SANS-SERIF ITALIC CAPITAL G	
数学字母	𝘏	MATHEMATICAL SANS-SERIF ITALIC CAPITAL H	
数学字母	𝘐	MATHEMATICAL SANS-SERIF ITALIC CAPITAL I	
数学字母	𝘑	MATHEMATICAL SANS-SERIF ITALIC CAPITAL J	
数学字母	𝘒	MATHEMATICAL SANS-SERIF ITALIC CAPITAL K	
数学字母	𝘓	MATHEMATICAL SANS-SERIF ITALIC CAPITAL L	
数学字母	𝘔	MATHEMATICAL SANS-SERIF ITALIC CAPITAL M	
数学字母	𝘕	MATHEMATICAL SANS-SERIF ITALIC CAPITAL N	
数学字母	𝘖	MATHEMATICAL SANS-SERIF ITALIC CAPITAL O	
数学字母	𝘗	MATHEMATICAL SANS-SERIF ITALIC CAPITAL P	
数学字母	𝘘	MATHEMATICAL SANS-SERIF ITALIC CAPITAL Q	
数学字母	𝘙	MATHEMATICAL SANS-SERIF ITALIC CAPITAL R	
数学字母	𝘚	MATHEMATICAL SANS-SERIF ITALIC CAPITAL S	
数学字母	𝘛	MATHEMATICAL SANS-SERIF ITALIC CAPITAL T	
数学字母	𝘜	MATHEMATICAL SANS-SERIF ITALIC CAPITAL U	
数学字母	𝘝	MATHEMATICAL SANS-SERIF ITALIC CAPITAL V	
数学字母	𝘞	MATHEMATICAL SANS-SERIF ITALIC CAPITAL W	
数学字母	𝘟	MATHEMATICAL SANS-SERIF ITALIC CAPITAL X	
数学字母	𝘠	MATHEMATICAL SANS-SERIF ITALIC CAPITAL Y	
数学字母	𝘡	MATHEMATICAL SANS-SERIF ITALIC CAPITAL Z	
数学字母	𝘢	MATHEMATICAL SANS-SERIF ITALIC SMALL A	
数学字母	𝘣	MATHEMATICAL SANS-SERIF ITALIC SMALL B	
数学字母	𝘤	MATHEMATICAL SANS-SERIF ITALIC SMALL C	
数学字母	𝘥	MATHEMATICAL SANS-SERIF ITALIC SMALL D	
数学字母	𝘦	MATHEMATICAL SANS-SERIF ITALIC SMALL E	
数学字母	𝘧	MATHEMATICAL SANS-SERIF ITALIC SMALL F	
数学字母	𝘨	MATHEMATICAL SANS-SERIF ITALIC SMALL G	
数学字母	𝘩	MATHEMATICAL SANS-SERIF ITALIC SMALL H	
数学字母	𝘪	MATHEMATICAL SANS-SERIF ITALIC SMALL I	
数学字母	𝘫	MATHEMATICAL SANS-SERIF ITALIC SMALL J	
数学字母	𝘬	MATHEMATICAL SANS-SERIF ITALIC SMALL K	
数学字母	𝘭	MATHEMATICAL SANS-SERIF ITALIC SMALL L	
数学字母	𝘮	MATHEMATICAL SANS-SERIF ITALIC SMALL M	
数学字母	𝘯	MATHEMATICAL SANS-SERIF ITALIC SMALL N	
数学字母	𝘰	MATHEMATICAL SANS-SERIF ITALIC SMALL O	
数学字母	𝘱	MATHEMATICAL SANS-SERIF ITALIC SMALL P	
数学字母	𝘲	MATHEMATICAL SANS-SERIF ITALIC SMALL Q	
数学字母	𝘳	MATHEMATICAL SANS-SERIF ITALIC SMALL R	
数学字母	𝘴	MATHEMATICAL SANS-SERIF ITALIC SMALL S	
数学字母	𝘵	MATHEMATICAL SANS-SERIF ITALIC SMALL T	
数学字母	𝘶	MATHEMATICAL SANS-SERIF ITALIC SMALL U	
数学字母	𝘷	MATHEMATICAL SANS-SERIF ITALIC SMALL V	
数学字母	𝘸	MATHEMATICAL SANS-SERIF ITALIC SMALL W	
数学字母	𝘹	MATHEMATICAL SANS-SERIF ITALIC SMALL X	
数学字母	𝘺	MATHEMATICAL SANS-SERIF ITALIC SMALL Y	
数学字母	𝘻	MATHEMATICAL SANS-SERIF ITALIC SMALL Z	
数学字母	𝘼	MATHEMATICAL SANS-SERIF BOLD ITALIC CAPITAL A	
数学字母	𝘽	MATHEMATICAL SANS-SERIF BOLD ITALIC CAPITAL B	
数学字母	𝘾	MATHEMATICAL SANS-SERIF BOLD ITALIC CAPITAL C	
数学字母	𝘿	MATHEMATICAL SANS-SERIF BOLD ITALIC CAPITAL D	
数学字母	𝙀	MATHEMATICAL SANS-SERIF BOLD ITALIC CAPITAL E	
数学字母	𝙁	MATHEMATICAL SANS-SERIF BOLD ITALIC CAPITAL F	
数学字母	𝙂	MATHEMATICAL SANS-SERIF BOLD ITALIC CAPITAL G	
数学字母	𝙃	MATHEMATICAL SANS-SERIF BOLD ITALIC CAPITAL H	
数学字母	𝙄	MATHEMATICAL SANS-SERIF BOLD ITALIC CAPITAL I	
数学字母	𝙅	MATHEMATICAL SANS-SERIF BOLD ITALIC CAPITAL J	
数学字母	𝙆	MATHEMATICAL SANS-SERIF BOLD ITALIC CAPITAL K	
数学字母	𝙇	MATHEMATICAL SANS-SERIF BOLD ITALIC CAPITAL L	
数学字母	𝙈	MATHEMATICAL SANS-SERIF BOLD ITALIC CAPITAL M	
数学字母	𝙉	MATHEMATICAL SANS-SERIF BOLD ITALIC CAPITAL N	
数学字母	𝙊	MATHEMATICAL SANS-SERIF BOLD ITALIC CAPITAL O	
数学字母	𝙋	MATHEMATICAL SANS-SERIF BOLD ITALIC CAPITAL P	
数学字母	𝙌	MATHEMATICAL SANS-SERIF BOLD ITALIC CAPITAL Q	
数学字母	𝙍	MATHEMATICAL SANS-SERIF BOLD ITALIC CAPITAL R	
数学字母	𝙎	MATHEMATICAL SANS-SERIF BOLD ITALIC CAPITAL S	
数学字母	𝙏	MATHEMATICAL SANS-SERIF BOLD ITALIC CAPITAL T	
数学字母	𝙐	MATHEMATICAL SANS-SERIF BOLD ITALIC CAPITAL U	
数学字母	𝙑	MATHEMATICAL SANS-SERIF BOLD ITALIC CAPITAL V	
数学字母	𝙒	MATHEMATICAL SANS-SERIF BOLD ITALIC CAPITAL W	
数学字母	𝙓	MATHEMATICAL SANS-SERIF BOLD ITALIC CAPITAL X	
数学字母	𝙔	MATHEMATICAL SANS-SERIF BOLD ITALIC CAPITAL Y	
数学字母	𝙕	MATHEMATICAL SANS-SERIF BOLD ITALIC CAPITAL Z	
数学字母	𝙖	MATHEMATICAL SANS-SERIF BOLD ITALIC SMALL A	
数学字母	𝙗	MATHEMATICAL SANS-SERIF BOLD ITALIC SMALL B	
数学字母	𝙘	MATHEMATICAL SANS-SERIF BOLD ITALIC SMALL C	
数学字母	𝙙	MATHEMATICAL SANS-SERIF BOLD ITALIC SMALL D	
数学字母	𝙚	MATHEMATICAL SANS-SERIF BOLD ITALIC SMALL E	
数学字母	𝙛	MATHEMATICAL SANS-SERIF BOLD ITALIC SMALL F	
数学字母	𝙜	MATHEMATICAL SANS-SERIF BOLD ITALIC SMALL G	
数学字母	𝙝	MATHEMATICAL SANS-SERIF BOLD ITALIC SMALL H	
数学字母	𝙞	MATHEMATICAL SANS-SERIF BOLD ITALIC SMALL I	
数学字母	𝙟	MATHEMATICAL SANS-SERIF BOLD ITALIC SMALL J	
数学字母	𝙠	MATHEMATICAL SANS-SERIF BOLD ITALIC SMALL K	
数学字母	𝙡	MATHEMATICAL SANS-SERIF BOLD ITALIC SMALL L	
数学字母	𝙢	MATHEMATICAL SANS-SERIF BOLD ITALIC SMALL M	
数学字母	𝙣	MATHEMATICAL SANS-SERIF BOLD ITALIC SMALL N	
数学字母	𝙤	MATHEMATICAL SANS-SERIF BOLD ITALIC SMALL O	
数学字母	𝙥	MATHEMATICAL SANS-SERIF BOLD ITALIC SMALL P	
数学字母	𝙦	MATHEMATICAL SANS-SERIF BOLD ITALIC SMALL Q	
数学字母	𝙧	MATHEMATICAL SANS-SERIF BOLD ITALIC SMALL R	
数学字母	𝙨	MATHEMATICAL SANS-SERIF BOLD ITALIC SMALL S	
数学字母	𝙩	MATHEMATICAL SANS-SERIF BOLD ITALIC SMALL T	
数学字母	𝙪	MATHEMATICAL SANS-SERIF BOLD ITALIC SMALL U	
数学字母	𝙫	MATHEMATICAL SANS-SERIF BOLD ITALIC SMALL V	
数学字母	𝙬	MATHEMATICAL SANS-SERIF BOLD ITALIC SMALL W	
数学字母	𝙭	MATHEMATICAL SANS-SERIF BOLD ITALIC SMALL X	
数学字母	𝙮	MATHEMATICAL SANS-SERIF BOLD ITALIC SMALL Y	
数学字母	𝙯	MATHEMATICAL SANS-SERIF BOLD ITALIC SMALL Z	
数学字母	𝙰	MATHEMATICAL MONOSPACE CAPITAL A	
数学字母	𝙱	MATHEMATICAL MONOSPACE CAPITAL B	
数学字母	𝙲	MATHEMATICAL MONOSPACE CAPITAL C	
数学字母	𝙳	MATHEMATICAL MONOSPACE CAPITAL D	
数学字母	𝙴	MATHEMATICAL MONOSPACE CAPITAL E	
数学字母	𝙵	MATHEMATICAL MONOSPACE CAPITAL F	
数学字母	𝙶	MATHEMATICAL MONOSPACE CAPITAL G	
数学字母	𝙷	MATHEMATICAL MONOSPACE CAPITAL H	
数学字母	𝙸	MATHEMATICAL MONOSPACE CAPITAL I	
数学字母	𝙹	MATHEMATICAL MONOSPACE CAPITAL J	
数学字母	𝙺	MATHEMATICAL MONOSPACE CAPITAL K	
数学字母	𝙻	MATHEMATICAL MONOSPACE CAPITAL L	
数学字母	𝙼	MATHEMATICAL MONOSPACE CAPITAL M	
数学字母	𝙽	MATHEMATICAL MONOSPACE CAPITAL N	
数学字母	𝙾	MATHEMATICAL MONOSPACE CAPITAL O	
数学字母	𝙿	MATHEMATICAL MONOSPACE CAPITAL P	
数学字母	𝚀	MATHEMATICAL MONOSPACE CAPITAL Q	
数学字母	𝚁	MATHEMATICAL MONOSPACE CAPITAL R	
数学字母	𝚂	MATHEMATICAL MONOSPACE CAPITAL S	
数学字母	𝚃	MATHEMATICAL MONOSPACE CAPITAL T	
数学字母	𝚄	MATHEMATICAL MONOSPACE CAPITAL U	
数学字母	𝚅	MATHEMATICAL MONOSPACE CAPITAL V	
数学字母	𝚆	MATHEMATICAL MONOSPACE CAPITAL W	
数学字母	𝚇	MATHEMATICAL MONOSPACE CAPITAL X	
数学字母	𝚈	MATHEMATICAL MONOSPACE CAPITAL Y	
数学字母	𝚉	MATHEMATICAL MONOSPACE CAPITAL Z	
数学字母	𝚊	MATHEMATICAL MONOSPACE SMALL A	
数学字母	𝚋	MATHEMATICAL MONOSPACE SMALL B	
数学字母	𝚌	MATHEMATICAL MONOSPACE SMALL C	
数学字母	𝚍	MATHEMATICAL MONOSPACE SMALL D	
数学字母	𝚎	MATHEMATICAL MONOSPACE SMALL E	
数学字母	𝚏	MATHEMATICAL MONOSPACE SMALL F	
数学字母	𝚐	MATHEMATICAL MONOSPACE SMALL G	
数学字母	𝚑	MATHEMATICAL MONOSPACE SMALL H	
数学字母	𝚒	MATHEMATICAL MONOSPACE SMALL I	
数学字母	𝚓	MATHEMATICAL MONOSPACE SMALL J	
数学字母	𝚔	MATHEMATICAL MONOSPACE SMALL K	
数学字母	𝚕	MATHEMATICAL MONOSPACE SMALL L	
数学字母	𝚖	MATHEMATICAL MONOSPACE SMALL M	
数学字母	𝚗	MATHEMATICAL MONOSPACE SMALL N	
数学字母	𝚘	MATHEMATICAL MONOSPACE SMALL O	
数学字母	𝚙	MATHEMATICAL MONOSPACE SMALL P	
数学字母	𝚚	MATHEMATICAL MONOSPACE SMALL Q	
数学字母	𝚛	MATHEMATICAL MONOSPACE SMALL R	
数学字母	𝚜	MATHEMATICAL MONOSPACE SMALL S	
数学字母	𝚝	MATHEMATICAL MONOSPACE SMALL T	
数学字母	𝚞	MATHEMATICAL MONOSPACE SMALL U	
数学字母	𝚟	MATHEMATICAL MONOSPACE SMALL V	
数学字母	𝚠	MATHEMATICAL MONOSPACE SMALL W	
数学字母	𝚡	MATHEMATICAL MONOSPACE SMALL X	
数学字母	𝚢	MATHEMATICAL MONOSPACE SMALL Y	
数学字母	𝚣	MATHEMATICAL MONOSPACE SMALL Z	
数学字母	𝚤	MATHEMATICAL ITALIC SMALL DOTLESS I	
数学字母	𝚥	MATHEMATICAL ITALIC SMALL DOTLESS J	
数学字母	𝚨	MATHEMATICAL BOLD CAPITAL ALPHA	
数学字母	𝚩	MATHEMATICAL BOLD CAPITAL BETA	
数学字母	𝚪	MATHEMATICAL BOLD CAPITAL GAMMA	
数学字母	𝚫	MATHEMATICAL BOLD CAPITAL DELTA	
数学字母	𝚬	MATHEMATICAL BOLD CAPITAL EPSILON	
数学字母	𝚭	MATHEMATICAL BOLD CAPITAL ZETA	
数学字母	𝚮	MATHEMATICAL BOLD CAPITAL ETA	
数学字母	𝚯	MATHEMATICAL BOLD CAPITAL THETA	
数学字母	𝚰	MATHEMATICAL BOLD CAPITAL IOTA	
数学字母	𝚱	MATHEMATICAL BOLD CAPITAL KAPPA	
数学字母	𝚲	MATHEMATICAL BOLD CAPITAL LAMDA	
数学字母	𝚳	MATHEMATICAL BOLD CAPITAL MU	
数学字母	𝚴	MATHEMATICAL BOLD CAPITAL NU	
数学字母	𝚵	MATHEMATICAL BOLD CAPITAL XI	
数学字母	𝚶	MATHEMATICAL BOLD CAPITAL OMICRON	
数学字母	𝚷	MATHEMATICAL BOLD CAPITAL PI	
数学字母	𝚸	MATHEMATICAL BOLD CAPITAL RHO	
数学字母	𝚹	MATHEMATICAL BOLD CAPITAL THETA SYMBOL	
数学字母	𝚺	MATHEMATICAL BOLD CAPITAL SIGMA	
数学字母	𝚻	MATHEMATICAL BOLD CAPITAL TAU	
数学字母	𝚼	MATHEMATICAL BOLD CAPITAL UPSILON	
数学字母	𝚽	MATHEMATICAL BOLD CAPITAL PHI	
数学字母	𝚾	MATHEMATICAL BOLD CAPITAL CHI	
数学字母	𝚿	MATHEMATICAL BOLD CAPITAL PSI	
数学字母	𝛀	MATHEMATICAL BOLD CAPITAL OMEGA	
数学字母	𝛁	MATHEMATICAL BOLD NABLA	
数学字母	𝛂	MATHEMATICAL BOLD SMALL ALPHA	
数学字母	𝛃	MATHEMATICAL BOLD SMALL BETA	
数学字母	𝛄	MATHEMATICAL BOLD SMALL GAMMA	
数学字母	𝛅	MATHEMATICAL BOLD SMALL DELTA	
数学字母	𝛆	MATHEMATICAL BOLD SMALL EPSILON	
数学字母	𝛇	MATHEMATICAL BOLD SMALL ZETA	
数学字母	𝛈	MATHEMATICAL BOLD SMALL ETA	
数学字母	𝛉	MATHEMATICAL BOLD SMALL THETA	
数学字母	𝛊	MATHEMATICAL BOLD SMALL IOTA	
数学字母	𝛋	MATHEMATICAL BOLD SMALL KAPPA	
数学字母	𝛌	MATHEMATICAL BOLD SMALL LAMDA	
数学字母	𝛍	MATHEMATICAL BOLD SMALL MU	
数学字母	𝛎	MATHEMATICAL BOLD SMALL NU	
数学字母	𝛏	MATHEMATICAL BOLD SMALL XI	
数学字母	𝛐	MATHEMATICAL BOLD SMALL OMICRON	
数学字母	𝛑	MATHEMATICAL BOLD SMALL PI	
数学字母	𝛒	MATHEMATICAL BOLD SMALL RHO	
数学字母	𝛓	MATHEMATICAL BOLD SMALL FINAL SIGMA	
数学字母	𝛔	MATHEMATICAL BOLD SMALL SIGMA	
数学字母	𝛕	MATHEMATICAL BOLD SMALL TAU	
数学字母	𝛖	MATHEMATICAL BOLD SMALL UPSILON	
数学字母	𝛗	MATHEMATICAL BOLD SMALL PHI	
数学字母	𝛘	MATHEMATICAL BOLD SMALL CHI	
数学字母	𝛙	MATHEMATICAL BOLD SMALL PSI	
数学字母	𝛚	MATHEMATICAL BOLD SMALL OMEGA	
数学字母	𝛛	MATHEMATICAL BOLD PARTIAL DIFFERENTIAL	
数学字母	𝛜	MATHEMATICAL BOLD EPSILON SYMBOL	
数学字母	𝛝	MATHEMATICAL BOLD THETA SYMBOL	
数学字母	𝛞	MATHEMATICAL BOLD KAPPA SYMBOL	
数学字母	𝛟	MATHEMATICAL BOLD PHI SYMBOL	
数学字母	𝛠	MATHEMATICAL BOLD RHO SYMBOL	
数学字母	𝛡	MATHEMATICAL BOLD PI SYMBOL	
数学字母	𝛢	MATHEMATICAL ITALIC CAPITAL ALPHA	
数学字母	𝛣	MATHEMATICAL ITALIC CAPITAL BETA	
数学字母	𝛤	MATHEMATICAL ITALIC CAPITAL GAMMA	
数学字母	𝛥	MATHEMATICAL ITALIC CAPITAL DELTA	
数学字母	𝛦	MATHEMATICAL ITALIC CAPITAL EPSILON	
数学字母	𝛧	MATHEMATICAL ITALIC CAPITAL ZETA	
数学字母	𝛨	MATHEMATICAL ITALIC CAPITAL ETA	
数学字母	𝛩	MATHEMATICAL ITALIC CAPITAL THETA	
数学字母	𝛪	MATHEMATICAL ITALIC CAPITAL IOTA	
数学字母	𝛫	MATHEMATICAL ITALIC CAPITAL KAPPA	
数学字母	𝛬	MATHEMATICAL ITALIC CAPITAL LAMDA	
数学字母	𝛭	MATHEMATICAL ITALIC CAPITAL MU	
数学字母	𝛮	MATHEMATICAL ITALIC CAPITAL NU	
数学字母	𝛯	MATHEMATICAL ITALIC CAPITAL XI	
数学字母	𝛰	MATHEMATICAL ITALIC CAPITAL OMICRON	
数学字母	𝛱	MATHEMATICAL ITALIC CAPITAL PI	
数学字母	𝛲	MATHEMATICAL ITALIC CAPITAL RHO	
数学字母	𝛳	MATHEMATICAL ITALIC CAPITAL THETA SYMBOL	
数学字母	𝛴	MATHEMATICAL ITALIC CAPITAL SIGMA	
数学字母	𝛵	MATHEMATICAL ITALIC CAPITAL TAU	
数学字母	𝛶	MATHEMATICAL ITALIC CAPITAL UPSILON	
数学字母	𝛷	MATHEMATICAL ITALIC CAPITAL PHI	
数学字母	𝛸	MATHEMATICAL ITALIC CAPITAL CHI	
数学字母	𝛹	MATHEMATICAL ITALIC CAPITAL PSI	
数学字母	𝛺	MATHEMATICAL ITALIC CAPITAL OMEGA	
数学字母	𝛻	MATHEMATICAL ITALIC NABLA	
数学字母	𝛼	MATHEMATICAL ITALIC SMALL ALPHA	
数学字母	𝛽	MATHEMATICAL ITALIC SMALL BETA	
数学字母	𝛾	MATHEMATICAL ITALIC SMALL GAMMA	
数学字母	𝛿	MATHEMATICAL ITALIC SMALL DELTA	
数学字母	𝜀	MATHEMATICAL ITALIC SMALL EPSILON	
数学字母	𝜁	MATHEMATICAL ITALIC SMALL ZETA	
数学字母	𝜂	MATHEMATICAL ITALIC SMALL ETA	
数学字母	𝜃	MATHEMATICAL ITALIC SMALL THETA	
数学字母	𝜄	MATHEMATICAL ITALIC SMALL IOTA	
数学字母	𝜅	MATHEMATICAL ITALIC SMALL KAPPA	
数学字母	𝜆	MATHEMATICAL ITALIC SMALL LAMDA	
数学字母	𝜇	MATHEMATICAL ITALIC SMALL MU	
数学字母	𝜈	MATHEMATICAL ITALIC SMALL NU	
数学字母	𝜉	MATHEMATICAL ITALIC SMALL XI	
数学字母	𝜊	MATHEMATICAL ITALIC SMALL OMICRON	
数学字母	𝜋	MATHEMATICAL ITALIC SMALL PI	
数学字母	𝜌	MATHEMATICAL ITALIC SMALL RHO	
数学字母	𝜍	MATHEMATICAL ITALIC SMALL FINAL SIGMA	
数学字母	𝜎	MATHEMATICAL ITALIC SMALL SIGMA	
数学字母	𝜏	MATHEMATICAL ITALIC SMALL TAU	
数学字母	𝜐	MATHEMATICAL ITALIC SMALL UPSILON	
数学字母	𝜑	MATHEMATICAL ITALIC SMALL PHI	
数学字母	𝜒	MATHEMATICAL ITALIC SMALL CHI	
数学字母	𝜓	MATHEMATICAL ITALIC SMALL PSI	
数学字母	𝜔	MATHEMATICAL ITALIC SMALL OMEGA	
数学字母	𝜕	MATHEMATICAL ITALIC PARTIAL DIFFERENTIAL	
数学字母	𝜖	MATHEMATICAL ITALIC EPSILON SYMBOL	
数学字母	𝜗	MATHEMATICAL ITALIC THETA SYMBOL	
数学字母	𝜘	MATHEMATICAL ITALIC KAPPA SYMBOL	
数学字母	𝜙	MATHEMATICAL ITALIC PHI SYMBOL	
数学字母	𝜚	MATHEMATICAL ITALIC RHO SYMBOL	
数学字母	𝜛	MATHEMATICAL ITALIC PI SYMBOL	
数学字母	𝜜	MATHEMATICAL BOLD ITALIC CAPITAL ALPHA	
数学字母	𝜝	MATHEMATICAL BOLD ITALIC CAPITAL BETA	
数学字母	𝜞	MATHEMATICAL BOLD ITALIC CAPITAL GAMMA	
数学字母	𝜟	MATHEMATICAL BOLD ITALIC CAPITAL DELTA	
数学字母	𝜠	MATHEMATICAL BOLD ITALIC CAPITAL EPSILON	
数学字母	𝜡	MATHEMATICAL BOLD ITALIC CAPITAL ZETA	
数学字母	𝜢	MATHEMATICAL BOLD ITALIC CAPITAL ETA	
数学字母	𝜣	MATHEMATICAL BOLD ITALIC CAPITAL THETA	
数学字母	𝜤	MATHEMATICAL BOLD ITALIC CAPITAL IOTA	
数学字母	𝜥	MATHEMATICAL BOLD ITALIC CAPITAL KAPPA	
数学字母	𝜦	MATHEMATICAL BOLD ITALIC CAPITAL LAMDA	
数学字母	𝜧	MATHEMATICAL BOLD ITALIC CAPITAL MU	
数学字母	𝜨	MATHEMATICAL BOLD ITALIC CAPITAL NU	
数学字母	𝜩	MATHEMATICAL BOLD ITALIC CAPITAL XI	
数学字母	𝜪	MATHEMATICAL BOLD ITALIC CAPITAL OMICRON	
数学字母	𝜫	MATHEMATICAL BOLD ITALIC CAPITAL PI	
数学字母	𝜬	MATHEMATICAL BOLD ITALIC CAPITAL RHO	
数学字母	𝜭	MATHEMATICAL BOLD ITALIC CAPITAL THETA SYMBOL	
数学字母	𝜮	MATHEMATICAL BOLD ITALIC CAPITAL SIGMA	
数学字母	𝜯	MATHEMATICAL BOLD ITALIC CAPITAL TAU	
数学字母	𝜰	MATHEMATICAL BOLD ITALIC CAPITAL UPSILON	
数学字母	𝜱	MATHEMATICAL BOLD ITALIC CAPITAL PHI	
数学字母	𝜲	MATHEMATICAL BOLD ITALIC CAPITAL CHI	
数学字母	𝜳	MATHEMATICAL BOLD ITALIC CAPITAL PSI	
数学字母	𝜴	MATHEMATICAL BOLD ITALIC CAPITAL OMEGA	
数学字母	𝜵	MATHEMATICAL BOLD ITALIC NABLA	
数学字母	𝜶	MATHEMATICAL BOLD ITALIC SMALL ALPHA	
数学字母	𝜷	MATHEMATICAL BOLD ITALIC SMALL BETA	
数学字母	𝜸	MATHEMATICAL BOLD ITALIC SMALL GAMMA	
数学字母	𝜹	MATHEMATICAL BOLD ITALIC SMALL DELTA	
数学字母	𝜺	MATHEMATICAL BOLD ITALIC SMALL EPSILON	
数学字母	𝜻	MATHEMATICAL BOLD ITALIC SMALL ZETA	
数学字母	𝜼	MATHEMATICAL BOLD ITALIC SMALL ETA	
数学字母	𝜽	MATHEMATICAL BOLD ITALIC SMALL THETA	
数学字母	𝜾	MATHEMATICAL BOLD ITALIC SMALL IOTA	
数学字母	𝜿	MATHEMATICAL BOLD ITALIC SMALL KAPPA	
数学字母	𝝀	MATHEMATICAL BOLD ITALIC SMALL LAMDA	
数学字母	𝝁	MATHEMATICAL BOLD ITALIC SMALL MU	
数学字母	𝝂	MATHEMATICAL BOLD ITALIC SMALL NU	
数学字母	𝝃	MATHEMATICAL BOLD ITALIC SMALL XI	
数学字母	𝝄	MATHEMATICAL BOLD ITALIC SMALL OMICRON	
数学字母	𝝅	MATHEMATICAL BOLD ITALIC SMALL PI	
数学字母	𝝆	MATHEMATICAL BOLD ITALIC SMALL RHO	
数学字母	𝝇	MATHEMATICAL BOLD ITALIC SMALL FINAL SIGMA	
数学字母	𝝈	MATHEMATICAL BOLD ITALIC SMALL SIGMA	
数学字母	𝝉	MATHEMATICAL BOLD ITALIC SMALL TAU	
数学字母	𝝊	MATHEMATICAL BOLD ITALIC SMALL UPSILON	
数学字母	𝝋	MATHEMATICAL BOLD ITALIC SMALL PHI	
数学字母	𝝌	MATHEMATICAL BOLD ITALIC SMALL CHI	
数学字母	𝝍	MATHEMATICAL BOLD ITALIC SMALL PSI	
数学字母	𝝎	MATHEMATICAL BOLD ITALIC SMALL OMEGA	
数学字母	𝝏	MATHEMATICAL BOLD ITALIC PARTIAL DIFFERENTIAL	
数学字母	𝝐	MATHEMATICAL BOLD ITALIC EPSILON SYMBOL	
数学字母	𝝑	MATHEMATICAL BOLD ITALIC THETA SYMBOL	
数学字母	𝝒	MATHEMATICAL BOLD ITALIC KAPPA SYMBOL	
数学字母	𝝓	MATHEMATICAL BOLD ITALIC PHI SYMBOL	
数学字母	𝝔	MATHEMATICAL BOLD ITALIC RHO SYMBOL	
数学字母	𝝕	MATHEMATICAL BOLD ITALIC PI SYMBOL	
数学字母	𝝖	MATHEMATICAL SANS-SERIF BOLD CAPITAL ALPHA	
数学字母	𝝗	MATHEMATICAL SANS-SERIF BOLD CAPITAL BETA	
数学字母	𝝘	MATHEMATICAL SANS-SERIF BOLD CAPITAL GAMMA	
数学字母	𝝙	MATHEMATICAL SANS-SERIF BOLD CAPITAL DELTA	
数学字母	𝝚	MATHEMATICAL SANS-SERIF BOLD CAPITAL EPSILON	
数学字母	𝝛	MATHEMATICAL SANS-SERIF BOLD CAPITAL ZETA	
数学字母	𝝜	MATHEMATICAL SANS-SERIF BOLD CAPITAL ETA	
数学字母	𝝝	MATHEMATICAL SANS-SERIF BOLD CAPITAL THETA	
数学字母	𝝞	MATHEMATICAL SANS-SERIF BOLD CAPITAL IOTA	
数学字母	𝝟	MATHEMATICAL SANS-SERIF BOLD CAPITAL KAPPA	
数学字母	𝝠	MATHEMATICAL SANS-SERIF BOLD CAPITAL LAMDA	
数学字母	𝝡	MATHEMATICAL SANS-SERIF BOLD CAPITAL MU	
数学字母	𝝢	MATHEMATICAL SANS-SERIF BOLD CAPITAL NU	
数学字母	𝝣	MATHEMATICAL SANS-SERIF BOLD CAPITAL XI	
数学字母	𝝤	MATHEMATICAL SANS-SERIF BOLD CAPITAL OMICRON	
数学字母	𝝥	MATHEMATICAL SANS-SERIF BOLD CAPITAL PI	
数学字母	𝝦	MATHEMATICAL SANS-SERIF BOLD CAPITAL RHO	
数学字母	𝝧	MATHEMATICAL SANS-SERIF BOLD CAPITAL THETA SYMBOL	
数学字母	𝝨	MATHEMATICAL SANS-SERIF BOLD CAPITAL SIGMA	
数学字母	𝝩	MATHEMATICAL SANS-SERIF BOLD CAPITAL TAU	
数学字母	𝝪	MATHEMATICAL SANS-SERIF BOLD CAPITAL UPSILON	
数学字母	𝝫	MATHEMATICAL SANS-SERIF BOLD CAPITAL PHI	
数学字母	𝝬	MATHEMATICAL SANS-SERIF BOLD CAPITAL CHI	
数学字母	𝝭	MATHEMATICAL SANS-SERIF BOLD CAPITAL PSI	
数学字母	𝝮	MATHEMATICAL SANS-SERIF BOLD CAPITAL OMEGA	
数学字母	𝝯	MATHEMATICAL SANS-SERIF BOLD NABLA	
数学字母	𝝰	MATHEMATICAL SANS-SERIF BOLD SMALL ALPHA	
数学字母	𝝱	MATHEMATICAL SANS-SERIF BOLD SMALL BETA	
数学字母	𝝲	MATHEMATICAL SANS-SERIF BOLD SMALL GAMMA	
数学字母	𝝳	MATHEMATICAL SANS-SERIF BOLD SMALL DELTA	
数学字母	𝝴	MATHEMATICAL SANS-SERIF BOLD SMALL EPSILON	
数学字母	𝝵	MATHEMATICAL SANS-SERIF BOLD SMALL ZETA	
数学字母	𝝶	MATHEMATICAL SANS-SERIF BOLD SMALL ETA	
数学字母	𝝷	MATHEMATICAL SANS-SERIF BOLD SMALL THETA	
数学字母	𝝸	MATHEMATICAL SANS-SERIF BOLD SMALL IOTA	
数学字母	𝝹	MATHEMATICAL SANS-SERIF BOLD SMALL KAPPA	
数学字母	𝝺	MATHEMATICAL SANS-SERIF BOLD SMALL LAMDA	
数学字母	𝝻	MATHEMATICAL SANS-SERIF BOLD SMALL MU	
数学字母	𝝼	MATHEMATICAL SANS-SERIF BOLD SMALL NU	
数学字母	𝝽	MATHEMATICAL SANS-SERIF BOLD SMALL XI	
数学字母	𝝾	MATHEMATICAL SANS-SERIF BOLD SMALL OMICRON	
数学字母	𝝿	MATHEMATICAL SANS-SERIF BOLD SMALL PI	
数学字母	𝞀	MATHEMATICAL SANS-SERIF BOLD SMALL RHO	
数学字母	𝞁	MATHEMATICAL SANS-SERIF BOLD SMALL FINAL SIGMA	
数学字母	𝞂	MATHEMATICAL SANS-SERIF BOLD SMALL SIGMA	
数学字母	𝞃	MATHEMATICAL SANS-SERIF BOLD SMALL TAU	
数学字母	𝞄	MATHEMATICAL SANS-SERIF BOLD SMALL UPSILON	
数学字母	𝞅	MATHEMATICAL SANS-SERIF BOLD SMALL PHI	
数学字母	𝞆	MATHEMATICAL SANS-SERIF BOLD SMALL CHI	
数学字母	𝞇	MATHEMATICAL SANS-SERIF BOLD SMALL PSI	
数学字母	𝞈	MATHEMATICAL SANS-SERIF BOLD SMALL OMEGA	
数学字母	𝞉	MATHEMATICAL SANS-SERIF BOLD PARTIAL DIFFERENTIAL	
数学字母	𝞊	MATHEMATICAL SANS-SERIF BOLD EPSILON SYMBOL	
数学字母	𝞋	MATHEMATICAL SANS-SERIF BOLD THETA SYMBOL	
数学字母	𝞌	MATHEMATICAL SANS-SERIF BOLD KAPPA SYMBOL	
数学字母	𝞍	MATHEMATICAL SANS-SERIF BOLD PHI SYMBOL	
数学字母	𝞎	MATHEMATICAL SANS-SERIF BOLD RHO SYMBOL	
数学字母	𝞏	MATHEMATICAL SANS-SERIF BOLD PI SYMBOL	
数学字母	𝞐	MATHEMATICAL SANS-SERIF BOLD ITALIC CAPITAL ALPHA	
数学字母	𝞑	MATHEMATICAL SANS-SERIF BOLD ITALIC CAPITAL BETA	
数学字母	𝞒	MATHEMATICAL SANS-SERIF BOLD ITALIC CAPITAL GAMMA	
数学字母	𝞓	MATHEMATICAL SANS-SERIF BOLD ITALIC CAPITAL DELTA	
数学字母	𝞔	MATHEMATICAL SANS-SERIF BOLD ITALIC CAPITAL EPSILON	
数学字母	𝞕	MATHEMATICAL SANS-SERIF BOLD ITALIC CAPITAL ZETA	
数学字母	𝞖	MATHEMATICAL SANS-SERIF BOLD ITALIC CAPITAL ETA	
数学字母	𝞗	MATHEMATICAL SANS-SERIF BOLD ITALIC CAPITAL THETA	
数学字母	𝞘	MATHEMATICAL SANS-SERIF BOLD ITALIC CAPITAL IOTA	
数学字母	𝞙	MATHEMATICAL SANS-SERIF BOLD ITALIC CAPITAL KAPPA	
数学字母	𝞚	MATHEMATICAL SANS-SERIF BOLD ITALIC CAPITAL LAMDA	
数学字母	𝞛	MATHEMATICAL SANS-SERIF BOLD ITALIC CAPITAL MU	
数学字母	𝞜	MATHEMATICAL SANS-SERIF BOLD ITALIC CAPITAL NU	
数学字母	𝞝	MATHEMATICAL SANS-SERIF BOLD ITALIC CAPITAL XI	
数学字母	𝞞	MATHEMATICAL SANS-SERIF BOLD ITALIC CAPITAL OMICRON	
数学字母	𝞟	MATHEMATICAL SANS-SERIF BOLD ITALIC CAPITAL PI	
数学字母	𝞠	MATHEMATICAL SANS-SERIF BOLD ITALIC CAPITAL RHO	
数学字母	𝞡	MATHEMATICAL SANS-SERIF BOLD ITALIC CAPITAL THETA SYMBOL	
数学字母	𝞢	MATHEMATICAL SANS-SERIF BOLD ITALIC CAPITAL SIGMA	
数学字母	𝞣	MATHEMATICAL SANS-SERIF BOLD ITALIC CAPITAL TAU	
数学字母	𝞤	MATHEMATICAL SANS-SERIF BOLD ITALIC CAPITAL UPSILON	
数学字母	𝞥	MATHEMATICAL SANS-SERIF BOLD ITALIC CAPITAL PHI	
数学字母	𝞦	MATHEMATICAL SANS-SERIF BOLD ITALIC CAPITAL CHI	
数学字母	𝞧	MATHEMATICAL SANS-SERIF BOLD ITALIC CAPITAL PSI	
数学字母	𝞨	MATHEMATICAL SANS-SERIF BOLD ITALIC CAPITAL OMEGA	
数学字母	𝞩	MATHEMATICAL SANS-SERIF BOLD ITALIC NABLA	
数学字母	𝞪	MATHEMATICAL SANS-SERIF BOLD ITALIC SMALL ALPHA	
数学字母	𝞫	MATHEMATICAL SANS-SERIF BOLD ITALIC SMALL BETA	
数学字母	𝞬	MATHEMATICAL SANS-SERIF BOLD ITALIC SMALL GAMMA	
数学字母	𝞭	MATHEMATICAL SANS-SERIF BOLD ITALIC SMALL DELTA	
数学字母	𝞮	MATHEMATICAL SANS-SERIF BOLD ITALIC SMALL EPSILON	
数学字母	𝞯	MATHEMATICAL SANS-SERIF BOLD ITALIC SMALL ZETA	
数学字母	𝞰	MATHEMATICAL SANS-SERIF BOLD ITALIC SMALL ETA	
数学字母	𝞱	MATHEMATICAL SANS-SERIF BOLD ITALIC SMALL THETA	
数学字母	𝞲	MATHEMATICAL SANS-SERIF BOLD ITALIC SMALL IOTA	
数学字母	𝞳	MATHEMATICAL SANS-SERIF BOLD ITALIC SMALL KAPPA	
数学字母	𝞴	MATHEMATICAL SANS-SERIF BOLD ITALIC SMALL LAMDA	
数学字母	𝞵	MATHEMATICAL SANS-SERIF BOLD ITALIC SMALL MU	
数学字母	𝞶	MATHEMATICAL SANS-SERIF BOLD ITALIC SMALL NU	
数学字母	𝞷	MATHEMATICAL SANS-SERIF BOLD ITALIC SMALL XI	
数学字母	𝞸	MATHEMATICAL SANS-SERIF BOLD ITALIC SMALL OMICRON	
数学字母	𝞹	MATHEMATICAL SANS-SERIF BOLD ITALIC SMALL PI	
数学字母	𝞺	MATHEMATICAL SANS-SERIF BOLD ITALIC SMALL RHO	
数学字母	𝞻	MATHEMATICAL SANS-SERIF BOLD ITALIC SMALL FINAL SIGMA	
数学字母	𝞼	MATHEMATICAL SANS-SERIF BOLD ITALIC SMALL SIGMA	
数学字母	𝞽	MATHEMATICAL SANS-SERIF BOLD ITALIC SMALL TAU	
数学字母	𝞾	MATHEMATICAL SANS-SERIF BOLD ITALIC SMALL UPSILON	
数学字母	𝞿	MATHEMATICAL SANS-SERIF BOLD ITALIC SMALL PHI	
数学字母	𝟀	MATHEMATICAL SANS-SERIF BOLD ITALIC SMALL CHI	
数学字母	𝟁	MATHEMATICAL SANS-SERIF BOLD ITALIC SMALL PSI	
数学字母	𝟂	MATHEMATICAL SANS-SERIF BOLD ITALIC SMALL OMEGA	
数学字母	𝟃	MATHEMATICAL SANS-SERIF BOLD ITALIC PARTIAL DIFFERENTIAL	
数学字母	𝟄	MATHEMATICAL SANS-SERIF BOLD ITALIC EPSILON SYMBOL	
数学字母	𝟅	MATHEMATICAL SANS-SERIF BOLD ITALIC THETA SYMBOL	
数学字母	𝟆	MATHEMATICAL SANS-SERIF BOLD ITALIC KAPPA SYMBOL	
数学字母	𝟇	MATHEMATICAL SANS-SERIF BOLD ITALIC PHI SYMBOL	
数学字母	𝟈	MATHEMATICAL SANS-SERIF BOLD ITALIC RHO SYMBOL	
数学字母	𝟉	MATHEMATICAL SANS-SERIF BOLD ITALIC PI SYMBOL	
数学字母	𝟊	MATHEMATICAL BOLD CAPITAL DIGAMMA	
数学字母	𝟋	MATHEMATICAL BOLD SMALL DIGAMMA	
数学字母	𝟎	MATHEMATICAL BOLD DIGIT ZERO	
数学字母	𝟏	MATHEMATICAL BOLD DIGIT ONE	
数学字母	𝟐	MATHEMATICAL BOLD DIGIT TWO	
数学字母	𝟑	MATHEMATICAL BOLD DIGIT THREE	
数学字母	𝟒	MATHEMATICAL BOLD DIGIT FOUR	
数学字母	𝟓	MATHEMATICAL BOLD DIGIT FIVE	
数学字母	𝟔	MATHEMATICAL BOLD DIGIT SIX	
数学字母	𝟕	MATHEMATICAL BOLD DIGIT SEVEN	
数学字母	𝟖	MATHEMATICAL BOLD DIGIT EIGHT	
数学字母	𝟗	MATHEMATICAL BOLD DIGIT NINE	
数学字母	𝟘	MATHEMATICAL DOUBLE-STRUCK DIGIT ZERO	
数学字母	𝟙	MATHEMATICAL DOUBLE-STRUCK DIGIT ONE	
数学字母	𝟚	MATHEMATICAL DOUBLE-STRUCK DIGIT TWO	
数学字母	𝟛	MATHEMATICAL DOUBLE-STRUCK DIGIT THREE	
数学字母	𝟜	MATHEMATICAL DOUBLE-STRUCK DIGIT FOUR	
数学字母	𝟝	MATHEMATICAL DOUBLE-STRUCK DIGIT FIVE	
数学字母	𝟞	MATHEMATICAL DOUBLE-STRUCK DIGIT SIX	
数学字母	𝟟	MATHEMATICAL DOUBLE-STRUCK DIGIT SEVEN	
数学字母	𝟠	MATHEMATICAL DOUBLE-STRUCK DIGIT EIGHT	
数学字母	𝟡	MATHEMATICAL DOUBLE-STRUCK DIGIT NINE	
数学字母	𝟢	MATHEMATICAL SANS-SERIF DIGIT ZERO	
数学字母	𝟣	MATHEMATICAL SANS-SERIF DIGIT ONE	
数学字母	𝟤	MATHEMATICAL SANS-SERIF DIGIT TWO	
数学字母	𝟥	MATHEMATICAL SANS-SERIF DIGIT THREE	
数学字母	𝟦	MATHEMATICAL SANS-SERIF DIGIT FOUR	
数学字母	𝟧	MATHEMATICAL SANS-SERIF DIGIT FIVE	
数学字母	𝟨	MATHEMATICAL SANS-SERIF DIGIT SIX	
数学字母	𝟩	MATHEMATICAL SANS-SERIF DIGIT SEVEN	
数学字母	𝟪	MATHEMATICAL SANS-SERIF DIGIT EIGHT	
数学字母	𝟫	MATHEMATICAL SANS-SERIF DIGIT NINE	
数学字母	𝟬	MATHEMATICAL SANS-SERIF BOLD DIGIT ZERO	
数学字母	𝟭	MATHEMATICAL SANS-SERIF BOLD DIGIT ONE	
数学字母	𝟮	MATHEMATICAL SANS-SERIF BOLD DIGIT TWO	
数学字母	𝟯	MATHEMATICAL SANS-SERIF BOLD DIGIT THREE	
数学字母	𝟰	MATHEMATICAL SANS-SERIF BOLD DIGIT FOUR	
数学字母	𝟱	MATHEMATICAL SANS-SERIF BOLD DIGIT FIVE	
数学字母	𝟲	MATHEMATICAL SANS-SERIF BOLD DIGIT SIX	
数学字母	𝟳	MATHEMATICAL SANS-SERIF BOLD DIGIT SEVEN	
数学字母	𝟴	MATHEMATICAL SANS-SERIF BOLD DIGIT EIGHT	
数学字母	𝟵	MATHEMATICAL SANS-SERIF BOLD DIGIT NINE	
数学字母	𝟶	MATHEMATICAL MONOSPACE DIGIT ZERO	
数学字母	𝟷	MATHEMATICAL MONOSPACE DIGIT ONE	
数学字母	𝟸	MATHEMATICAL MONOSPACE DIGIT TWO	
数学字母	𝟹	MATHEMATICAL MONOSPACE DIGIT THREE	
数学字母	𝟺	MATHEMATICAL MONOSPACE DIGIT FOUR	
数学字母	𝟻	MATHEMATICAL MONOSPACE DIGIT FIVE	
数学字母	𝟼	MATHEMATICAL MONOSPACE DIGIT SIX	
数学字母	𝟽	MATHEMATICAL MONOSPACE DIGIT SEVEN	
数学字母	𝟾	MATHEMATICAL MONOSPACE DIGIT EIGHT	
数学字母	𝟿	MATHEMATICAL MONOSPACE DIGIT NINE	
国际音标	ɐ	LATIN SMALL LETTER TURNED A	
国际音标	ɑ	LATIN SMALL LETTER ALPHA	
国际音标	ɒ	LATIN SMALL LETTER TURNED ALPHA	
国际音标	ɓ	LATIN SMALL LETTER B WITH HOOK	
国际音标	ɔ	LATIN SMALL LETTER OPEN O	
国际音标	ɕ	LATIN SMALL LETTER C WITH CURL	
国际音标	ɖ	LATIN SMALL LETTER D WITH TAIL	
国际音标	ɗ	LATIN SMALL LETTER D WITH HOOK	
国际音标	ɘ	LATIN SMALL LETTER REVERSED E	
国际音标	ə	LATIN SMALL LETTER SCHWA	
国际音标	ɚ	LATIN SMALL LETTER SCHWA WITH HOOK	
国际音标	ɛ	LATIN SMALL LETTER OPEN E	
国际音标	ɜ	LATIN SMALL LETTER REVERSED OPEN E	
国际音标	ɝ	LATIN SMALL LETTER REVERSED OPEN E WITH HOOK	
国际音标	ɞ	LATIN SMALL LETTER CLOSED REVERSED OPEN E	
国际音标	ɟ	LATIN SMALL LETTER DOTLESS J WITH STROKE	
国际音标	ɠ	LATIN SMALL LETTER G WITH HOOK	
国际音标	ɡ	LATIN SMALL LETTER SCRIPT G	
国际音标	ɢ	LATIN LETTER SMALL CAPITAL G	
国际音标	ɣ	LATIN SMALL LETTER GAMMA	
国际音标	ɤ	LATIN SMALL LETTER RAMS HORN	
国际音标	ɥ	LATIN SMALL LETTER TURNED H	
国际音标	ɦ	LATIN SMALL LETTER H WITH HOOK	
国际音标	ɧ	LATIN SMALL LETTER HENG WITH HOOK	
国际音标	ɨ	LATIN SMALL LETTER I WITH STROKE	
国际音标	ɩ	LATIN SMALL LETTER IOTA	
国际音标	ɪ	LATIN LETTER SMALL CAPITAL I	
国际音标	ɫ	LATIN SMALL LETTER L WITH MIDDLE TILDE	
国际音标	ɬ	LATIN SMALL LETTER L WITH BELT	
国际音标	ɭ	LATIN SMALL LETTER L WITH RETROFLEX HOOK	
国际音标	ɮ	LATIN SMALL LETTER LEZH	
国际音标	ɯ	LATIN SMALL LETTER TURNED M	
国际音标	ɰ	LATIN SMALL LETTER TURNED M WITH LONG LEG	
国际音标	ɱ	LATIN SMALL LETTER M WITH HOOK	
国际音标	ɲ	LATIN SMALL LETTER N WITH LEFT HOOK	
国际音标	ɳ	LATIN SMALL LETTER N WITH RETROFLEX HOOK	
国际音标	ɴ	LATIN LETTER SMALL CAPITAL N	
国际音标	ɵ	LATIN SMALL LETTER BARRED O	
国际音标	ɶ	LATIN LETTER SMALL CAPITAL OE	
国际音标	ɷ	LATIN SMALL LETTER CLOSED OMEGA	
国际音标	ɸ	LATIN SMALL LETTER PHI	
国际音标	ɹ	LATIN SMALL LETTER TURNED R	
国际音标	ɺ	LATIN SMALL LETTER TURNED R WITH LONG LEG	
国际音标	ɻ	LATIN SMALL LETTER TURNED R WITH HOOK	
国际音标	ɼ	LATIN SMALL LETTER R WITH LONG LEG	
国际音标	ɽ	LATIN SMALL LETTER R WITH TAIL	
国际音标	ɾ	LATIN SMALL LETTER R WITH FISHHOOK	
国际音标	ɿ	LATIN SMALL LETTER REVERSED R WITH FISHHOOK	
国际音标	ʀ	LATIN LETTER SMALL CAPITAL R	
国际音标	ʁ	LATIN LETTER SMALL CAPITAL INVERTED R	
国际音标	ʂ	LATIN SMALL LETTER S WITH HOOK	
国际音标	ʃ	LATIN SMALL LETTER ESH	
国际音标	ʄ	LATIN SMALL LETTER DOTLESS J WITH STROKE AND HOOK	
国际音标	ʅ	LATIN SMALL LETTER SQUAT REVERSED ESH	
国际音标	ʆ	LATIN SMALL LETTER ESH WITH CURL	
国际音标	ʇ	LATIN SMALL LETTER TURNED T	
国际音标	ʈ	LATIN SMALL LETTER T WITH RETROFLEX HOOK	
国际音标	ʉ	LATIN SMALL LETTER U BAR	
国际音标	ʊ	LATIN SMALL LETTER UPSILON	
国际音标	ʋ	LATIN SMALL LETTER V WITH HOOK	
国际音标	ʌ	LATIN SMALL LETTER TURNED V	
国际音标	ʍ	LATIN SMALL LETTER TURNED W	
国际音标	ʎ	LATIN SMALL LETTER TURNED Y	
国际音标	ʏ	LATIN LETTER SMALL CAPITAL Y	
国际音标	ʐ	LATIN SMALL LETTER Z WITH RETROFLEX HOOK	
国际音标	ʑ	LATIN SMALL LETTER Z WITH CURL	
国际音标	ʒ	LATIN SMALL LETTER EZH	
国际音标	ʓ	LATIN SMALL LETTER EZH WITH CURL	
国际音标	ʔ	LATIN LETTER GLOTTAL STOP	
国际音标	ʕ	LATIN LETTER PHARYNGEAL VOICED FRICATIVE	
国际音标	ʖ	LATIN LETTER INVERTED GLOTTAL STOP	
国际音标	ʗ	LATIN LETTER STRETCHED C	
国际音标	ʘ	LATIN LETTER BILABIAL CLICK	
国际音标	ʙ	LATIN LETTER SMALL CAPITAL B	
国际音标	ʚ	LATIN SMALL LETTER CLOSED OPEN E	
国际音标	ʛ	LATIN LETTER SMALL CAPITAL G WITH HOOK	
国际音标	ʜ	LATIN LETTER SMALL CAPITAL H	
国际音标	ʝ	LATIN SMALL LETTER J WITH CROSSED-TAIL	
国际音标	ʞ	LATIN SMALL LETTER TURNED K	
国际音标	ʟ	LATIN LETTER SMALL CAPITAL L	
国际音标	ʠ	LATIN SMALL LETTER Q WITH HOOK	
国际音标	ʡ	LATIN LETTER GLOTTAL STOP WITH STROKE	
国际音标	ʢ	LATIN LETTER REVERSED GLOTTAL STOP WITH STROKE	
国际音标	ʣ	LATIN SMALL LETTER DZ DIGRAPH	
国际音标	ʤ	LATIN SMALL LETTER DEZH DIGRAPH	
国际音标	ʥ	LATIN SMALL LETTER DZ DIGRAPH WITH CURL	
国际音标	ʦ	LATIN SMALL LETTER TS DIGRAPH	
国际音标	ʧ	LATIN SMALL LETTER TESH DIGRAPH	
国际音标	ʨ	LATIN SMALL LETTER TC DIGRAPH WITH CURL	
国际音标	ʩ	LATIN SMALL LETTER FENG DIGRAPH	
国际音标	ʪ	LATIN SMALL LETTER LS DIGRAPH	
国际音标	ʫ	LATIN SMALL LETTER LZ DIGRAPH	
国际音标	ʬ	LATIN LETTER BILABIAL PERCUSSIVE	
国际音标	ʭ	LATIN LETTER BIDENTAL PERCUSSIVE	
国际音标	ʮ	LATIN SMALL LETTER TURNED H WITH FISHHOOK	
国际音标	ʯ	LATIN SMALL LETTER TURNED H WITH FISHHOOK AND TAIL	
国际音标	ʰ	MODIFIER LETTER SMALL H	
国际音标	ʱ	MODIFIER LETTER SMALL H WITH HOOK	
国际音标	ʲ	MODIFIER LETTER SMALL J	
国际音标	ʳ	MODIFIER LETTER SMALL R	
国际音标	ʴ	MODIFIER LETTER SMALL TURNED R	
国际音标	ʵ	MODIFIER LETTER SMALL TURNED R WITH HOOK	
国际音标	ʶ	MODIFIER LETTER SMALL CAPITAL INVERTED R	
国际音标	ʷ	MODIFIER LETTER SMALL W	
国际音标	ʸ	MODIFIER LETTER SMALL Y	
国际音标	ʹ	MODIFIER LETTER PRIME	
国际音标	ʺ	MODIFIER LETTER DOUBLE PRIME	
国际音标	ʻ	MODIFIER LETTER TURNED COMMA	
国际音标	ʼ	MODIFIER LETTER APOSTROPHE	
国际音标	ʽ	MODIFIER LETTER REVERSED COMMA	
国际音标	ʾ	MODIFIER LETTER RIGHT HALF RING	
国际音标	ʿ	MODIFIER LETTER LEFT HALF RING	
国际音标	ˀ	MODIFIER LETTER GLOTTAL STOP	
国际音标	ˁ	MODIFIER LETTER REVERSED GLOTTAL STOP	
国际音标	˂	MODIFIER LETTER LEFT ARROWHEAD	
国际音标	˃	MODIFIER LETTER RIGHT ARROWHEAD	
国际音标	˄	MODIFIER LETTER UP ARROWHEAD	
国际音标	˅	MODIFIER LETTER DOWN ARROWHEAD	
国际音标	ˆ	MODIFIER LETTER CIRCUMFLEX ACCENT	
国际音标	ˇ	CARON	
国际音标	ˈ	MODIFIER LETTER VERTICAL LINE	
国际音标	ˉ	MODIFIER LETTER MACRON	
国际音标	ˊ	MODIFIER LETTER ACUTE ACCENT	
国际音标	ˋ	MODIFIER LETTER GRAVE ACCENT	
国际音标	ˌ	MODIFIER LETTER LOW VERTICAL LINE	
国际音标	ˍ	MODIFIER LETTER LOW MACRON	
国际音标	ˎ	MODIFIER LETTER LOW GRAVE ACCENT	
国际音标	ˏ	MODIFIER LETTER LOW ACUTE ACCENT	
国际音标	ː	MODIFIER LETTER TRIANGULAR COLON	
国际音标	ˑ	MODIFIER LETTER HALF TRIANGULAR COLON	
国际音标	˒	MODIFIER LETTER CENTRED RIGHT HALF RING	
国际音标	˓	MODIFIER LETTER CENTRED LEFT HALF RING	
国际音标	˔	MODIFIER LETTER UP TACK	
国际音标	˕	MODIFIER LETTER DOWN TACK	
国际音标	˖	MODIFIER LETTER PLUS SIGN	
国际音标	˗	MODIFIER LETTER MINUS SIGN	
国际音标	˘	BREVE	
国际音标	˙	DOT ABOVE	
国际音标	˚	RING ABOVE	
国际音标	˛	OGONEK	
国际音标	˜	SMALL TILDE	
国际音标	˝	DOUBLE ACUTE ACCENT	
国际音标	˞	MODIFIER LETTER RHOTIC HOOK	
国际音标	˟	MODIFIER LETTER CROSS ACCENT	
国际音标	ˠ	MODIFIER LETTER SMALL GAMMA	
国际音标	ˡ	MODIFIER LETTER SMALL L	
国际音标	ˢ	MODIFIER LETTER SMALL S	
国际音标	ˣ	MODIFIER LETTER SMALL X	
国际音标	ˤ	MODIFIER LETTER SMALL REVERSED GLOTTAL STOP	
国际音标	˥	MODIFIER LETTER EXTRA-HIGH TONE BAR	
国际音标	˦	MODIFIER LETTER HIGH TONE BAR	
国际音标	˧	MODIFIER LETTER MID TONE BAR	
国际音标	˨	MODIFIER LETTER LOW TONE BAR	
国际音标	˩	MODIFIER LETTER EXTRA-LOW TONE BAR	
国际音标	˪	MODIFIER LETTER YIN DEPARTING TONE MARK	
国际音标	˫	MODIFIER LETTER YANG DEPARTING TONE MARK	
国际音标	ˬ	MODIFIER LETTER VOICING	
国际音标	˭	MODIFIER LETTER UNASPIRATED	
国际音标	ˮ	MODIFIER LETTER DOUBLE APOSTROPHE	
国际音标	˯	MODIFIER LETTER LOW DOWN ARROWHEAD	
国际音标	˰	MODIFIER LETTER LOW UP ARROWHEAD	
国际音标	˱	MODIFIER LETTER LOW LEFT ARROWHEAD	
国际音标	˲	MODIFIER LETTER LOW RIGHT ARROWHEAD	
国际音标	˳	MODIFIER LETTER LOW RING	
国际音标	˴	MODIFIER LETTER MIDDLE GRAVE ACCENT	
国际音标	˵	MODIFIER LETTER MIDDLE DOUBLE GRAVE ACCENT	
国际音标	˶	MODIFIER LETTER MIDDLE DOUBLE ACUTE ACCENT	
国际音标	˷	MODIFIER LETTER LOW TILDE	
国际音标	˸	MODIFIER LETTER RAISED COLON	
国际音标	˹	MODIFIER LETTER BEGIN HIGH TONE	
国际音标	˺	MODIFIER LETTER END HIGH TONE	
国际音标	˻	MODIFIER LETTER BEGIN LOW TONE	
国际音标	˼	MODIFIER LETTER END LOW TONE	
国际音标	˽	MODIFIER LETTER SHELF	
国际音标	˾	MODIFIER LETTER OPEN SHELF	
国际音标	˿	MODIFIER LETTER LOW LEFT ARROW	
拉丁扩展	À	LATIN CAPITAL LETTER A WITH GRAVE	
拉丁扩展	Á	LATIN CAPITAL LETTER A WITH ACUTE	
拉丁扩展	Â	LATIN CAPITAL LETTER A WITH CIRCUMFLEX	
拉丁扩展	Ã	LATIN CAPITAL LETTER A WITH TILDE	
拉丁扩展	Ä	LATIN CAPITAL LETTER A WITH DIAERESIS	
拉丁扩展	Å	LATIN CAPITAL LETTER A WITH RING ABOVE	
拉丁扩展	Æ	LATIN CAPITAL LETTER AE	
拉丁扩展	Ç	LATIN CAPITAL LETTER C WITH CEDILLA	
拉丁扩展	È	LATIN CAPITAL LETTER E WITH GRAVE	
拉丁扩展	É	LATIN CAPITAL LETTER E WITH ACUTE	
拉丁扩展	Ê	LATIN CAPITAL LETTER E WITH CIRCUMFLEX	
拉丁扩展	Ë	LATIN CAPITAL LETTER E WITH DIAERESIS	
拉丁扩展	Ì	LATIN CAPITAL LETTER I WITH GRAVE	
拉丁扩展	Í	LATIN CAPITAL LETTER I WITH ACUTE	
拉丁扩展	Î	LATIN CAPITAL LETTER I WITH CIRCUMFLEX	
拉丁扩展	Ï	LATIN CAPITAL LETTER I WITH DIAERESIS	
拉丁扩展	Ð	LATIN CAPITAL LETTER ETH	
拉丁扩展	Ñ	LATIN CAPITAL LETTER N WITH TILDE	
拉丁扩展	Ò	LATIN CAPITAL LETTER O WITH GRAVE	
拉丁扩展	Ó	LATIN CAPITAL LETTER O WITH ACUTE	
拉丁扩展	Ô	LATIN CAPITAL LETTER O WITH CIRCUMFLEX	
拉丁扩展	Õ	LATIN CAPITAL LETTER O WITH TILDE	
拉丁扩展	Ö	LATIN CAPITAL LETTER O WITH DIAERESIS	
拉丁扩展	×	乘号	chenghao multiply MULTIPLICATION SIGN
拉丁扩展	Ø	LATIN CAPITAL LETTER O WITH STROKE	
拉丁扩展	Ù	LATIN CAPITAL LETTER U WITH GRAVE	
拉丁扩展	Ú	LATIN CAPITAL LETTER U WITH ACUTE	
拉丁扩展	Û	LATIN CAPITAL LETTER U WITH CIRCUMFLEX	
拉丁扩展	Ü	LATIN CAPITAL LETTER U WITH DIAERESIS	
拉丁扩展	Ý	LATIN CAPITAL LETTER Y WITH ACUTE	
拉丁扩展	Þ	LATIN CAPITAL LETTER THORN	
拉丁扩展	ß	LATIN SMALL LETTER SHARP S	
拉丁扩展	à	LATIN SMALL LETTER A WITH GRAVE	
拉丁扩展	á	LATIN SMALL LETTER A WITH ACUTE	
拉丁扩展	â	LATIN SMALL LETTER A WITH CIRCUMFLEX	
拉丁扩展	ã	LATIN SMALL LETTER A WITH TILDE	
拉丁扩展	ä	LATIN SMALL LETTER A WITH DIAERESIS	
拉丁扩展	å	LATIN SMALL LETTER A WITH RING ABOVE	
拉丁扩展	æ	LATIN SMALL LETTER AE	
拉丁扩展	ç	LATIN SMALL LETTER C WITH CEDILLA	
拉丁扩展	è	LATIN SMALL LETTER E WITH GRAVE	
拉丁扩展	é	LATIN SMALL LETTER E WITH ACUTE	
拉丁扩展	ê	LATIN SMALL LETTER E WITH CIRCUMFLEX	
拉丁扩展	ë	LATIN SMALL LETTER E WITH DIAERESIS	
拉丁扩展	ì	LATIN SMALL LETTER I WITH GRAVE	
拉丁扩展	í	LATIN SMALL LETTER I WITH ACUTE	
拉丁扩展	î	LATIN SMALL LETTER I WITH CIRCUMFLEX	
拉丁扩展	ï	LATIN SMALL LETTER I WITH DIAERESIS	
拉丁扩展	ð	LATIN SMALL LETTER ETH	
拉丁扩展	ñ	LATIN SMALL LETTER N WITH TILDE	
拉丁扩展	ò	LATIN SMALL LETTER O WITH GRAVE	
拉丁扩展	ó	LATIN SMALL LETTER O WITH ACUTE	
拉丁扩展	ô	LATIN SMALL LETTER O WITH CIRCUMFLEX	
拉丁扩展	õ	LATIN SMALL LETTER O WITH TILDE	
拉丁扩展	ö	LATIN SMALL LETTER O WITH DIAERESIS	
拉丁扩展	÷	除号	chuhao divide DIVISION SIGN
拉丁扩展	ø	LATIN SMALL LETTER O WITH STROKE	
拉丁扩展	ù	LATIN SMALL LETTER U WITH GRAVE	
拉丁扩展	ú	LATIN SMALL LETTER U WITH ACUTE	
拉丁扩展	û	LATIN SMALL LETTER U WITH CIRCUMFLEX	
拉丁扩展	ü	LATIN SMALL LETTER U WITH DIAERESIS	
拉丁扩展	ý	LATIN SMALL LETTER Y WITH ACUTE	
拉丁扩展	þ	LATIN SMALL LETTER THORN	
拉丁扩展	ÿ	LATIN SMALL LETTER Y WITH DIAERESIS	
拉丁扩展	Ā	LATIN CAPITAL LETTER A WITH MACRON	
拉丁扩展	ā	LATIN SMALL LETTER A WITH MACRON	
拉丁扩展	Ă	LATIN CAPITAL LETTER A WITH BREVE	
拉丁扩展	ă	LATIN SMALL LETTER A WITH BREVE	
拉丁扩展	Ą	LATIN CAPITAL LETTER A WITH OGONEK	
拉丁扩展	ą	LATIN SMALL LETTER A WITH OGONEK	
拉丁扩展	Ć	LATIN CAPITAL LETTER C WITH ACUTE	
拉丁扩展	ć	LATIN SMALL LETTER C WITH ACUTE	
拉丁扩展	Ĉ	LATIN CAPITAL LETTER C WITH CIRCUMFLEX	
拉丁扩展	ĉ	LATIN SMALL LETTER C WITH CIRCUMFLEX	
拉丁扩展	Ċ	LATIN CAPITAL LETTER C WITH DOT ABOVE	
拉丁扩展	ċ	LATIN SMALL LETTER C WITH DOT ABOVE	
拉丁扩展	Č	LATIN CAPITAL LETTER C WITH CARON	
拉丁扩展	č	LATIN SMALL LETTER C WITH CARON	
拉丁扩展	Ď	LATIN CAPITAL LETTER D WITH CARON	
拉丁扩展	ď	LATIN SMALL LETTER D WITH CARON	
拉丁扩展	Đ	LATIN CAPITAL LETTER D WITH STROKE	
拉丁扩展	đ	LATIN SMALL LETTER D WITH STROKE	
拉丁扩展	Ē	LATIN CAPITAL LETTER E WITH MACRON	
拉丁扩展	ē	LATIN SMALL LETTER E WITH MACRON	
拉丁扩展	Ĕ	LATIN CAPITAL LETTER E WITH BREVE	
拉丁扩展	ĕ	LATIN SMALL LETTER E WITH BREVE	
拉丁扩展	Ė	LATIN CAPITAL LETTER E WITH DOT ABOVE	
拉丁扩展	ė	LATIN SMALL LETTER E WITH DOT ABOVE	
拉丁扩展	Ę	LATIN CAPITAL LETTER E WITH OGONEK	
拉丁扩展	ę	LATIN SMALL LETTER E WITH OGONEK	
拉丁扩展	Ě	LATIN CAPITAL LETTER E WITH CARON	
拉丁扩展	ě	LATIN SMALL LETTER E WITH CARON	
拉丁扩展	Ĝ	LATIN CAPITAL LETTER G WITH CIRCUMFLEX	
拉丁扩展	ĝ	LATIN SMALL LETTER G WITH CIRCUMFLEX	
拉丁扩展	Ğ	LATIN CAPITAL LETTER G WITH BREVE	
拉丁扩展	ğ	LATIN SMALL LETTER G WITH BREVE	
拉丁扩展	Ġ	LATIN CAPITAL LETTER G WITH DOT ABOVE	
拉丁扩展	ġ	LATIN SMALL LETTER G WITH DOT ABOVE	
拉丁扩展	Ģ	LATIN CAPITAL LETTER G WITH CEDILLA	
拉丁扩展	ģ	LATIN SMALL LETTER G WITH CEDILLA	
拉丁扩展	Ĥ	LATIN CAPITAL LETTER H WITH CIRCUMFLEX	
拉丁扩展	ĥ	LATIN SMALL LETTER H WITH CIRCUMFLEX	
拉丁扩展	Ħ	LATIN CAPITAL LETTER H WITH STROKE	
拉丁扩展	ħ	LATIN SMALL LETTER H WITH STROKE	
拉丁扩展	Ĩ	LATIN CAPITAL LETTER I WITH TILDE	
拉丁扩展	ĩ	LATIN SMALL LETTER I WITH TILDE	
拉丁扩展	Ī	LATIN CAPITAL LETTER I WITH MACRON	
拉丁扩展	ī	LATIN SMALL LETTER I WITH MACRON	
拉丁扩展	Ĭ	LATIN CAPITAL LETTER I WITH BREVE	
拉丁扩展	ĭ	LATIN SMALL LETTER I WITH BREVE	
拉丁扩展	Į	LATIN CAPITAL LETTER I WITH OGONEK	
拉丁扩展	į	LATIN SMALL LETTER I WITH OGONEK	
拉丁扩展	İ	LATIN CAPITAL LETTER I WITH DOT ABOVE	
拉丁扩展	ı	LATIN SMALL LETTER DOTLESS I	
拉丁扩展	Ĳ	LATIN CAPITAL LIGATURE IJ	
拉丁扩展	ĳ	LATIN SMALL LIGATURE IJ	
拉丁扩展	Ĵ	LATIN CAPITAL LETTER J WITH CIRCUMFLEX	
拉丁扩展	ĵ	LATIN SMALL LETTER J WITH CIRCUMFLEX	
拉丁扩展	Ķ	LATIN CAPITAL LETTER K WITH CEDILLA	
拉丁扩展	ķ	LATIN SMALL LETTER K WITH CEDILLA	
拉丁扩展	ĸ	LATIN SMALL LETTER KRA	
拉丁扩展	Ĺ	LATIN CAPITAL LETTER L WITH ACUTE	
拉丁扩展	ĺ	LATIN SMALL LETTER L WITH ACUTE	
拉丁扩展	Ļ	LATIN CAPITAL LETTER L WITH CEDILLA	
拉丁扩展	ļ	LATIN SMALL LETTER L WITH CEDILLA	
拉丁扩展	Ľ	LATIN CAPITAL LETTER L WITH CARON	
拉丁扩展	ľ	LATIN SMALL LETTER L WITH CARON	
拉丁扩展	Ŀ	LATIN CAPITAL LETTER L WITH MIDDLE DOT	
拉丁扩展	ŀ	LATIN SMALL LETTER L WITH MIDDLE DOT	
拉丁扩展	Ł	LATIN CAPITAL LETTER L WITH STROKE	
拉丁扩展	ł	LATIN SMALL LETTER L WITH STROKE	
拉丁扩展	Ń	LATIN CAPITAL LETTER N WITH ACUTE	
拉丁扩展	ń	LATIN SMALL LETTER N WITH ACUTE	
拉丁扩展	Ņ	LATIN CAPITAL LETTER N WITH CEDILLA	
拉丁扩展	ņ	LATIN SMALL LETTER N WITH CEDILLA	
拉丁扩展	Ň	LATIN CAPITAL LETTER N WITH CARON	
拉丁扩展	ň	LATIN SMALL LETTER N WITH CARON	
拉丁扩展	ŉ	LATIN SMALL LETTER N PRECEDED BY APOSTROPHE	
拉丁扩展	Ŋ	LATIN CAPITAL LETTER ENG	
拉丁扩展	ŋ	LATIN SMALL LETTER ENG	
拉丁扩展	Ō	LATIN CAPITAL LETTER O WITH MACRON	
拉丁扩展	ō	LATIN SMALL LETTER O WITH MACRON	
拉丁扩展	Ŏ	LATIN CAPITAL LETTER O WITH BREVE	
拉丁扩展	ŏ	LATIN SMALL LETTER O WITH BREVE	
拉丁扩展	Ő	LATIN CAPITAL LETTER O WITH DOUBLE ACUTE	
拉丁扩展	ő	LATIN SMALL LETTER O WITH DOUBLE ACUTE	
拉丁扩展	Œ	LATIN CAPITAL LIGATURE OE	
拉丁扩展	œ	LATIN SMALL LIGATURE OE	
拉丁扩展	Ŕ	LATIN CAPITAL LETTER R WITH ACUTE	
拉丁扩展	ŕ	LATIN SMALL LETTER R WITH ACUTE	
拉丁扩展	Ŗ	LATIN CAPITAL LETTER R WITH CEDILLA	
拉丁扩展	ŗ	LATIN SMALL LETTER R WITH CEDILLA	
拉丁扩展	Ř	LATIN CAPITAL LETTER R WITH CARON	
拉丁扩展	ř	LATIN SMALL LETTER R WITH CARON	
拉丁扩展	Ś	LATIN CAPITAL LETTER S WITH ACUTE	
拉丁扩展	ś	LATIN SMALL LETTER S WITH ACUTE	
拉丁扩展	Ŝ	LATIN CAPITAL LETTER S WITH CIRCUMFLEX	
拉丁扩展	ŝ	LATIN SMALL LETTER S WITH CIRCUMFLEX	
拉丁扩展	Ş	LATIN CAPITAL LETTER S WITH CEDILLA	
拉丁扩展	ş	LATIN SMALL LETTER S WITH CEDILLA	
拉丁扩展	Š	LATIN CAPITAL LETTER S WITH CARON	
拉丁扩展	š	LATIN SMALL LETTER S WITH CARON	
拉丁扩展	Ţ	LATIN CAPITAL LETTER T WITH CEDILLA	
拉丁扩展	ţ	LATIN SMALL LETTER T WITH CEDILLA	
拉丁扩展	Ť	LATIN CAPITAL LETTER T WITH CARON	
拉丁扩展	ť	LATIN SMALL LETTER T WITH CARON	
拉丁扩展	Ŧ	LATIN CAPITAL LETTER T WITH STROKE	
拉丁扩展	ŧ	LATIN SMALL LETTER T WITH STROKE	
拉丁扩展	Ũ	LATIN CAPITAL LETTER U WITH TILDE	
拉丁扩展	ũ	LATIN SMALL LETTER U WITH TILDE	
拉丁扩展	Ū	LATIN CAPITAL LETTER U WITH MACRON	
拉丁扩展	ū	LATIN SMALL LETTER U WITH MACRON	
拉丁扩展	Ŭ	LATIN CAPITAL LETTER U WITH BREVE	
拉丁扩展	ŭ	LATIN SMALL LETTER U WITH BREVE	
拉丁扩展	Ů	LATIN CAPITAL LETTER U WITH RING ABOVE	
拉丁扩展	ů	LATIN SMALL LETTER U WITH RING ABOVE	
拉丁扩展	Ű	LATIN CAPITAL LETTER U WITH DOUBLE ACUTE	
拉丁扩展	ű	LATIN SMALL LETTER U WITH DOUBLE ACUTE	
拉丁扩展	Ų	LATIN CAPITAL LETTER U WITH OGONEK	
拉丁扩展	ų	LATIN SMALL LETTER U WITH OGONEK	
拉丁扩展	Ŵ	LATIN CAPITAL LETTER W WITH CIRCUMFLEX	
拉丁扩展	ŵ	LATIN SMALL LETTER W WITH CIRCUMFLEX	
拉丁扩展	Ŷ	LATIN CAPITAL LETTER Y WITH CIRCUMFLEX	
拉丁扩展	ŷ	LATIN SMALL LETTER Y WITH CIRCUMFLEX	
拉丁扩展	Ÿ	LATIN CAPITAL LETTER Y WITH DIAERESIS	
拉丁扩展	Ź	LATIN CAPITAL LETTER Z WITH ACUTE	
拉丁扩展	ź	LATIN SMALL LETTER Z WITH ACUTE	
拉丁扩展	Ż	LATIN CAPITAL LETTER Z WITH DOT ABOVE	
拉丁扩展	ż	LATIN SMALL LETTER Z WITH DOT ABOVE	
拉丁扩展	Ž	LATIN CAPITAL LETTER Z WITH CARON	
拉丁扩展	ž	LATIN SMALL LETTER Z WITH CARON	
拉丁扩展	ſ	LATIN SMALL LETTER LONG S	
拉丁扩展	ƀ	LATIN SMALL LETTER B WITH STROKE	
拉丁扩展	Ɓ	LATIN CAPITAL LETTER B WITH HOOK	
拉丁扩展	Ƃ	LATIN CAPITAL LETTER B WITH TOPBAR	
拉丁扩展	ƃ	LATIN SMALL LETTER B WITH TOPBAR	
拉丁扩展	Ƅ	LATIN CAPITAL LETTER TONE SIX	
拉丁扩展	ƅ	LATIN SMALL LETTER TONE SIX	
拉丁扩展	Ɔ	LATIN CAPITAL LETTER OPEN O	
拉丁扩展	Ƈ	LATIN CAPITAL LETTER C WITH HOOK	
拉丁扩展	ƈ	LATIN SMALL LETTER C WITH HOOK	
拉丁扩展	Ɖ	LATIN CAPITAL LETTER AFRICAN D	
拉丁扩展	Ɗ	LATIN CAPITAL LETTER D WITH HOOK	
拉丁扩展	Ƌ	LATIN CAPITAL LETTER D WITH TOPBAR	
拉丁扩展	ƌ	LATIN SMALL LETTER D WITH TOPBAR	
拉丁扩展	ƍ	LATIN SMALL LETTER TURNED DELTA	
拉丁扩展	Ǝ	LATIN CAPITAL LETTER REVERSED E	
拉丁扩展	Ə	LATIN CAPITAL LETTER SCHWA	
拉丁扩展	Ɛ	LATIN CAPITAL LETTER OPEN E	
拉丁扩展	Ƒ	LATIN CAPITAL LETTER F WITH HOOK	
拉丁扩展	ƒ	LATIN SMALL LETTER F WITH HOOK	
拉丁扩展	Ɠ	LATIN CAPITAL LETTER G WITH HOOK	
拉丁扩展	Ɣ	LATIN CAPITAL LETTER GAMMA	
拉丁扩展	ƕ	LATIN SMALL LETTER HV	
拉丁扩展	Ɩ	LATIN CAPITAL LETTER IOTA	
拉丁扩展	Ɨ	LATIN CAPITAL LETTER I WITH STROKE	
拉丁扩展	Ƙ	LATIN CAPITAL LETTER K WITH HOOK	
拉丁扩展	ƙ	LATIN SMALL LETTER K WITH HOOK	
拉丁扩展	ƚ	LATIN SMALL LETTER L WITH BAR	
拉丁扩展	ƛ	LATIN SMALL LETTER LAMBDA WITH STROKE	
拉丁扩展	Ɯ	LATIN CAPITAL LETTER TURNED M	
拉丁扩展	Ɲ	LATIN CAPITAL LETTER N WITH LEFT HOOK	
拉丁扩展	ƞ	LATIN SMALL LETTER N WITH LONG RIGHT LEG	
拉丁扩展	Ɵ	LATIN CAPITAL LETTER O WITH MIDDLE TILDE	
拉丁扩展	Ơ	LATIN CAPITAL LETTER O WITH HORN	
拉丁扩展	ơ	LATIN SMALL LETTER O WITH HORN	
拉丁扩展	Ƣ	LATIN CAPITAL LETTER OI	
拉丁扩展	ƣ	LATIN SMALL LETTER OI	
拉丁扩展	Ƥ	LATIN CAPITAL LETTER P WITH HOOK	
拉丁扩展	ƥ	LATIN SMALL LETTER P WITH HOOK	
拉丁扩展	Ʀ	LATIN LETTER YR	
拉丁扩展	Ƨ	LATIN CAPITAL LETTER TONE TWO	
拉丁扩展	ƨ	LATIN SMALL LETTER TONE TWO	
拉丁扩展	Ʃ	LATIN CAPITAL LETTER ESH	
拉丁扩展	ƪ	LATIN LETTER REVERSED ESH LOOP	
拉丁扩展	ƫ	LATIN SMALL LETTER T WITH PALATAL HOOK	
拉丁扩展	Ƭ	LATIN CAPITAL LETTER T WITH HOOK	
拉丁扩展	ƭ	LATIN SMALL LETTER T WITH HOOK	
拉丁扩展	Ʈ	LATIN CAPITAL LETTER T WITH RETROFLEX HOOK	
拉丁扩展	Ư	LATIN CAPITAL LETTER U WITH HORN	
拉丁扩展	ư	LATIN SMALL LETTER U WITH HORN	
拉丁扩展	Ʊ	LATIN CAPITAL LETTER UPSILON	
拉丁扩展	Ʋ	LATIN CAPITAL LETTER V WITH HOOK	
拉丁扩展	Ƴ	LATIN CAPITAL LETTER Y WITH HOOK	
拉丁扩展	ƴ	LATIN SMALL LETTER Y WITH HOOK	
拉丁扩展	Ƶ	LATIN CAPITAL LETTER Z WITH STROKE	
拉丁扩展	ƶ	LATIN SMALL LETTER Z WITH STROKE	
拉丁扩展	Ʒ	LATIN CAPITAL LETTER EZH	
拉丁扩展	Ƹ	LATIN CAPITAL LETTER EZH REVERSED	
拉丁扩展	ƹ	LATIN SMALL LETTER EZH REVERSED	
拉丁扩展	ƺ	LATIN SMALL LETTER EZH WITH TAIL	
拉丁扩展	ƻ	LATIN LETTER TWO WITH STROKE	
拉丁扩展	Ƽ	LATIN CAPITAL LETTER TONE FIVE	
拉丁扩展	ƽ	LATIN SMALL LETTER TONE FIVE	
拉丁扩展	ƾ	LATIN LETTER INVERTED GLOTTAL STOP WITH STROKE	
拉丁扩展	ƿ	LATIN LETTER WYNN	
拉丁扩展	ǀ	LATIN LETTER DENTAL CLICK	
拉丁扩展	ǁ	LATIN LETTER LATERAL CLICK	
拉丁扩展	ǂ	LATIN LETTER ALVEOLAR CLICK	
拉丁扩展	ǃ	LATIN LETTER RETROFLEX CLICK	
拉丁扩展	Ǆ	LATIN CAPITAL LETTER DZ WITH CARON	
拉丁扩展	ǅ	LATIN CAPITAL LETTER D WITH SMALL LETTER Z WITH CARON	
拉丁扩展	ǆ	LATIN SMALL LETTER DZ WITH CARON	
拉丁扩展	Ǉ	LATIN CAPITAL LETTER LJ	
拉丁扩展	ǈ	LATIN CAPITAL LETTER L WITH SMALL LETTER J	
拉丁扩展	ǉ	LATIN SMALL LETTER LJ	
拉丁扩展	Ǌ	LATIN CAPITAL LETTER NJ	
拉丁扩展	ǋ	LATIN CAPITAL LETTER N WITH SMALL LETTER J	
拉丁扩展	ǌ	LATIN SMALL LETTER NJ	
拉丁扩展	Ǎ	LATIN CAPITAL LETTER A WITH CARON	
拉丁扩展	ǎ	LATIN SMALL LETTER A WITH CARON	
拉丁扩展	Ǐ	LATIN CAPITAL LETTER I WITH CARON	
拉丁扩展	ǐ	LATIN SMALL LETTER I WITH CARON	
拉丁扩展	Ǒ	LATIN CAPITAL LETTER O WITH CARON	
拉丁扩展	ǒ	LATIN SMALL LETTER O WITH CARON	
拉丁扩展	Ǔ	LATIN CAPITAL LETTER U WITH CARON	
拉丁扩展	ǔ	LATIN SMALL LETTER U WITH CARON	
拉丁扩展	Ǖ	LATIN CAPITAL LETTER U WITH DIAERESIS AND MACRON	
拉丁扩展	ǖ	LATIN SMALL LETTER U WITH DIAERESIS AND MACRON	
拉丁扩展	Ǘ	LATIN CAPITAL LETTER U WITH DIAERESIS AND ACUTE	
拉丁扩展	ǘ	LATIN SMALL LETTER U WITH DIAERESIS AND ACUTE	
拉丁扩展	Ǚ	LATIN CAPITAL LETTER U WITH DIAERESIS AND CARON	
拉丁扩展	ǚ	LATIN SMALL LETTER U WITH DIAERESIS AND CARON	
拉丁扩展	Ǜ	LATIN CAPITAL LETTER U WITH DIAERESIS AND GRAVE	
拉丁扩展	ǜ	LATIN SMALL LETTER U WITH DIAERESIS AND GRAVE	
拉丁扩展	ǝ	LATIN SMALL LETTER TURNED E	
拉丁扩展	Ǟ	LATIN CAPITAL LETTER A WITH DIAERESIS AND MACRON	
拉丁扩展	ǟ	LATIN SMALL LETTER A WITH DIAERESIS AND MACRON	
拉丁扩展	Ǡ	LATIN CAPITAL LETTER A WITH DOT ABOVE AND MACRON	
拉丁扩展	ǡ	LATIN SMALL LETTER A WITH DOT ABOVE AND MACRON	
拉丁扩展	Ǣ	LATIN CAPITAL LETTER AE WITH MACRON	
拉丁扩展	ǣ	LATIN SMALL LETTER AE WITH MACRON	
拉丁扩展	Ǥ	LATIN CAPITAL LETTER G WITH STROKE	
拉丁扩展	ǥ	LATIN SMALL LETTER G WITH STROKE	
拉丁扩展	Ǧ	LATIN CAPITAL LETTER G WITH CARON	
拉丁扩展	ǧ	LATIN SMALL LETTER G WITH CARON	
拉丁扩展	Ǩ	LATIN CAPITAL LETTER K WITH CARON	
拉丁扩展	ǩ	LATIN SMALL LETTER K WITH CARON	
拉丁扩展	Ǫ	LATIN CAPITAL LETTER O WITH OGONEK	
拉丁扩展	ǫ	LATIN SMALL LETTER O WITH OGONEK	
拉丁扩展	Ǭ	LATIN CAPITAL LETTER O WITH OGONEK AND MACRON	
拉丁扩展	ǭ	LATIN SMALL LETTER O WITH OGONEK AND MACRON	
拉丁扩展	Ǯ	LATIN CAPITAL LETTER EZH WITH CARON	
拉丁扩展	ǯ	LATIN SMALL LETTER EZH WITH CARON	
拉丁扩展	ǰ	LATIN SMALL LETTER J WITH CARON	
拉丁扩展	Ǳ	LATIN CAPITAL LETTER DZ	
拉丁扩展	ǲ	LATIN CAPITAL LETTER D WITH SMALL LETTER Z	
拉丁扩展	ǳ	LATIN SMALL LETTER DZ	
拉丁扩展	Ǵ	LATIN CAPITAL LETTER G WITH ACUTE	
拉丁扩展	ǵ	LATIN SMALL LETTER G WITH ACUTE	
拉丁扩展	Ƕ	LATIN CAPITAL LETTER HWAIR	
拉丁扩展	Ƿ	LATIN CAPITAL LETTER WYNN	
拉丁扩展	Ǹ	LATIN CAPITAL LETTER N WITH GRAVE	
拉丁扩展	ǹ	LATIN SMALL LETTER N WITH GRAVE	
拉丁扩展	Ǻ	LATIN CAPITAL LETTER A WITH RING ABOVE AND ACUTE	
拉丁扩展	ǻ	LATIN SMALL LETTER A WITH RING ABOVE AND ACUTE	
拉丁扩展	Ǽ	LATIN CAPITAL LETTER AE WITH ACUTE	
拉丁扩展	ǽ	LATIN SMALL LETTER AE WITH ACUTE	
拉丁扩展	Ǿ	LATIN CAPITAL LETTER O WITH STROKE AND ACUTE	
拉丁扩展	ǿ	LATIN SMALL LETTER O WITH STROKE AND ACUTE	
拉丁扩展	Ȁ	LATIN CAPITAL LETTER A WITH DOUBLE GRAVE	
拉丁扩展	ȁ	LATIN SMALL LETTER A WITH DOUBLE GRAVE	
拉丁扩展	Ȃ	LATIN CAPITAL LETTER A WITH INVERTED BREVE	
拉丁扩展	ȃ	LATIN SMALL LETTER A WITH INVERTED BREVE	
拉丁扩展	Ȅ	LATIN CAPITAL LETTER E WITH DOUBLE GRAVE	
拉丁扩展	ȅ	LATIN SMALL LETTER E WITH DOUBLE GRAVE	
拉丁扩展	Ȇ	LATIN CAPITAL LETTER E WITH INVERTED BREVE	
拉丁扩展	ȇ	LATIN SMALL LETTER E WITH INVERTED BREVE	
拉丁扩展	Ȉ	LATIN CAPITAL LETTER I WITH DOUBLE GRAVE	
拉丁扩展	ȉ	LATIN SMALL LETTER I WITH DOUBLE GRAVE	
拉丁扩展	Ȋ	LATIN CAPITAL LETTER I WITH INVERTED BREVE	
拉丁扩展	ȋ	LATIN SMALL LETTER I WITH INVERTED BREVE	
拉丁扩展	Ȍ	LATIN CAPITAL LETTER O WITH DOUBLE GRAVE	
拉丁扩展	ȍ	LATIN SMALL LETTER O WITH DOUBLE GRAVE	
拉丁扩展	Ȏ	LATIN CAPITAL LETTER O WITH INVERTED BREVE	
拉丁扩展	ȏ	LATIN SMALL LETTER O WITH INVERTED BREVE	
拉丁扩展	Ȑ	LATIN CAPITAL LETTER R WITH DOUBLE GRAVE	
拉丁扩展	ȑ	LATIN SMALL LETTER R WITH DOUBLE GRAVE	
拉丁扩展	Ȓ	LATIN CAPITAL LETTER R WITH INVERTED BREVE	
拉丁扩展	ȓ	LATIN SMALL LETTER R WITH INVERTED BREVE	
拉丁扩展	Ȕ	LATIN CAPITAL LETTER U WITH DOUBLE GRAVE	
拉丁扩展	ȕ	LATIN SMALL LETTER U WITH DOUBLE GRAVE	
拉丁扩展	Ȗ	LATIN CAPITAL LETTER U WITH INVERTED BREVE	
拉丁扩展	ȗ	LATIN SMALL LETTER U WITH INVERTED BREVE	
拉丁扩展	Ș	LATIN CAPITAL LETTER S WITH COMMA BELOW	
拉丁扩展	ș	LATIN SMALL LETTER S WITH COMMA BELOW	
拉丁扩展	Ț	LATIN CAPITAL LETTER T WITH COMMA BELOW	
拉丁扩展	ț	LATIN SMALL LETTER T WITH COMMA BELOW	
拉丁扩展	Ȝ	LATIN CAPITAL LETTER YOGH	
拉丁扩展	ȝ	LATIN SMALL LETTER YOGH	
拉丁扩展	Ȟ	LATIN CAPITAL LETTER H WITH CARON	
拉丁扩展	ȟ	LATIN SMALL LETTER H WITH CARON	
拉丁扩展	Ƞ	LATIN CAPITAL LETTER N WITH LONG RIGHT LEG	
拉丁扩展	ȡ	LATIN SMALL LETTER D WITH CURL	
拉丁扩展	Ȣ	LATIN CAPITAL LETTER OU	
拉丁扩展	ȣ	LATIN SMALL LETTER OU	
拉丁扩展	Ȥ	LATIN CAPITAL LETTER Z WITH HOOK	
拉丁扩展	ȥ	LATIN SMALL LETTER Z WITH HOOK	
拉丁扩展	Ȧ	LATIN CAPITAL LETTER A WITH DOT ABOVE	
拉丁扩展	ȧ	LATIN SMALL LETTER A WITH DOT ABOVE	
拉丁扩展	Ȩ	LATIN CAPITAL LETTER E WITH CEDILLA	
拉丁扩展	ȩ	LATIN SMALL LETTER E WITH CEDILLA	
拉丁扩展	Ȫ	LATIN CAPITAL LETTER O WITH DIAERESIS AND MACRON	
拉丁扩展	ȫ	LATIN SMALL LETTER O WITH DIAERESIS AND MACRON	
拉丁扩展	Ȭ	LATIN CAPITAL LETTER O WITH TILDE AND MACRON	
拉丁扩展	ȭ	LATIN SMALL LETTER O WITH TILDE AND MACRON	
拉丁扩展	Ȯ	LATIN CAPITAL LETTER O WITH DOT ABOVE	
拉丁扩展	ȯ	LATIN SMALL LETTER O WITH DOT ABOVE	
拉丁扩展	Ȱ	LATIN CAPITAL LETTER O WITH DOT ABOVE AND MACRON	
拉丁扩展	ȱ	LATIN SMALL LETTER O WITH DOT ABOVE AND MACRON	
拉丁扩展	Ȳ	LATIN CAPITAL LETTER Y WITH MACRON	
拉丁扩展	ȳ	LATIN SMALL LETTER Y WITH MACRON	
拉丁扩展	ȴ	LATIN SMALL LETTER L WITH CURL	
拉丁扩展	ȵ	LATIN SMALL LETTER N WITH CURL	
拉丁扩展	ȶ	LATIN SMALL LETTER T WITH CURL	
拉丁扩展	ȷ	LATIN SMALL LETTER DOTLESS J	
拉丁扩展	ȸ	LATIN SMALL LETTER DB DIGRAPH	
拉丁扩展	ȹ	LATIN SMALL LETTER QP DIGRAPH	
拉丁扩展	Ⱥ	LATIN CAPITAL LETTER A WITH STROKE	
拉丁扩展	Ȼ	LATIN CAPITAL LETTER C WITH STROKE	
拉丁扩展	ȼ	LATIN SMALL LETTER C WITH STROKE	
拉丁扩展	Ƚ	LATIN CAPITAL LETTER L WITH BAR	
拉丁扩展	Ⱦ	LATIN CAPITAL LETTER T WITH DIAGONAL STROKE	
拉丁扩展	ȿ	LATIN SMALL LETTER S WITH SWASH TAIL	
拉丁扩展	ɀ	LATIN SMALL LETTER Z WITH SWASH TAIL	
拉丁扩展	Ɂ	LATIN CAPITAL LETTER GLOTTAL STOP	
拉丁扩展	ɂ	LATIN SMALL LETTER GLOTTAL STOP	
拉丁扩展	Ƀ	LATIN CAPITAL LETTER B WITH STROKE	
拉丁扩展	Ʉ	LATIN CAPITAL LETTER U BAR	
拉丁扩展	Ʌ	LATIN CAPITAL LETTER TURNED V	
拉丁扩展	Ɇ	LATIN CAPITAL LETTER E WITH STROKE	
拉丁扩展	ɇ	LATIN SMALL LETTER E WITH STROKE	
拉丁扩展	Ɉ	LATIN CAPITAL LETTER J WITH STROKE	
拉丁扩展	ɉ	LATIN SMALL LETTER J WITH STROKE	
拉丁扩展	Ɋ	LATIN CAPITAL LETTER SMALL Q WITH HOOK TAIL	
拉丁扩展	ɋ	LATIN SMALL LETTER Q WITH HOOK TAIL	
拉丁扩展	Ɍ	LATIN CAPITAL LETTER R WITH STROKE	
拉丁扩展	ɍ	LATIN SMALL LETTER R WITH STROKE	
拉丁扩展	Ɏ	LATIN CAPITAL LETTER Y WITH STROKE	
拉丁扩展	ɏ	LATIN SMALL LETTER Y WITH STROKE	
俄文字母	Ѐ	CYRILLIC CAPITAL LETTER IE WITH GRAVE	
俄文字母	Ё	CYRILLIC CAPITAL LETTER IO	
俄文字母	Ђ	CYRILLIC CAPITAL LETTER DJE	
俄文字母	Ѓ	CYRILLIC CAPITAL LETTER GJE	
俄文字母	Є	CYRILLIC CAPITAL LETTER UKRAINIAN IE	
俄文字母	Ѕ	CYRILLIC CAPITAL LETTER DZE	
俄文字母	І	CYRILLIC CAPITAL LETTER BYELORUSSIAN-UKRAINIAN I	
俄文字母	Ї	CYRILLIC CAPITAL LETTER YI	
俄文字母	Ј	CYRILLIC CAPITAL LETTER JE	
俄文字母	Љ	CYRILLIC CAPITAL LETTER LJE	
俄文字母	Њ	CYRILLIC CAPITAL LETTER NJE	
俄文字母	Ћ	CYRILLIC CAPITAL LETTER TSHE	
俄文字母	Ќ	CYRILLIC CAPITAL LETTER KJE	
俄文字母	Ѝ	CYRILLIC CAPITAL LETTER I WITH GRAVE	
俄文字母	Ў	CYRILLIC CAPITAL LETTER SHORT U	
俄文字母	Џ	CYRILLIC CAPITAL LETTER DZHE	
俄文字母	А	CYRILLIC CAPITAL LETTER A	
俄文字母	Б	CYRILLIC CAPITAL LETTER BE	
俄文字母	В	CYRILLIC CAPITAL LETTER VE	
俄文字母	Г	CYRILLIC CAPITAL LETTER GHE	
俄文字母	Д	CYRILLIC CAPITAL LETTER DE	
俄文字母	Е	CYRILLIC CAPITAL LETTER IE	
俄文字母	Ж	CYRILLIC CAPITAL LETTER ZHE	
俄文字母	З	CYRILLIC CAPITAL LETTER ZE	
俄文字母	И	CYRILLIC CAPITAL LETTER I	
俄文字母	Й	CYRILLIC CAPITAL LETTER SHORT I	
俄文字母	К	CYRILLIC CAPITAL LETTER KA	
俄文字母	Л	CYRILLIC CAPITAL LETTER EL	
俄文字母	М	CYRILLIC CAPITAL LETTER EM	
俄文字母	Н	CYRILLIC CAPITAL LETTER EN	
俄文字母	О	CYRILLIC CAPITAL LETTER O	
俄文字母	П	CYRILLIC CAPITAL LETTER PE	
俄文字母	Р	CYRILLIC CAPITAL LETTER ER	
俄文字母	С	CYRILLIC CAPITAL LETTER ES	
俄文字母	Т	CYRILLIC CAPITAL LETTER TE	
俄文字母	У	CYRILLIC CAPITAL LETTER U	
俄文字母	Ф	CYRILLIC CAPITAL LETTER EF	
俄文字母	Х	CYRILLIC CAPITAL LETTER HA	
俄文字母	Ц	CYRILLIC CAPITAL LETTER TSE	
俄文字母	Ч	CYRILLIC CAPITAL LETTER CHE	
俄文字母	Ш	CYRILLIC CAPITAL LETTER SHA	
俄文字母	Щ	CYRILLIC CAPITAL LETTER SHCHA	
俄文字母	Ъ	CYRILLIC CAPITAL LETTER HARD SIGN	
俄文字母	Ы	CYRILLIC CAPITAL LETTER YERU	
俄文字母	Ь	CYRILLIC CAPITAL LETTER SOFT SIGN	
俄文字母	Э	CYRILLIC CAPITAL LETTER E	
俄文字母	Ю	CYRILLIC CAPITAL LETTER YU	
俄文字母	Я	CYRILLIC CAPITAL LETTER YA	
俄文字母	а	CYRILLIC SMALL LETTER A	
俄文字母	б	CYRILLIC SMALL LETTER BE	
俄文字母	в	CYRILLIC SMALL LETTER VE	
俄文字母	г	CYRILLIC SMALL LETTER GHE	
俄文字母	д	CYRILLIC SMALL LETTER DE	
俄文字母	е	CYRILLIC SMALL LETTER IE	
俄文字母	ж	CYRILLIC SMALL LETTER ZHE	
俄文字母	з	CYRILLIC SMALL LETTER ZE	
俄文字母	и	CYRILLIC SMALL LETTER I	
俄文字母	й	CYRILLIC SMALL LETTER SHORT I	
俄文字母	к	CYRILLIC SMALL LETTER KA	
俄文字母	л	CYRILLIC SMALL LETTER EL	
俄文字母	м	CYRILLIC SMALL LETTER EM	
俄文字母	н	CYRILLIC SMALL LETTER EN	
俄文字母	о	CYRILLIC SMALL LETTER O	
俄文字母	п	CYRILLIC SMALL LETTER PE	
俄文字母	р	CYRILLIC SMALL LETTER ER	
俄文字母	с	CYRILLIC SMALL LETTER ES	
俄文字母	т	CYRILLIC SMALL LETTER TE	
俄文字母	у	CYRILLIC SMALL LETTER U	
俄文字母	ф	CYRILLIC SMALL LETTER EF	
俄文字母	х	CYRILLIC SMALL LETTER HA	
俄文字母	ц	CYRILLIC SMALL LETTER TSE	
俄文字母	ч	CYRILLIC SMALL LETTER CHE	
俄文字母	ш	CYRILLIC SMALL LETTER SHA	
俄文字母	щ	CYRILLIC SMALL LETTER SHCHA	
俄文字母	ъ	CYRILLIC SMALL LETTER HARD SIGN	
俄文字母	ы	CYRILLIC SMALL LETTER YERU	
俄文字母	ь	CYRILLIC SMALL LETTER SOFT SIGN	
俄文字母	э	CYRILLIC SMALL LETTER E	
俄文字母	ю	CYRILLIC SMALL LETTER YU	
俄文字母	я	CYRILLIC SMALL LETTER YA	
俄文字母	ѐ	CYRILLIC SMALL LETTER IE WITH GRAVE	
俄文字母	ё	CYRILLIC SMALL LETTER IO	
俄文字母	ђ	CYRILLIC SMALL LETTER DJE	
俄文字母	ѓ	CYRILLIC SMALL LETTER GJE	
俄文字母	є	CYRILLIC SMALL LETTER UKRAINIAN IE	
俄文字母	ѕ	CYRILLIC SMALL LETTER DZE	
俄文字母	і	CYRILLIC SMALL LETTER BYELORUSSIAN-UKRAINIAN I	
俄文字母	ї	CYRILLIC SMALL LETTER YI	
俄文字母	ј	CYRILLIC SMALL LETTER JE	
俄文字母	љ	CYRILLIC SMALL LETTER LJE	
俄文字母	њ	CYRILLIC SMALL LETTER NJE	
俄文字母	ћ	CYRILLIC SMALL LETTER TSHE	
俄文字母	ќ	CYRILLIC SMALL LETTER KJE	
俄文字母	ѝ	CYRILLIC SMALL LETTER I WITH GRAVE	
俄文字母	ў	CYRILLIC SMALL LETTER SHORT U	
俄文字母	џ	CYRILLIC SMALL LETTER DZHE	
日文假名	ぁ	HIRAGANA LETTER SMALL A	
日文假名	あ	HIRAGANA LETTER A	
日文假名	ぃ	HIRAGANA LETTER SMALL I	
日文假名	い	HIRAGANA LETTER I	
日文假名	ぅ	HIRAGANA LETTER SMALL U	
日文假名	う	HIRAGANA LETTER U	
日文假名	ぇ	HIRAGANA LETTER SMALL E	
日文假名	え	HIRAGANA LETTER E	
日文假名	ぉ	HIRAGANA LETTER SMALL O	
日文假名	お	HIRAGANA LETTER O	
日文假名	か	HIRAGANA LETTER KA	
日文假名	が	HIRAGANA LETTER GA	
日文假名	き	HIRAGANA LETTER KI	
日文假名	ぎ	HIRAGANA LETTER GI	
日文假名	く	HIRAGANA LETTER KU	
日文假名	ぐ	HIRAGANA LETTER GU	
日文假名	け	HIRAGANA LETTER KE	
日文假名	げ	HIRAGANA LETTER GE	
日文假名	こ	HIRAGANA LETTER KO	
日文假名	ご	HIRAGANA LETTER GO	
日文假名	さ	HIRAGANA LETTER SA	
日文假名	ざ	HIRAGANA LETTER ZA	
日文假名	し	HIRAGANA LETTER SI	
日文假名	じ	HIRAGANA LETTER ZI	
日文假名	す	HIRAGANA LETTER SU	
日文假名	ず	HIRAGANA LETTER ZU	
日文假名	せ	HIRAGANA LETTER SE	
日文假名	ぜ	HIRAGANA LETTER ZE	
日文假名	そ	HIRAGANA LETTER SO	
日文假名	ぞ	HIRAGANA LETTER ZO	
日文假名	た	HIRAGANA LETTER TA	
日文假名	だ	HIRAGANA LETTER DA	
日文假名	ち	HIRAGANA LETTER TI	
日文假名	ぢ	HIRAGANA LETTER DI	
日文假名	っ	HIRAGANA LETTER SMALL TU	
日文假名	つ	HIRAGANA LETTER TU	
日文假名	づ	HIRAGANA LETTER DU	
日文假名	て	HIRAGANA LETTER TE	
日文假名	で	HIRAGANA LETTER DE	
日文假名	と	HIRAGANA LETTER TO	
日文假名	ど	HIRAGANA LETTER DO	
日文假名	な	HIRAGANA LETTER NA	
日文假名	に	HIRAGANA LETTER NI	
日文假名	ぬ	HIRAGANA LETTER NU	
日文假名	ね	HIRAGANA LETTER NE	
日文假名	の	HIRAGANA LETTER NO	
日文假名	は	HIRAGANA LETTER HA	
日文假名	ば	HIRAGANA LETTER BA	
日文假名	ぱ	HIRAGANA LETTER PA	
日文假名	ひ	HIRAGANA LETTER HI	
日文假名	び	HIRAGANA LETTER BI	
日文假名	ぴ	HIRAGANA LETTER PI	
日文假名	ふ	HIRAGANA LETTER HU	
日文假名	ぶ	HIRAGANA LETTER BU	
日文假名	ぷ	HIRAGANA LETTER PU	
日文假名	へ	HIRAGANA LETTER HE	
日文假名	べ	HIRAGANA LETTER BE	
日文假名	ぺ	HIRAGANA LETTER PE	
日文假名	ほ	HIRAGANA LETTER HO	
日文假名	ぼ	HIRAGANA LETTER BO	
日文假名	ぽ	HIRAGANA LETTER PO	
日文假名	ま	HIRAGANA LETTER MA	
日文假名	み	HIRAGANA LETTER MI	
日文假名	む	HIRAGANA LETTER MU	
日文假名	め	HIRAGANA LETTER ME	
日文假名	も	HIRAGANA LETTER MO	
日文假名	ゃ	HIRAGANA LETTER SMALL YA	
日文假名	や	HIRAGANA LETTER YA	
日文假名	ゅ	HIRAGANA LETTER SMALL YU	
日文假名	ゆ	HIRAGANA LETTER YU	
日文假名	ょ	HIRAGANA LETTER SMALL YO	
日文假名	よ	HIRAGANA LETTER YO	
日文假名	ら	HIRAGANA LETTER RA	
日文假名	り	HIRAGANA LETTER RI	
日文假名	る	HIRAGANA LETTER RU	
日文假名	れ	HIRAGANA LETTER RE	
日文假名	ろ	HIRAGANA LETTER RO	
日文假名	ゎ	HIRAGANA LETTER SMALL WA	
日文假名	わ	HIRAGANA LETTER WA	
日文假名	ゐ	HIRAGANA LETTER WI	
日文假名	ゑ	HIRAGANA LETTER WE	
日文假名	を	HIRAGANA LETTER WO	
日文假名	ん	HIRAGANA LETTER N	
日文假名	ゔ	HIRAGANA LETTER VU	
日文假名	ゕ	HIRAGANA LETTER SMALL KA	
日文假名	ゖ	HIRAGANA LETTER SMALL KE	
日文假名	ァ	KATAKANA LETTER SMALL A	
日文假名	ア	KATAKANA LETTER A	
日文假名	ィ	KATAKANA LETTER SMALL I	
日文假名	イ	KATAKANA LETTER I	
日文假名	ゥ	KATAKANA LETTER SMALL U	
日文假名	ウ	KATAKANA LETTER U	
日文假名	ェ	KATAKANA LETTER SMALL E	
日文假名	エ	KATAKANA LETTER E	
日文假名	ォ	KATAKANA LETTER SMALL O	
日文假名	オ	KATAKANA LETTER O	
日文假名	カ	KATAKANA LETTER KA	
日文假名	ガ	KATAKANA LETTER GA	
日文假名	キ	KATAKANA LETTER KI	
日文假名	ギ	KATAKANA LETTER GI	
日文假名	ク	KATAKANA LETTER KU	
日文假名	グ	KATAKANA LETTER GU	
日文假名	ケ	KATAKANA LETTER KE	
日文假名	ゲ	KATAKANA LETTER GE	
日文假名	コ	KATAKANA LETTER KO	
日文假名	ゴ	KATAKANA LETTER GO	
日文假名	サ	KATAKANA LETTER SA	
日文假名	ザ	KATAKANA LETTER ZA	
日文假名	シ	KATAKANA LETTER SI	
日文假名	ジ	KATAKANA LETTER ZI	
日文假名	ス	KATAKANA LETTER SU	
日文假名	ズ	KATAKANA LETTER ZU	
日文假名	セ	KATAKANA LETTER SE	
日文假名	ゼ	KATAKANA LETTER ZE	
日文假名	ソ	KATAKANA LETTER SO	
日文假名	ゾ	KATAKANA LETTER ZO	
日文假名	タ	KATAKANA LETTER TA	
日文假名	ダ	KATAKANA LETTER DA	
日文假名	チ	KATAKANA LETTER TI	
日文假名	ヂ	KATAKANA LETTER DI	
日文假名	ッ	KATAKANA LETTER SMALL TU	
日文假名	ツ	KATAKANA LETTER TU	
日文假名	ヅ	KATAKANA LETTER DU	
日文假名	テ	KATAKANA LETTER TE	
日文假名	デ	KATAKANA LETTER DE	
日文假名	ト	KATAKANA LETTER TO	
日文假名	ド	KATAKANA LETTER DO	
日文假名	ナ	KATAKANA LETTER NA	
日文假名	ニ	KATAKANA LETTER NI	
日文假名	ヌ	KATAKANA LETTER NU	
日文假名	ネ	KATAKANA LETTER NE	
日文假名	ノ	KATAKANA LETTER NO	
日文假名	ハ	KATAKANA LETTER HA	
日文假名	バ	KATAKANA LETTER BA	
日文假名	パ	KATAKANA LETTER PA	
日文假名	ヒ	KATAKANA LETTER HI	
日文假名	ビ	KATAKANA LETTER BI	
日文假名	ピ	KATAKANA LETTER PI	
日文假名	フ	KATAKANA LETTER HU	
日文假名	ブ	KATAKANA LETTER BU	
日文假名	プ	KATAKANA LETTER PU	
日文假名	ヘ	KATAKANA LETTER HE	
日文假名	ベ	KATAKANA LETTER BE	
日文假名	ペ	KATAKANA LETTER PE	
日文假名	ホ	KATAKANA LETTER HO	
日文假名	ボ	KATAKANA LETTER BO	
日文假名	ポ	KATAKANA LETTER PO	
日文假名	マ	KATAKANA LETTER MA	
日文假名	ミ	KATAKANA LETTER MI	
日文假名	ム	KATAKANA LETTER MU	
日文假名	メ	KATAKANA LETTER ME	
日文假名	モ	KATAKANA LETTER MO	
日文假名	ャ	KATAKANA LETTER SMALL YA	
日文假名	ヤ	KATAKANA LETTER YA	
日文假名	ュ	KATAKANA LETTER SMALL YU	
日文假名	ユ	KATAKANA LETTER YU	
日文假名	ョ	KATAKANA LETTER SMALL YO	
日文假名	ヨ	KATAKANA LETTER YO	
日文假名	ラ	KATAKANA LETTER RA	
日文假名	リ	KATAKANA LETTER RI	
日文假名	ル	KATAKANA LETTER RU	
日文假名	レ	KATAKANA LETTER RE	
日文假名	ロ	KATAKANA LETTER RO	
日文假名	ヮ	KATAKANA LETTER SMALL WA	
日文假名	ワ	KATAKANA LETTER WA	
日文假名	ヰ	KATAKANA LETTER WI	
日文假名	ヱ	KATAKANA LETTER WE	
日文假名	ヲ	KATAKANA LETTER WO	
日文假名	ン	KATAKANA LETTER N	
日文假名	ヴ	KATAKANA LETTER VU	
日文假名	ヵ	KATAKANA LETTER SMALL KA	
日文假名	ヶ	KATAKANA LETTER SMALL KE	
日文假名	ヷ	KATAKANA LETTER VA	
日文假名	ヸ	KATAKANA LETTER VI	
日文假名	ヹ	KATAKANA LETTER VE	
日文假名	ヺ	KATAKANA LETTER VO	
全角字符	！	叹号	tanhao FULLWIDTH EXCLAMATION MARK
全角字符	＂	FULLWIDTH QUOTATION MARK	
全角字符	＃	FULLWIDTH NUMBER SIGN	
全角字符	＄	FULLWIDTH DOLLAR SIGN	
全角字符	％	FULLWIDTH PERCENT SIGN	
全角字符	＆	FULLWIDTH AMPERSAND	
全角字符	＇	FULLWIDTH APOSTROPHE	
全角字符	（	左括号	kuohao FULLWIDTH LEFT PARENTHESIS
全角字符	）	右括号	kuohao FULLWIDTH RIGHT PARENTHESIS
全角字符	＊	FULLWIDTH ASTERISK	
全角字符	＋	FULLWIDTH PLUS SIGN	
全角字符	，	逗号	douhao FULLWIDTH COMMA
全角字符	－	FULLWIDTH HYPHEN-MINUS	
全角字符	．	FULLWIDTH FULL STOP	
全角字符	／	FULLWIDTH SOLIDUS	
全角字符	０	FULLWIDTH DIGIT ZERO	
全角字符	１	FULLWIDTH DIGIT ONE	
全角字符	２	FULLWIDTH DIGIT TWO	
全角字符	３	FULLWIDTH DIGIT THREE	
全角字符	４	FULLWIDTH DIGIT FOUR	
全角字符	５	FULLWIDTH DIGIT FIVE	
全角字符	６	FULLWIDTH DIGIT SIX	
全角字符	７	FULLWIDTH DIGIT SEVEN	
全角字符	８	FULLWIDTH DIGIT EIGHT	
全角字符	９	FULLWIDTH DIGIT NINE	
全角字符	：	冒号	maohao FULLWIDTH COLON
全角字符	；	分号	fenhao FULLWIDTH SEMICOLON
全角字符	＜	FULLWIDTH LESS-THAN SIGN	
全角字符	＝	FULLWIDTH EQUALS SIGN	
全角字符	＞	FULLWIDTH GREATER-THAN SIGN	
全角字符	？	问号	wenhao FULLWIDTH QUESTION MARK
全角字符	＠	FULLWIDTH COMMERCIAL AT	
全角字符	Ａ	FULLWIDTH LATIN CAPITAL LETTER A	
全角字符	Ｂ	FULLWIDTH LATIN CAPITAL LETTER B	
全角字符	Ｃ	FULLWIDTH LATIN CAPITAL LETTER C	
全角字符	Ｄ	FULLWIDTH LATIN CAPITAL LETTER D	
全角字符	Ｅ	FULLWIDTH LATIN CAPITAL LETTER E	
全角字符	Ｆ	FULLWIDTH LATIN CAPITAL LETTER F	
全角字符	Ｇ	FULLWIDTH LATIN CAPITAL LETTER G	
全角字符	Ｈ	FULLWIDTH LATIN CAPITAL LETTER H	
全角字符	Ｉ	FULLWIDTH LATIN CAPITAL LETTER I	
全角字符	Ｊ	FULLWIDTH LATIN CAPITAL LETTER J	
全角字符	Ｋ	FULLWIDTH LATIN CAPITAL LETTER K	
全角字符	Ｌ	FULLWIDTH LATIN CAPITAL LETTER L	
全角字符	Ｍ	FULLWIDTH LATIN CAPITAL LETTER M	
全角字符	Ｎ	FULLWIDTH LATIN CAPITAL LETTER N	
全角字符	Ｏ	FULLWIDTH LATIN CAPITAL LETTER O	
全角字符	Ｐ	FULLWIDTH LATIN CAPITAL LETTER P	
全角字符	Ｑ	FULLWIDTH LATIN CAPITAL LETTER Q	
全角字符	Ｒ	FULLWIDTH LATIN CAPITAL LETTER R	
全角字符	Ｓ	FULLWIDTH LATIN CAPITAL LETTER S	
全角字符	Ｔ	FULLWIDTH LATIN CAPITAL LETTER T	
全角字符	Ｕ	FULLWIDTH LATIN CAPITAL LETTER U	
全角字符	Ｖ	FULLWIDTH LATIN CAPITAL LETTER V	
全角字符	Ｗ	FULLWIDTH LATIN CAPITAL LETTER W	
全角字符	Ｘ	FULLWIDTH LATIN CAPITAL LETTER X	
全角字符	Ｙ	FULLWIDTH LATIN CAPITAL LETTER Y	
全角字符	Ｚ	FULLWIDTH LATIN CAPITAL LETTER Z	
全角字符	［	FULLWIDTH LEFT SQUARE BRACKET	
全角字符	＼	FULLWIDTH REVERSE SOLIDUS	
全角字符	］	FULLWIDTH RIGHT SQUARE BRACKET	
全角字符	＾	FULLWIDTH CIRCUMFLEX ACCENT	
全角字符	＿	FULLWIDTH LOW LINE	
全角字符	｀	FULLWIDTH GRAVE ACCENT	
全角字符	ａ	FULLWIDTH LATIN SMALL LETTER A	
全角字符	ｂ	FULLWIDTH LATIN SMALL LETTER B	
全角字符	ｃ	FULLWIDTH LATIN SMALL LETTER C	
全角字符	ｄ	FULLWIDTH LATIN SMALL LETTER D	
全角字符	ｅ	FULLWIDTH LATIN SMALL LETTER E	
全角字符	ｆ	FULLWIDTH LATIN SMALL LETTER F	
全角字符	ｇ	FULLWIDTH LATIN SMALL LETTER G	
全角字符	ｈ	FULLWIDTH LATIN SMALL LETTER H	
全角字符	ｉ	FULLWIDTH LATIN SMALL LETTER I	
全角字符	ｊ	FULLWIDTH LATIN SMALL LETTER J	
全角字符	ｋ	FULLWIDTH LATIN SMALL LETTER K	
全角字符	ｌ	FULLWIDTH LATIN SMALL LETTER L	
全角字符	ｍ	FULLWIDTH LATIN SMALL LETTER M	
全角字符	ｎ	FULLWIDTH LATIN SMALL LETTER N	
全角字符	ｏ	FULLWIDTH LATIN SMALL LETTER O	
全角字符	ｐ	FULLWIDTH LATIN SMALL LETTER P	
全角字符	ｑ	FULLWIDTH LATIN SMALL LETTER Q	
全角字符	ｒ	FULLWIDTH LATIN SMALL LETTER R	
全角字符	ｓ	FULLWIDTH LATIN SMALL LETTER S	
全角字符	ｔ	FULLWIDTH LATIN SMALL LETTER T	
全角字符	ｕ	FULLWIDTH LATIN SMALL LETTER U	
全角字符	ｖ	FULLWIDTH LATIN SMALL LETTER V	
全角字符	ｗ	FULLWIDTH LATIN SMALL LETTER W	
全角字符	ｘ	FULLWIDTH LATIN SMALL LETTER X	
全角字符	ｙ	FULLWIDTH LATIN SMALL LETTER Y	
全角字符	ｚ	FULLWIDTH LATIN SMALL LETTER Z	
全角字符	｛	FULLWIDTH LEFT CURLY BRACKET	
全角字符	｜	FULLWIDTH VERTICAL LINE	
全角字符	｝	FULLWIDTH RIGHT CURLY BRACKET	
全角字符	～	FULLWIDTH TILDE	
全角字符	｟	FULLWIDTH LEFT WHITE PARENTHESIS	
全角字符	｠	FULLWIDTH RIGHT WHITE PARENTHESIS	
表情图标	🌀	CYCLONE	
表情图标	🌁	FOGGY	
表情图标	🌂	CLOSED UMBRELLA	
表情图标	🌃	NIGHT WITH STARS	
表情图标	🌄	SUNRISE OVER MOUNTAINS	
表情图标	🌅	SUNRISE	
表情图标	🌆	CITYSCAPE AT DUSK	
表情图标	🌇	SUNSET OVER BUILDINGS	
表情图标	🌈	RAINBOW	
表情图标	🌉	BRIDGE AT NIGHT	
表情图标	🌊	WATER WAVE	
表情图标	🌋	VOLCANO	
表情图标	🌌	MILKY WAY	
表情图标	🌍	EARTH GLOBE EUROPE-AFRICA	
表情图标	🌎	EARTH GLOBE AMERICAS	
表情图标	🌏	EARTH GLOBE ASIA-AUSTRALIA	
表情图标	🌐	GLOBE WITH MERIDIANS	
表情图标	🌑	NEW MOON SYMBOL	
表情图标	🌒	WAXING CRESCENT MOON SYMBOL	
表情图标	🌓	FIRST QUARTER MOON SYMBOL	
表情图标	🌔	WAXING GIBBOUS MOON SYMBOL	
表情图标	🌕	FULL MOON SYMBOL	
表情图标	🌖	WANING GIBBOUS MOON SYMBOL	
表情图标	🌗	LAST QUARTER MOON SYMBOL	
表情图标	🌘	WANING CRESCENT MOON SYMBOL	
表情图标	🌙	CRESCENT MOON	
表情图标	🌚	NEW MOON WITH FACE	
表情图标	🌛	FIRST QUARTER MOON WITH FACE	
表情图标	🌜	LAST QUARTER MOON WITH FACE	
表情图标	🌝	FULL MOON WITH FACE	
表情图标	🌞	SUN WITH FACE	
表情图标	🌟	GLOWING STAR	
表情图标	🌠	SHOOTING STAR	
表情图标	🌡	THERMOMETER	
表情图标	🌢	BLACK DROPLET	
表情图标	🌣	WHITE SUN	
表情图标	🌤	WHITE SUN WITH SMALL CLOUD	
表情图标	🌥	WHITE SUN BEHIND CLOUD	
表情图标	🌦	WHITE SUN BEHIND CLOUD WITH RAIN	
表情图标	🌧	CLOUD WITH RAIN	
表情图标	🌨	CLOUD WITH SNOW	
表情图标	🌩	CLOUD WITH LIGHTNING	
表情图标	🌪	CLOUD WITH TORNADO	
表情图标	🌫	FOG	
表情图标	🌬	WIND BLOWING FACE	
表情图标	🌭	HOT DOG	
表情图标	🌮	TACO	
表情图标	🌯	BURRITO	
表情图标	🌰	CHESTNUT	
表情图标	🌱	SEEDLING	
表情图标	🌲	EVERGREEN TREE	
表情图标	🌳	DECIDUOUS TREE	
表情图标	🌴	PALM TREE	
表情图标	🌵	CACTUS	
表情图标	🌶	HOT PEPPER	
表情图标	🌷	TULIP	
表情图标	🌸	CHERRY BLOSSOM	
表情图标	🌹	ROSE	
表情图标	🌺	HIBISCUS	
表情图标	🌻	SUNFLOWER	
表情图标	🌼	BLOSSOM	
表情图标	🌽	EAR OF MAIZE	
表情图标	🌾	EAR OF RICE	
表情图标	🌿	HERB	
表情图标	🍀	FOUR LEAF CLOVER	
表情图标	🍁	MAPLE LEAF	
表情图标	🍂	FALLEN LEAF	
表情图标	🍃	LEAF FLUTTERING IN WIND	
表情图标	🍄	MUSHROOM	
表情图标	🍅	TOMATO	
表情图标	🍆	AUBERGINE	
表情图标	🍇	GRAPES	
表情图标	🍈	MELON	
表情图标	🍉	WATERMELON	
表情图标	🍊	TANGERINE	
表情图标	🍋	LEMON	
表情图标	🍌	BANANA	
表情图标	🍍	PINEAPPLE	
表情图标	🍎	RED APPLE	
表情图标	🍏	GREEN APPLE	
表情图标	🍐	PEAR	
表情图标	🍑	PEACH	
表情图标	🍒	CHERRIES	
表情图标	🍓	STRAWBERRY	
表情图标	🍔	HAMBURGER	
表情图标	🍕	SLICE OF PIZZA	
表情图标	🍖	MEAT ON BONE	
表情图标	🍗	POULTRY LEG	
表情图标	🍘	RICE CRACKER	
表情图标	🍙	RICE BALL	
表情图标	🍚	COOKED RICE	
表情图标	🍛	CURRY AND RICE	
表情图标	🍜	STEAMING BOWL	
表情图标	🍝	SPAGHETTI	
表情图标	🍞	BREAD	
表情图标	🍟	FRENCH FRIES	
表情图标	🍠	ROASTED SWEET POTATO	
表情图标	🍡	DANGO	
表情图标	🍢	ODEN	
表情图标	🍣	SUSHI	
表情图标	🍤	FRIED SHRIMP	
表情图标	🍥	FISH CAKE WITH SWIRL DESIGN	
表情图标	🍦	SOFT ICE CREAM	
表情图标	🍧	SHAVED ICE	
表情图标	🍨	ICE CREAM	
表情图标	🍩	DOUGHNUT	
表情图标	🍪	COOKIE	
表情图标	🍫	CHOCOLATE BAR	
表情图标	🍬	CANDY	
表情图标	🍭	LOLLIPOP	
表情图标	🍮	CUSTARD	
表情图标	🍯	HONEY POT	
表情图标	🍰	SHORTCAKE	
表情图标	🍱	BENTO BOX	
表情图标	🍲	POT OF FOOD	
表情图标	🍳	COOKING	
表情图标	🍴	FORK AND KNIFE	
表情图标	🍵	TEACUP WITHOUT HANDLE	
表情图标	🍶	SAKE BOTTLE AND CUP	
表情图标	🍷	WINE GLASS	
表情图标	🍸	COCKTAIL GLASS	
表情图标	🍹	TROPICAL DRINK	
表情图标	🍺	BEER MUG	
表情图标	🍻	CLINKING BEER MUGS	
表情图标	🍼	BABY BOTTLE	
表情图标	🍽	FORK AND KNIFE WITH PLATE	
表情图标	🍾	BOTTLE WITH POPPING CORK	
表情图标	🍿	POPCORN	
表情图标	🎀	RIBBON	
表情图标	🎁	WRAPPED PRESENT	
表情图标	🎂	BIRTHDAY CAKE	
表情图标	🎃	JACK-O-LANTERN	
表情图标	🎄	CHRISTMAS TREE	
表情图标	🎅	FATHER CHRISTMAS	
表情图标	🎆	FIREWORKS	
表情图标	🎇	FIREWORK SPARKLER	
表情图标	🎈	BALLOON	
表情图标	🎉	PARTY POPPER	
表情图标	🎊	CONFETTI BALL	
表情图标	🎋	TANABATA TREE	
表情图标	🎌	CROSSED FLAGS	
表情图标	🎍	PINE DECORATION	
表情图标	🎎	JAPANESE DOLLS	
表情图标	🎏	CARP STREAMER	
表情图标	🎐	WIND CHIME	
表情图标	🎑	MOON VIEWING CEREMONY	
表情图标	🎒	SCHOOL SATCHEL	
表情图标	🎓	GRADUATION CAP	
表情图标	🎔	HEART WITH TIP ON THE LEFT	
表情图标	🎕	BOUQUET OF FLOWERS	
表情图标	🎖	MILITARY MEDAL	
表情图标	🎗	REMINDER RIBBON	
表情图标	🎘	MUSICAL KEYBOARD WITH JACKS	
表情图标	🎙	STUDIO MICROPHONE	
表情图标	🎚	LEVEL SLIDER	
表情图标	🎛	CONTROL KNOBS	
表情图标	🎜	BEAMED ASCENDING MUSICAL NOTES	
表情图标	🎝	BEAMED DESCENDING MUSICAL NOTES	
表情图标	🎞	FILM FRAMES	
表情图标	🎟	ADMISSION TICKETS	
表情图标	🎠	CAROUSEL HORSE	
表情图标	🎡	FERRIS WHEEL	
表情图标	🎢	ROLLER COASTER	
表情图标	🎣	FISHING POLE AND FISH	
表情图标	🎤	MICROPHONE	
表情图标	🎥	MOVIE CAMERA	
表情图标	🎦	CINEMA	
表情图标	🎧	HEADPHONE	
表情图标	🎨	ARTIST PALETTE	
表情图标	🎩	TOP HAT	
表情图标	🎪	CIRCUS TENT	
表情图标	🎫	TICKET	
表情图标	🎬	CLAPPER BOARD	
表情图标	🎭	PERFORMING ARTS	
表情图标	🎮	VIDEO GAME	
表情图标	🎯	DIRECT HIT	
表情图标	🎰	SLOT MACHINE	
表情图标	🎱	BILLIARDS	
表情图标	🎲	GAME DIE	
表情图标	🎳	BOWLING	
表情图标	🎴	FLOWER PLAYING CARDS	
表情图标	🎵	MUSICAL NOTE	
表情图标	🎶	MULTIPLE MUSICAL NOTES	
表情图标	🎷	SAXOPHONE	
表情图标	🎸	GUITAR	
表情图标	🎹	MUSICAL KEYBOARD	
表情图标	🎺	TRUMPET	
表情图标	🎻	VIOLIN	
表情图标	🎼	MUSICAL SCORE	
表情图标	🎽	RUNNING SHIRT WITH SASH	
表情图标	🎾	TENNIS RACQUET AND BALL	
表情图标	🎿	SKI AND SKI BOOT	
表情图标	🏀	BASKETBALL AND HOOP	
表情图标	🏁	CHEQUERED FLAG	
表情图标	🏂	SNOWBOARDER	
表情图标	🏃	RUNNER	
表情图标	🏄	SURFER	
表情图标	🏅	SPORTS MEDAL	
表情图标	🏆	TROPHY	
表情图标	🏇	HORSE RACING	
表情图标	🏈	AMERICAN FOOTBALL	
表情图标	🏉	RUGBY FOOTBALL	
表情图标	🏊	SWIMMER	
表情图标	🏋	WEIGHT LIFTER	
表情图标	🏌	GOLFER	
表情图标	🏍	RACING MOTORCYCLE	
表情图标	🏎	RACING CAR	
表情图标	🏏	CRICKET BAT AND BALL	
表情图标	🏐	VOLLEYBALL	
表情图标	🏑	FIELD HOCKEY STICK AND BALL	
表情图标	🏒	ICE HOCKEY STICK AND PUCK	
表情图标	🏓	TABLE TENNIS PADDLE AND BALL	
表情图标	🏔	SNOW CAPPED MOUNTAIN	
表情图标	🏕	CAMPING	
表情图标	🏖	BEACH WITH UMBRELLA	
表情图标	🏗	BUILDING CONSTRUCTION	
表情图标	🏘	HOUSE BUILDINGS	
表情图标	🏙	CITYSCAPE	
表情图标	🏚	DERELICT HOUSE BUILDING	
表情图标	🏛	CLASSICAL BUILDING	
表情图标	🏜	DESERT	
表情图标	🏝	DESERT ISLAND	
表情图标	🏞	NATIONAL PARK	
表情图标	🏟	STADIUM	
表情图标	🏠	HOUSE BUILDING	
表情图标	🏡	HOUSE WITH GARDEN	
表情图标	🏢	OFFICE BUILDING	
表情图标	🏣	JAPANESE POST OFFICE	
表情图标	🏤	EUROPEAN POST OFFICE	
表情图标	🏥	HOSPITAL	
表情图标	🏦	BANK	
表情图标	🏧	AUTOMATED TELLER MACHINE	
表情图标	🏨	HOTEL	
表情图标	🏩	LOVE HOTEL	
表情图标	🏪	CONVENIENCE STORE	
表情图标	🏫	SCHOOL	
表情图标	🏬	DEPARTMENT STORE	
表情图标	🏭	FACTORY	
表情图标	🏮	IZAKAYA LANTERN	
表情图标	🏯	JAPANESE CASTLE	
表情图标	🏰	EUROPEAN CASTLE	
表情图标	🏱	WHITE PENNANT	
表情图标	🏲	BLACK PENNANT	
表情图标	🏳	WAVING WHITE FLAG	
表情图标	🏴	WAVING BLACK FLAG	
表情图标	🏵	ROSETTE	
表情图标	🏶	BLACK ROSETTE	
表情图标	🏷	LABEL	
表情图标	🏸	BADMINTON RACQUET AND SHUTTLECOCK	
表情图标	🏹	BOW AND ARROW	
表情图标	🏺	AMPHORA	
表情图标	🏻	EMOJI MODIFIER FITZPATRICK TYPE-1-2	
表情图标	🏼	EMOJI MODIFIER FITZPATRICK TYPE-3	
表情图标	🏽	EMOJI MODIFIER FITZPATRICK TYPE-4	
表情图标	🏾	EMOJI MODIFIER FITZPATRICK TYPE-5	
表情图标	🏿	EMOJI MODIFIER FITZPATRICK TYPE-6	
表情图标	🐀	RAT	
表情图标	🐁	MOUSE	
表情图标	🐂	OX	
表情图标	🐃	WATER BUFFALO	
表情图标	🐄	COW	
表情图标	🐅	TIGER	
表情图标	🐆	LEOPARD	
表情图标	🐇	RABBIT	
表情图标	🐈	CAT	
表情图标	🐉	DRAGON	
表情图标	🐊	CROCODILE	
表情图标	🐋	WHALE	
表情图标	🐌	SNAIL	
表情图标	🐍	SNAKE	
表情图标	🐎	HORSE	
表情图标	🐏	RAM	
表情图标	🐐	GOAT	
表情图标	🐑	SHEEP	
表情图标	🐒	MONKEY	
表情图标	🐓	ROOSTER	
表情图标	🐔	CHICKEN	
表情图标	🐕	DOG	
表情图标	🐖	PIG	
表情图标	🐗	BOAR	
表情图标	🐘	ELEPHANT	
表情图标	🐙	OCTOPUS	
表情图标	🐚	SPIRAL SHELL	
表情图标	🐛	BUG	
表情图标	🐜	ANT	
表情图标	🐝	HONEYBEE	
表情图标	🐞	LADY BEETLE	
表情图标	🐟	FISH	
表情图标	🐠	TROPICAL FISH	
表情图标	🐡	BLOWFISH	
表情图标	🐢	TURTLE	
表情图标	🐣	HATCHING CHICK	
表情图标	🐤	BABY CHICK	
表情图标	🐥	FRONT-FACING BABY CHICK	
表情图标	🐦	BIRD	
表情图标	🐧	PENGUIN	
表情图标	🐨	KOALA	
表情图标	🐩	POODLE	
表情图标	🐪	DROMEDARY CAMEL	
表情图标	🐫	BACTRIAN CAMEL	
表情图标	🐬	DOLPHIN	
表情图标	🐭	MOUSE FACE	
表情图标	🐮	COW FACE	
表情图标	🐯	TIGER FACE	
表情图标	🐰	RABBIT FACE	
表情图标	🐱	CAT FACE	
表情图标	🐲	DRAGON FACE	
表情图标	🐳	SPOUTING WHALE	
表情图标	🐴	HORSE FACE	
表情图标	🐵	MONKEY FACE	
表情图标	🐶	DOG FACE	
表情图标	🐷	PIG FACE	
表情图标	🐸	FROG FACE	
表情图标	🐹	HAMSTER FACE	
表情图标	🐺	WOLF FACE	
表情图标	🐻	BEAR FACE	
表情图标	🐼	PANDA FACE	
表情图标	🐽	PIG NOSE	
表情图标	🐾	PAW PRINTS	
表情图标	🐿	CHIPMUNK	
表情图标	👀	EYES	
表情图标	👁	EYE	
表情图标	👂	EAR	
表情图标	👃	NOSE	
表情图标	👄	MOUTH	
表情图标	👅	TONGUE	
表情图标	👆	WHITE UP POINTING BACKHAND INDEX	
表情图标	👇	WHITE DOWN POINTING BACKHAND INDEX	
表情图标	👈	WHITE LEFT POINTING BACKHAND INDEX	
表情图标	👉	WHITE RIGHT POINTING BACKHAND INDEX	
表情图标	👊	FISTED HAND SIGN	
表情图标	👋	WAVING HAND SIGN	
表情图标	👌	OK HAND SIGN	
表情图标	👍	THUMBS UP SIGN	
表情图标	👎	THUMBS DOWN SIGN	
表情图标	👏	CLAPPING HANDS SIGN	
表情图标	👐	OPEN HANDS SIGN	
表情图标	👑	CROWN	
表情图标	👒	WOMANS HAT	
表情图标	👓	EYEGLASSES	
表情图标	👔	NECKTIE	
表情图标	👕	T-SHIRT	
表情图标	👖	JEANS	
表情图标	👗	DRESS	
表情图标	👘	KIMONO	
表情图标	👙	BIKINI	
表情图标	👚	WOMANS CLOTHES	
表情图标	👛	PURSE	
表情图标	👜	HANDBAG	
表情图标	👝	POUCH	
表情图标	👞	MANS SHOE	
表情图标	👟	ATHLETIC SHOE	
表情图标	👠	HIGH-HEELED SHOE	
表情图标	👡	WOMANS SANDAL	
表情图标	👢	WOMANS BOOTS	
表情图标	👣	FOOTPRINTS	
表情图标	👤	BUST IN SILHOUETTE	
表情图标	👥	BUSTS IN SILHOUETTE	
表情图标	👦	BOY	
表情图标	👧	GIRL	
表情图标	👨	MAN	
表情图标	👩	WOMAN	
表情图标	👪	FAMILY	
表情图标	👫	MAN AND WOMAN HOLDING HANDS	
表情图标	👬	TWO MEN HOLDING HANDS	
表情图标	👭	TWO WOMEN HOLDING HANDS	
表情图标	👮	POLICE OFFICER	
表情图标	👯	WOMAN WITH BUNNY EARS	
表情图标	👰	BRIDE WITH VEIL	
表情图标	👱	PERSON WITH BLOND HAIR	
表情图标	👲	MAN WITH GUA PI MAO	
表情图标	👳	MAN WITH TURBAN	
表情图标	👴	OLDER MAN	
表情图标	👵	OLDER WOMAN	
表情图标	👶	BABY	
表情图标	👷	CONSTRUCTION WORKER	
表情图标	👸	PRINCESS	
表情图标	👹	JAPANESE OGRE	
表情图标	👺	JAPANESE GOBLIN	
表情图标	👻	GHOST	
表情图标	👼	BABY ANGEL	
表情图标	👽	EXTRATERRESTRIAL ALIEN	
表情图标	👾	ALIEN MONSTER	
表情图标	👿	IMP	
表情图标	💀	SKULL	
表情图标	💁	INFORMATION DESK PERSON	
表情图标	💂	GUARDSMAN	
表情图标	💃	DANCER	
表情图标	💄	LIPSTICK	
表情图标	💅	NAIL POLISH	
表情图标	💆	FACE MASSAGE	
表情图标	💇	HAIRCUT	
表情图标	💈	BARBER POLE	
表情图标	💉	SYRINGE	
表情图标	💊	PILL	
表情图标	💋	KISS MARK	
表情图标	💌	LOVE LETTER	
表情图标	💍	RING	
表情图标	💎	GEM STONE	
表情图标	💏	KISS	
表情图标	💐	BOUQUET	
表情图标	💑	COUPLE WITH HEART	
表情图标	💒	WEDDING	
表情图标	💓	BEATING HEART	
表情图标	💔	BROKEN HEART	
表情图标	💕	TWO HEARTS	
表情图标	💖	SPARKLING HEART	
表情图标	💗	GROWING HEART	
表情图标	💘	HEART WITH ARROW	
表情图标	💙	BLUE HEART	
表情图标	💚	GREEN HEART	
表情图标	💛	YELLOW HEART	
表情图标	💜	PURPLE HEART	
表情图标	💝	HEART WITH RIBBON	
表情图标	💞	REVOLVING HEARTS	
表情图标	💟	HEART DECORATION	
表情图标	💠	DIAMOND SHAPE WITH A DOT INSIDE	
表情图标	💡	ELECTRIC LIGHT BULB	
表情图标	💢	ANGER SYMBOL	
表情图标	💣	BOMB	
表情图标	💤	SLEEPING SYMBOL	
表情图标	💥	COLLISION SYMBOL	
表情图标	💦	SPLASHING SWEAT SYMBOL	
表情图标	💧	DROPLET	
表情图标	💨	DASH SYMBOL	
表情图标	💩	PILE OF POO	
表情图标	💪	FLEXED BICEPS	
表情图标	💫	DIZZY SYMBOL	
表情图标	💬	SPEECH BALLOON	
表情图标	💭	THOUGHT BALLOON	
表情图标	💮	WHITE FLOWER	
表情图标	💯	HUNDRED POINTS SYMBOL	
表情图标	💰	MONEY BAG	
表情图标	💱	CURRENCY EXCHANGE	
表情图标	💲	HEAVY DOLLAR SIGN	
表情图标	💳	CREDIT CARD	
表情图标	💴	BANKNOTE WITH YEN SIGN	
表情图标	💵	BANKNOTE WITH DOLLAR SIGN	
表情图标	💶	BANKNOTE WITH EURO SIGN	
表情图标	💷	BANKNOTE WITH POUND SIGN	
表情图标	💸	MONEY WITH WINGS	
表情图标	💹	CHART WITH UPWARDS TREND AND YEN SIGN	
表情图标	💺	SEAT	
表情图标	💻	PERSONAL COMPUTER	
表情图标	💼	BRIEFCASE	
表情图标	💽	MINIDISC	
表情图标	💾	FLOPPY DISK	
表情图标	💿	OPTICAL DISC	
表情图标	📀	DVD	
表情图标	📁	FILE FOLDER	
表情图标	📂	OPEN FILE FOLDER	
表情图标	📃	PAGE WITH CURL	
表情图标	📄	PAGE FACING UP	
表情图标	📅	CALENDAR	
表情图标	📆	TEAR-OFF CALENDAR	
表情图标	📇	CARD INDEX	
表情图标	📈	CHART WITH UPWARDS TREND	
表情图标	📉	CHART WITH DOWNWARDS TREND	
表情图标	📊	BAR CHART	
表情图标	📋	CLIPBOARD	
表情图标	📌	PUSHPIN	
表情图标	📍	ROUND PUSHPIN	
表情图标	📎	PAPERCLIP	
表情图标	📏	STRAIGHT RULER	
表情图标	📐	TRIANGULAR RULER	
表情图标	📑	BOOKMARK TABS	
表情图标	📒	LEDGER	
表情图标	📓	NOTEBOOK	
表情图标	📔	NOTEBOOK WITH DECORATIVE COVER	
表情图标	📕	CLOSED BOOK	
表情图标	📖	OPEN BOOK	
表情图标	📗	GREEN BOOK	
表情图标	📘	BLUE BOOK	
表情图标	📙	ORANGE BOOK	
表情图标	📚	BOOKS	
表情图标	📛	NAME BADGE	
表情图标	📜	SCROLL	
表情图标	📝	MEMO	
表情图标	📞	TELEPHONE RECEIVER	
表情图标	📟	PAGER	
表情图标	📠	FAX MACHINE	
表情图标	📡	SATELLITE ANTENNA	
表情图标	📢	PUBLIC ADDRESS LOUDSPEAKER	
表情图标	📣	CHEERING MEGAPHONE	
表情图标	📤	OUTBOX TRAY	
表情图标	📥	INBOX TRAY	
表情图标	📦	PACKAGE	
表情图标	📧	E-MAIL SYMBOL	
表情图标	📨	INCOMING ENVELOPE	
表情图标	📩	ENVELOPE WITH DOWNWARDS ARROW ABOVE	
表情图标	📪	CLOSED MAILBOX WITH LOWERED FLAG	
表情图标	📫	CLOSED MAILBOX WITH RAISED FLAG	
表情图标	📬	OPEN MAILBOX WITH RAISED FLAG	
表情图标	📭	OPEN MAILBOX WITH LOWERED FLAG	
表情图标	📮	POSTBOX	
表情图标	📯	POSTAL HORN	
表情图标	📰	NEWSPAPER	
表情图标	📱	MOBILE PHONE	
表情图标	📲	MOBILE PHONE WITH RIGHTWARDS ARROW AT LEFT	
表情图标	📳	VIBRATION MODE	
表情图标	📴	MOBILE PHONE OFF	
表情图标	📵	NO MOBILE PHONES	
表情图标	📶	ANTENNA WITH BARS	
表情图标	📷	CAMERA	
表情图标	📸	CAMERA WITH FLASH	
表情图标	📹	VIDEO CAMERA	
表情图标	📺	TELEVISION	
表情图标	📻	RADIO	
表情图标	📼	VIDEOCASSETTE	
表情图标	📽	FILM PROJECTOR	
表情图标	📾	PORTABLE STEREO	
表情图标	📿	PRAYER BEADS	
表情图标	🔀	TWISTED RIGHTWARDS ARROWS	
表情图标	🔁	CLOCKWISE RIGHTWARDS AND LEFTWARDS OPEN CIRCLE ARROWS	
表情图标	🔂	CLOCKWISE RIGHTWARDS AND LEFTWARDS OPEN CIRCLE ARROWS WITH CIRCLED ONE OVERLAY	
表情图标	🔃	CLOCKWISE DOWNWARDS AND UPWARDS OPEN CIRCLE ARROWS	
表情图标	🔄	ANTICLOCKWISE DOWNWARDS AND UPWARDS OPEN CIRCLE ARROWS	
表情图标	🔅	LOW BRIGHTNESS SYMBOL	
表情图标	🔆	HIGH BRIGHTNESS SYMBOL	
表情图标	🔇	SPEAKER WITH CANCELLATION STROKE	
表情图标	🔈	SPEAKER	
表情图标	🔉	SPEAKER WITH ONE SOUND WAVE	
表情图标	🔊	SPEAKER WITH THREE SOUND WAVES	
表情图标	🔋	BATTERY	
表情图标	🔌	ELECTRIC PLUG	
表情图标	🔍	LEFT-POINTING MAGNIFYING GLASS	
表情图标	🔎	RIGHT-POINTING MAGNIFYING GLASS	
表情图标	🔏	LOCK WITH INK PEN	
表情图标	🔐	CLOSED LOCK WITH KEY	
表情图标	🔑	KEY	
表情图标	🔒	LOCK	
表情图标	🔓	OPEN LOCK	
表情图标	🔔	BELL	
表情图标	🔕	BELL WITH CANCELLATION STROKE	
表情图标	🔖	BOOKMARK	
表情图标	🔗	LINK SYMBOL	
表情图标	🔘	RADIO BUTTON	
表情图标	🔙	BACK WITH LEFTWARDS ARROW ABOVE	
表情图标	🔚	END WITH LEFTWARDS ARROW ABOVE	
表情图标	🔛	ON WITH EXCLAMATION MARK WITH LEFT RIGHT ARROW ABOVE	
表情图标	🔜	SOON WITH RIGHTWARDS ARROW ABOVE	
表情图标	🔝	TOP WITH UPWARDS ARROW ABOVE	
表情图标	🔞	NO ONE UNDER EIGHTEEN SYMBOL	
表情图标	🔟	KEYCAP TEN	
表情图标	🔠	INPUT SYMBOL FOR LATIN CAPITAL LETTERS	
表情图标	🔡	INPUT SYMBOL FOR LATIN SMALL LETTERS	
表情图标	🔢	INPUT SYMBOL FOR NUMBERS	
表情图标	🔣	INPUT SYMBOL FOR SYMBOLS	
表情图标	🔤	INPUT SYMBOL FOR LATIN LETTERS	
表情图标	🔥	FIRE	
表情图标	🔦	ELECTRIC TORCH	
表情图标	🔧	WRENCH	
表情图标	🔨	HAMMER	
表情图标	🔩	NUT AND BOLT	
表情图标	🔪	HOCHO	
表情图标	🔫	PISTOL	
表情图标	🔬	MICROSCOPE	
表情图标	🔭	TELESCOPE	
表情图标	🔮	CRYSTAL BALL	
表情图标	🔯	SIX POINTED STAR WITH MIDDLE DOT	
表情图标	🔰	JAPANESE SYMBOL FOR BEGINNER	
表情图标	🔱	TRIDENT EMBLEM	
表情图标	🔲	BLACK SQUARE BUTTON	
表情图标	🔳	WHITE SQUARE BUTTON	
表情图标	🔴	LARGE RED CIRCLE	
表情图标	🔵	LARGE BLUE CIRCLE	
表情图标	🔶	LARGE ORANGE DIAMOND	
表情图标	🔷	LARGE BLUE DIAMOND	
表情图标	🔸	SMALL ORANGE DIAMOND	
表情图标	🔹	SMALL BLUE DIAMOND	
表情图标	🔺	UP-POINTING RED TRIANGLE	
表情图标	🔻	DOWN-POINTING RED TRIANGLE	
表情图标	🔼	UP-POINTING SMALL RED TRIANGLE	
表情图标	🔽	DOWN-POINTING SMALL RED TRIANGLE	
表情图标	🔾	LOWER RIGHT SHADOWED WHITE CIRCLE	
表情图标	🔿	UPPER RIGHT SHADOWED WHITE CIRCLE	
表情图标	🕀	CIRCLED CROSS POMMEE	
表情图标	🕁	CROSS POMMEE WITH HALF-CIRCLE BELOW	
表情图标	🕂	CROSS POMMEE	
表情图标	🕃	NOTCHED LEFT SEMICIRCLE WITH THREE DOTS	
表情图标	🕄	NOTCHED RIGHT SEMICIRCLE WITH THREE DOTS	
表情图标	🕅	SYMBOL FOR MARKS CHAPTER	
表情图标	🕆	WHITE LATIN CROSS	
表情图标	🕇	HEAVY LATIN CROSS	
表情图标	🕈	CELTIC CROSS	
表情图标	🕉	OM SYMBOL	
表情图标	🕊	DOVE OF PEACE	
表情图标	🕋	KAABA	
表情图标	🕌	MOSQUE	
表情图标	🕍	SYNAGOGUE	
表情图标	🕎	MENORAH WITH NINE BRANCHES	
表情图标	🕏	BOWL OF HYGIEIA	
表情图标	🕐	CLOCK FACE ONE OCLOCK	
表情图标	🕑	CLOCK FACE TWO OCLOCK	
表情图标	🕒	CLOCK FACE THREE OCLOCK	
表情图标	🕓	CLOCK FACE FOUR OCLOCK	
表情图标	🕔	CLOCK FACE FIVE OCLOCK	
表情图标	🕕	CLOCK FACE SIX OCLOCK	
表情图标	🕖	CLOCK FACE SEVEN OCLOCK	
表情图标	🕗	CLOCK FACE EIGHT OCLOCK	
表情图标	🕘	CLOCK FACE NINE OCLOCK	
表情图标	🕙	CLOCK FACE TEN OCLOCK	
表情图标	🕚	CLOCK FACE ELEVEN OCLOCK	
表情图标	🕛	CLOCK FACE TWELVE OCLOCK	
表情图标	🕜	CLOCK FACE ONE-THIRTY	
表情图标	🕝	CLOCK FACE TWO-THIRTY	
表情图标	🕞	CLOCK FACE THREE-THIRTY	
表情图标	🕟	CLOCK FACE FOUR-THIRTY	
表情图标	🕠	CLOCK FACE FIVE-THIRTY	
表情图标	🕡	CLOCK FACE SIX-THIRTY	
表情图标	🕢	CLOCK FACE SEVEN-THIRTY	
表情图标	🕣	CLOCK FACE EIGHT-THIRTY	
表情图标	🕤	CLOCK FACE NINE-THIRTY	
表情图标	🕥	CLOCK FACE TEN-THIRTY	
表情图标	🕦	CLOCK FACE ELEVEN-THIRTY	
表情图标	🕧	CLOCK FACE TWELVE-THIRTY	
表情图标	🕨	RIGHT SPEAKER	
表情图标	🕩	RIGHT SPEAKER WITH ONE SOUND WAVE	
表情图标	🕪	RIGHT SPEAKER WITH THREE SOUND WAVES	
表情图标	🕫	BULLHORN	
表情图标	🕬	BULLHORN WITH SOUND WAVES	
表情图标	🕭	RINGING BELL	
表情图标	🕮	BOOK	
表情图标	🕯	CANDLE	
表情图标	🕰	MANTELPIECE CLOCK	
表情图标	🕱	BLACK SKULL AND CROSSBONES	
表情图标	🕲	NO PIRACY	
表情图标	🕳	HOLE	
表情图标	🕴	MAN IN BUSINESS SUIT LEVITATING	
表情图标	🕵	SLEUTH OR SPY	
表情图标	🕶	DARK SUNGLASSES	
表情图标	🕷	SPIDER	
表情图标	🕸	SPIDER WEB	
表情图标	🕹	JOYSTICK	
表情图标	🕺	MAN DANCING	
表情图标	🕻	LEFT HAND TELEPHONE RECEIVER	
表情图标	🕼	TELEPHONE RECEIVER WITH PAGE	
表情图标	🕽	RIGHT HAND TELEPHONE RECEIVER	
表情图标	🕾	WHITE TOUCHTONE TELEPHONE	
表情图标	🕿	BLACK TOUCHTONE TELEPHONE	
表情图标	🖀	TELEPHONE ON TOP OF MODEM	
表情图标	🖁	CLAMSHELL MOBILE PHONE	
表情图标	🖂	BACK OF ENVELOPE	
表情图标	🖃	STAMPED ENVELOPE	
表情图标	🖄	ENVELOPE WITH LIGHTNING	
表情图标	🖅	FLYING ENVELOPE	
表情图标	🖆	PEN OVER STAMPED ENVELOPE	
表情图标	🖇	LINKED PAPERCLIPS	
表情图标	🖈	BLACK PUSHPIN	
表情图标	🖉	LOWER LEFT PENCIL	
表情图标	🖊	LOWER LEFT BALLPOINT PEN	
表情图标	🖋	LOWER LEFT FOUNTAIN PEN	
表情图标	🖌	LOWER LEFT PAINTBRUSH	
表情图标	🖍	LOWER LEFT CRAYON	
表情图标	🖎	LEFT WRITING HAND	
表情图标	🖏	TURNED OK HAND SIGN	
表情图标	🖐	RAISED HAND WITH FINGERS SPLAYED	
表情图标	🖑	REVERSED RAISED HAND WITH FINGERS SPLAYED	
表情图标	🖒	REVERSED THUMBS UP SIGN	
表情图标	🖓	REVERSED THUMBS DOWN SIGN	
表情图标	🖔	REVERSED VICTORY HAND	
表情图标	🖕	REVERSED HAND WITH MIDDLE FINGER EXTENDED	
表情图标	🖖	RAISED HAND WITH PART BETWEEN MIDDLE AND RING FINGERS	
表情图标	🖗	WHITE DOWN POINTING LEFT HAND INDEX	
表情图标	🖘	SIDEWAYS WHITE LEFT POINTING INDEX	
表情图标	🖙	SIDEWAYS WHITE RIGHT POINTING INDEX	
表情图标	🖚	SIDEWAYS BLACK LEFT POINTING INDEX	
表情图标	🖛	SIDEWAYS BLACK RIGHT POINTING INDEX	
表情图标	🖜	BLACK LEFT POINTING BACKHAND INDEX	
表情图标	🖝	BLACK RIGHT POINTING BACKHAND INDEX	
表情图标	🖞	SIDEWAYS WHITE UP POINTING INDEX	
表情图标	🖟	SIDEWAYS WHITE DOWN POINTING INDEX	
表情图标	🖠	SIDEWAYS BLACK UP POINTING INDEX	
表情图标	🖡	SIDEWAYS BLACK DOWN POINTING INDEX	
表情图标	🖢	BLACK UP POINTING BACKHAND INDEX	
表情图标	🖣	BLACK DOWN POINTING BACKHAND INDEX	
表情图标	🖤	BLACK HEART	
表情图标	🖥	DESKTOP COMPUTER	
表情图标	🖦	KEYBOARD AND MOUSE	
表情图标	🖧	THREE NETWORKED COMPUTERS	
表情图标	🖨	PRINTER	
表情图标	🖩	POCKET CALCULATOR	
表情图标	🖪	BLACK HARD SHELL FLOPPY DISK	
表情图标	🖫	WHITE HARD SHELL FLOPPY DISK	
表情图标	🖬	SOFT SHELL FLOPPY DISK	
表情图标	🖭	TAPE CARTRIDGE	
表情图标	🖮	WIRED KEYBOARD	
表情图标	🖯	ONE BUTTON MOUSE	
表情图标	🖰	TWO BUTTON MOUSE	
表情图标	🖱	THREE BUTTON MOUSE	
表情图标	🖲	TRACKBALL	
表情图标	🖳	OLD PERSONAL COMPUTER	
表情图标	🖴	HARD DISK	
表情图标	🖵	SCREEN	
表情图标	🖶	PRINTER ICON	
表情图标	🖷	FAX ICON	
表情图标	🖸	OPTICAL DISC ICON	
表情图标	🖹	DOCUMENT WITH TEXT	
表情图标	🖺	DOCUMENT WITH TEXT AND PICTURE	
表情图标	🖻	DOCUMENT WITH PICTURE	
表情图标	🖼	FRAME WITH PICTURE	
表情图标	🖽	FRAME WITH TILES	
表情图标	🖾	FRAME WITH AN X	
表情图标	🖿	BLACK FOLDER	
表情图标	🗀	FOLDER	
表情图标	🗁	OPEN FOLDER	
表情图标	🗂	CARD INDEX DIVIDERS	
表情图标	🗃	CARD FILE BOX	
表情图标	🗄	FILE CABINET	
表情图标	🗅	EMPTY NOTE	
表情图标	🗆	EMPTY NOTE PAGE	
表情图标	🗇	EMPTY NOTE PAD	
表情图标	🗈	NOTE	
表情图标	🗉	NOTE PAGE	
表情图标	🗊	NOTE PAD	
表情图标	🗋	EMPTY DOCUMENT	
表情图标	🗌	EMPTY PAGE	
表情图标	🗍	EMPTY PAGES	
表情图标	🗎	DOCUMENT	
表情图标	🗏	PAGE	
表情图标	🗐	PAGES	
表情图标	🗑	WASTEBASKET	
表情图标	🗒	SPIRAL NOTE PAD	
表情图标	🗓	SPIRAL CALENDAR PAD	
表情图标	🗔	DESKTOP WINDOW	
表情图标	🗕	MINIMIZE	
表情图标	🗖	MAXIMIZE	
表情图标	🗗	OVERLAP	
表情图标	🗘	CLOCKWISE RIGHT AND LEFT SEMICIRCLE ARROWS	
表情图标	🗙	CANCELLATION X	
表情图标	🗚	INCREASE FONT SIZE SYMBOL	
表情图标	🗛	DECREASE FONT SIZE SYMBOL	
表情图标	🗜	COMPRESSION	
表情图标	🗝	OLD KEY	
表情图标	🗞	ROLLED-UP NEWSPAPER	
表情图标	🗟	PAGE WITH CIRCLED TEXT	
表情图标	🗠	STOCK CHART	
表情图标	🗡	DAGGER KNIFE	
表情图标	🗢	LIPS	
表情图标	🗣	SPEAKING HEAD IN SILHOUETTE	
表情图标	🗤	THREE RAYS ABOVE	
表情图标	🗥	THREE RAYS BELOW	
表情图标	🗦	THREE RAYS LEFT	
表情图标	🗧	THREE RAYS RIGHT	
表情图标	🗨	LEFT SPEECH BUBBLE	
表情图标	🗩	RIGHT SPEECH BUBBLE	
表情图标	🗪	TWO SPEECH BUBBLES	
表情图标	🗫	THREE SPEECH BUBBLES	
表情图标	🗬	LEFT THOUGHT BUBBLE	
表情图标	🗭	RIGHT THOUGHT BUBBLE	
表情图标	🗮	LEFT ANGER BUBBLE	
表情图标	🗯	RIGHT ANGER BUBBLE	
表情图标	🗰	MOOD BUBBLE	
表情图标	🗱	LIGHTNING MOOD BUBBLE	
表情图标	🗲	LIGHTNING MOOD	
表情图标	🗳	BALLOT BOX WITH BALLOT	
表情图标	🗴	BALLOT SCRIPT X	
表情图标	🗵	BALLOT BOX WITH SCRIPT X	
表情图标	🗶	BALLOT BOLD SCRIPT X	
表情图标	🗷	BALLOT BOX WITH BOLD SCRIPT X	
表情图标	🗸	LIGHT CHECK MARK	
表情图标	🗹	BALLOT BOX WITH BOLD CHECK	
表情图标	🗺	WORLD MAP	
表情图标	🗻	MOUNT FUJI	
表情图标	🗼	TOKYO TOWER	
表情图标	🗽	STATUE OF LIBERTY	
表情图标	🗾	SILHOUETTE OF JAPAN	
表情图标	🗿	MOYAI	
表情图标	😀	GRINNING FACE	
表情图标	😁	GRINNING FACE WITH SMILING EYES	
表情图标	😂	FACE WITH TEARS OF JOY	
表情图标	😃	SMILING FACE WITH OPEN MOUTH	
表情图标	😄	SMILING FACE WITH OPEN MOUTH AND SMILING EYES	
表情图标	😅	SMILING FACE WITH OPEN MOUTH AND COLD SWEAT	
表情图标	😆	SMILING FACE WITH OPEN MOUTH AND TIGHTLY-CLOSED EYES	
表情图标	😇	SMILING FACE WITH HALO	
表情图标	😈	SMILING FACE WITH HORNS	
表情图标	😉	WINKING FACE	
表情图标	😊	SMILING FACE WITH SMILING EYES	
表情图标	😋	FACE SAVOURING DELICIOUS FOOD	
表情图标	😌	RELIEVED FACE	
表情图标	😍	SMILING FACE WITH HEART-SHAPED EYES	
表情图标	😎	SMILING FACE WITH SUNGLASSES	
表情图标	😏	SMIRKING FACE	
表情图标	😐	NEUTRAL FACE	
表情图标	😑	EXPRESSIONLESS FACE	
表情图标	😒	UNAMUSED FACE	
表情图标	😓	FACE WITH COLD SWEAT	
表情图标	😔	PENSIVE FACE	
表情图标	😕	CONFUSED FACE	
表情图标	😖	CONFOUNDED FACE	
表情图标	😗	KISSING FACE	
表情图标	😘	FACE THROWING A KISS	
表情图标	😙	KISSING FACE WITH SMILING EYES	
表情图标	😚	KISSING FACE WITH CLOSED EYES	
表情图标	😛	FACE WITH STUCK-OUT TONGUE	
表情图标	😜	FACE WITH STUCK-OUT TONGUE AND WINKING EYE	
表情图标	😝	FACE WITH STUCK-OUT TONGUE AND TIGHTLY-CLOSED EYES	
表情图标	😞	DISAPPOINTED FACE	
表情图标	😟	WORRIED FACE	
表情图标	😠	ANGRY FACE	
表情图标	😡	POUTING FACE	
表情图标	😢	CRYING FACE	
表情图标	😣	PERSEVERING FACE	
表情图标	😤	FACE WITH LOOK OF TRIUMPH	
表情图标	😥	DISAPPOINTED BUT RELIEVED FACE	
表情图标	😦	FROWNING FACE WITH OPEN MOUTH	
表情图标	😧	ANGUISHED FACE	
表情图标	😨	FEARFUL FACE	
表情图标	😩	WEARY FACE	
表情图标	😪	SLEEPY FACE	
表情图标	😫	TIRED FACE	
表情图标	😬	GRIMACING FACE	
表情图标	😭	LOUDLY CRYING FACE	
表情图标	😮	FACE WITH OPEN MOUTH	
表情图标	😯	HUSHED FACE	
表情图标	😰	FACE WITH OPEN MOUTH AND COLD SWEAT	
表情图标	😱	FACE SCREAMING IN FEAR	
表情图标	😲	ASTONISHED FACE	
表情图标	😳	FLUSHED FACE	
表情图标	😴	SLEEPING FACE	
表情图标	😵	DIZZY FACE	
表情图标	😶	FACE WITHOUT MOUTH	
表情图标	😷	FACE WITH MEDICAL MASK	
表情图标	😸	GRINNING CAT FACE WITH SMILING EYES	
表情图标	😹	CAT FACE WITH TEARS OF JOY	
表情图标	😺	SMILING CAT FACE WITH OPEN MOUTH	
表情图标	😻	SMILING CAT FACE WITH HEART-SHAPED EYES	
表情图标	😼	CAT FACE WITH WRY SMILE	
表情图标	😽	KISSING CAT FACE WITH CLOSED EYES	
表情图标	😾	POUTING CAT FACE	
表情图标	😿	CRYING CAT FACE	
表情图标	🙀	WEARY CAT FACE	
表情图标	🙁	SLIGHTLY FROWNING FACE	
表情图标	🙂	SLIGHTLY SMILING FACE	
表情图标	🙃	UPSIDE-DOWN FACE	
表情图标	🙄	FACE WITH ROLLING EYES	
表情图标	🙅	FACE WITH NO GOOD GESTURE	
表情图标	🙆	FACE WITH OK GESTURE	
表情图标	🙇	PERSON BOWING DEEPLY	
表情图标	🙈	SEE-NO-EVIL MONKEY	
表情图标	🙉	HEAR-NO-EVIL MONKEY	
表情图标	🙊	SPEAK-NO-EVIL MONKEY	
表情图标	🙋	HAPPY PERSON RAISING ONE HAND	
表情图标	🙌	PERSON RAISING BOTH HANDS IN CELEBRATION	
表情图标	🙍	PERSON FROWNING	
表情图标	🙎	PERSON WITH POUTING FACE	
表情图标	🙏	PERSON WITH FOLDED HANDS	
表情图标	🚀	ROCKET	
表情图标	🚁	HELICOPTER	
表情图标	🚂	STEAM LOCOMOTIVE	
表情图标	🚃	RAILWAY CAR	
表情图标	🚄	HIGH-SPEED TRAIN	
表情图标	🚅	HIGH-SPEED TRAIN WITH BULLET NOSE	
表情图标	🚆	TRAIN	
表情图标	🚇	METRO	
表情图标	🚈	LIGHT RAIL	
表情图标	🚉	STATION	
表情图标	🚊	TRAM	
表情图标	🚋	TRAM CAR	
表情图标	🚌	BUS	
表情图标	🚍	ONCOMING BUS	
表情图标	🚎	TROLLEYBUS	
表情图标	🚏	BUS STOP	
表情图标	🚐	MINIBUS	
表情图标	🚑	AMBULANCE	
表情图标	🚒	FIRE ENGINE	
表情图标	🚓	POLICE CAR	
表情图标	🚔	ONCOMING POLICE CAR	
表情图标	🚕	TAXI	
表情图标	🚖	ONCOMING TAXI	
表情图标	🚗	AUTOMOBILE	
表情图标	🚘	ONCOMING AUTOMOBILE	
表情图标	🚙	RECREATIONAL VEHICLE	
表情图标	🚚	DELIVERY TRUCK	
表情图标	🚛	ARTICULATED LORRY	
表情图标	🚜	TRACTOR	
表情图标	🚝	MONORAIL	
表情图标	🚞	MOUNTAIN RAILWAY	
表情图标	🚟	SUSPENSION RAILWAY	
表情图标	🚠	MOUNTAIN CABLEWAY	
表情图标	🚡	AERIAL TRAMWAY	
表情图标	🚢	SHIP	
表情图标	🚣	ROWBOAT	
表情图标	🚤	SPEEDBOAT	
表情图标	🚥	HORIZONTAL TRAFFIC LIGHT	
表情图标	🚦	VERTICAL TRAFFIC LIGHT	
表情图标	🚧	CONSTRUCTION SIGN	
表情图标	🚨	POLICE CARS REVOLVING LIGHT	
表情图标	🚩	TRIANGULAR FLAG ON POST	
表情图标	🚪	DOOR	
表情图标	🚫	NO ENTRY SIGN	
表情图标	🚬	SMOKING SYMBOL	
表情图标	🚭	NO SMOKING SYMBOL	
表情图标	🚮	PUT LITTER IN ITS PLACE SYMBOL	
表情图标	🚯	DO NOT LITTER SYMBOL	
表情图标	🚰	POTABLE WATER SYMBOL	
表情图标	🚱	NON-POTABLE WATER SYMBOL	
表情图标	🚲	BICYCLE	
表情图标	🚳	NO BICYCLES	
表情图标	🚴	BICYCLIST	
表情图标	🚵	MOUNTAIN BICYCLIST	
表情图标	🚶	PEDESTRIAN	
表情图标	🚷	NO PEDESTRIANS	
表情图标	🚸	CHILDREN CROSSING	
表情图标	🚹	MENS SYMBOL	
表情图标	🚺	WOMENS SYMBOL	
表情图标	🚻	RESTROOM	
表情图标	🚼	BABY SYMBOL	
表情图标	🚽	TOILET	
表情图标	🚾	WATER CLOSET	
表情图标	🚿	SHOWER	
表情图标	🛀	BATH	
表情图标	🛁	BATHTUB	
表情图标	🛂	PASSPORT CONTROL	
表情图标	🛃	CUSTOMS	
表情图标	🛄	BAGGAGE CLAIM	
表情图标	🛅	LEFT LUGGAGE	
表情图标	🛆	TRIANGLE WITH ROUNDED CORNERS	
表情图标	🛇	PROHIBITED SIGN	
表情图标	🛈	CIRCLED INFORMATION SOURCE	
表情图标	🛉	BOYS SYMBOL	
表情图标	🛊	GIRLS SYMBOL	
表情图标	🛋	COUCH AND LAMP	
表情图标	🛌	SLEEPING ACCOMMODATION	
表情图标	🛍	SHOPPING BAGS	
表情图标	🛎	BELLHOP BELL	
表情图标	🛏	BED	
表情图标	🛐	PLACE OF WORSHIP	
表情图标	🛑	OCTAGONAL SIGN	
表情图标	🛒	SHOPPING TROLLEY	
表情图标	🛓	STUPA	
表情图标	🛔	PAGODA	
表情图标	🛕	HINDU TEMPLE	
表情图标	🛖	HUT	
表情图标	🛗	ELEVATOR	
表情图标	🛜	WIRELESS	
表情图标	🛝	PLAYGROUND SLIDE	
表情图标	🛞	WHEEL	
表情图标	🛟	RING BUOY	
表情图标	🛠	HAMMER AND WRENCH	
表情图标	🛡	SHIELD	
表情图标	🛢	OIL DRUM	
表情图标	🛣	MOTORWAY	
表情图标	🛤	RAILWAY TRACK	
表情图标	🛥	MOTOR BOAT	
表情图标	🛦	UP-POINTING MILITARY AIRPLANE	
表情图标	🛧	UP-POINTING AIRPLANE	
表情图标	🛨	UP-POINTING SMALL AIRPLANE	
表情图标	🛩	SMALL AIRPLANE	
表情图标	🛪	NORTHEAST-POINTING AIRPLANE	
表情图标	🛫	AIRPLANE DEPARTURE	
表情图标	🛬	AIRPLANE ARRIVING	
表情图标	🛰	SATELLITE	
表情图标	🛱	ONCOMING FIRE ENGINE	
表情图标	🛲	DIESEL LOCOMOTIVE	
表情图标	🛳	PASSENGER SHIP	
表情图标	🛴	SCOOTER	
表情图标	🛵	MOTOR SCOOTER	
表情图标	🛶	CANOE	
表情图标	🛷	SLED	
表情图标	🛸	FLYING SAUCER	
表情图标	🛹	SKATEBOARD	
表情图标	🛺	AUTO RICKSHAW	
表情图标	🛻	PICKUP TRUCK	
表情图标	🛼	ROLLER SKATE	
表情图标	🤀	CIRCLED CROSS FORMEE WITH FOUR DOTS	
表情图标	🤁	CIRCLED CROSS FORMEE WITH TWO DOTS	
表情图标	🤂	CIRCLED CROSS FORMEE	
表情图标	🤃	LEFT HALF CIRCLE WITH FOUR DOTS	
表情图标	🤄	LEFT HALF CIRCLE WITH THREE DOTS	
表情图标	🤅	LEFT HALF CIRCLE WITH TWO DOTS	
表情图标	🤆	LEFT HALF CIRCLE WITH DOT	
表情图标	🤇	LEFT HALF CIRCLE	
表情图标	🤈	DOWNWARD FACING HOOK	
表情图标	🤉	DOWNWARD FACING NOTCHED HOOK	
表情图标	🤊	DOWNWARD FACING HOOK WITH DOT	
表情图标	🤋	DOWNWARD FACING NOTCHED HOOK WITH DOT	
表情图标	🤌	PINCHED FINGERS	
表情图标	🤍	WHITE HEART	
表情图标	🤎	BROWN HEART	
表情图标	🤏	PINCHING HAND	
表情图标	🤐	ZIPPER-MOUTH FACE	
表情图标	🤑	MONEY-MOUTH FACE	
表情图标	🤒	FACE WITH THERMOMETER	
表情图标	🤓	NERD FACE	
表情图标	🤔	THINKING FACE	
表情图标	🤕	FACE WITH HEAD-BANDAGE	
表情图标	🤖	ROBOT FACE	
表情图标	🤗	HUGGING FACE	
表情图标	🤘	SIGN OF THE HORNS	
表情图标	🤙	CALL ME HAND	
表情图标	🤚	RAISED BACK OF HAND	
表情图标	🤛	LEFT-FACING FIST	
表情图标	🤜	RIGHT-FACING FIST	
表情图标	🤝	HANDSHAKE	
表情图标	🤞	HAND WITH INDEX AND MIDDLE FINGERS CROSSED	
表情图标	🤟	I LOVE YOU HAND SIGN	
表情图标	🤠	FACE WITH COWBOY HAT	
表情图标	🤡	CLOWN FACE	
表情图标	🤢	NAUSEATED FACE	
表情图标	🤣	ROLLING ON THE FLOOR LAUGHING	
表情图标	🤤	DROOLING FACE	
表情图标	🤥	LYING FACE	
表情图标	🤦	FACE PALM	
表情图标	🤧	SNEEZING FACE	
表情图标	🤨	FACE WITH ONE EYEBROW RAISED	
表情图标	🤩	GRINNING FACE WITH STAR EYES	
表情图标	🤪	GRINNING FACE WITH ONE LARGE AND ONE SMALL EYE	
表情图标	🤫	FACE WITH FINGER COVERING CLOSED LIPS	
表情图标	🤬	SERIOUS FACE WITH SYMBOLS COVERING MOUTH	
表情图标	🤭	SMILING FACE WITH SMILING EYES AND HAND COVERING MOUTH	
表情图标	🤮	FACE WITH OPEN MOUTH VOMITING	
表情图标	🤯	SHOCKED FACE WITH EXPLODING HEAD	
表情图标	🤰	PREGNANT WOMAN	
表情图标	🤱	BREAST-FEEDING	
表情图标	🤲	PALMS UP TOGETHER	
表情图标	🤳	SELFIE	
表情图标	🤴	PRINCE	
表情图标	🤵	MAN IN TUXEDO	
表情图标	🤶	MOTHER CHRISTMAS	
表情图标	🤷	SHRUG	
表情图标	🤸	PERSON DOING CARTWHEEL	
表情图标	🤹	JUGGLING	
表情图标	🤺	FENCER	
表情图标	🤻	MODERN PENTATHLON	
表情图标	🤼	WRESTLERS	
表情图标	🤽	WATER POLO	
表情图标	🤾	HANDBALL	
表情图标	🤿	DIVING MASK	
表情图标	🥀	WILTED FLOWER	
表情图标	🥁	DRUM WITH DRUMSTICKS	
表情图标	🥂	CLINKING GLASSES	
表情图标	🥃	TUMBLER GLASS	
表情图标	🥄	SPOON	
表情图标	🥅	GOAL NET	
表情图标	🥆	RIFLE	
表情图标	🥇	FIRST PLACE MEDAL	
表情图标	🥈	SECOND PLACE MEDAL	
表情图标	🥉	THIRD PLACE MEDAL	
表情图标	🥊	BOXING GLOVE	
表情图标	🥋	MARTIAL ARTS UNIFORM	
表情图标	🥌	CURLING STONE	
表情图标	🥍	LACROSSE STICK AND BALL	
表情图标	🥎	SOFTBALL	
表情图标	🥏	FLYING DISC	
表情图标	🥐	CROISSANT	
表情图标	🥑	AVOCADO	
表情图标	🥒	CUCUMBER	
表情图标	🥓	BACON	
表情图标	🥔	POTATO	
表情图标	🥕	CARROT	
表情图标	🥖	BAGUETTE BREAD	
表情图标	🥗	GREEN SALAD	
表情图标	🥘	SHALLOW PAN OF FOOD	
表情图标	🥙	STUFFED FLATBREAD	
表情图标	🥚	EGG	
表情图标	🥛	GLASS OF MILK	
表情图标	🥜	PEANUTS	
表情图标	🥝	KIWIFRUIT	
表情图标	🥞	PANCAKES	
表情图标	🥟	DUMPLING	
表情图标	🥠	FORTUNE COOKIE	
表情图标	🥡	TAKEOUT BOX	
表情图标	🥢	CHOPSTICKS	
表情图标	🥣	BOWL WITH SPOON	
表情图标	🥤	CUP WITH STRAW	
表情图标	🥥	COCONUT	
表情图标	🥦	BROCCOLI	
表情图标	🥧	PIE	
表情图标	🥨	PRETZEL	
表情图标	🥩	CUT OF MEAT	
表情图标	🥪	SANDWICH	
表情图标	🥫	CANNED FOOD	
表情图标	🥬	LEAFY GREEN	
表情图标	🥭	MANGO	
表情图标	🥮	MOON CAKE	
表情图标	🥯	BAGEL	
表情图标	🥰	SMILING FACE WITH SMILING EYES AND THREE HEARTS	
表情图标	🥱	YAWNING FACE	
表情图标	🥲	SMILING FACE WITH TEAR	
表情图标	🥳	FACE WITH PARTY HORN AND PARTY HAT	
表情图标	🥴	FACE WITH UNEVEN EYES AND WAVY MOUTH	
表情图标	🥵	OVERHEATED FACE	
表情图标	🥶	FREEZING FACE	
表情图标	🥷	NINJA	
表情图标	🥸	DISGUISED FACE	
表情图标	🥹	FACE HOLDING BACK TEARS	
表情图标	🥺	FACE WITH PLEADING EYES	
表情图标	🥻	SARI	
表情图标	🥼	LAB COAT	
表情图标	🥽	GOGGLES	
表情图标	🥾	HIKING BOOT	
表情图标	🥿	FLAT SHOE	
表情图标	🦀	CRAB	
表情图标	🦁	LION FACE	
表情图标	🦂	SCORPION	
表情图标	🦃	TURKEY	
表情图标	🦄	UNICORN FACE	
表情图标	🦅	EAGLE	
表情图标	🦆	DUCK	
表情图标	🦇	BAT	
表情图标	🦈	SHARK	
表情图标	🦉	OWL	
表情图标	🦊	FOX FACE	
表情图标	🦋	BUTTERFLY	
表情图标	🦌	DEER	
表情图标	🦍	GORILLA	
表情图标	🦎	LIZARD	
表情图标	🦏	RHINOCEROS	
表情图标	🦐	SHRIMP	
表情图标	🦑	SQUID	
表情图标	🦒	GIRAFFE FACE	
表情图标	🦓	ZEBRA FACE	
表情图标	🦔	HEDGEHOG	
表情图标	🦕	SAUROPOD	
表情图标	🦖	T-REX	
表情图标	🦗	CRICKET	
表情图标	🦘	KANGAROO	
表情图标	🦙	LLAMA	
表情图标	🦚	PEACOCK	
表情图标	🦛	HIPPOPOTAMUS	
表情图标	🦜	PARROT	
表情图标	🦝	RACCOON	
表情图标	🦞	LOBSTER	
表情图标	🦟	MOSQUITO	
表情图标	🦠	MICROBE	
表情图标	🦡	BADGER	
表情图标	🦢	SWAN	
表情图标	🦣	MAMMOTH	
表情图标	🦤	DODO	
表情图标	🦥	SLOTH	
表情图标	🦦	OTTER	
表情图标	🦧	ORANGUTAN	
表情图标	🦨	SKUNK	
表情图标	🦩	FLAMINGO	
表情图标	🦪	OYSTER	
表情图标	🦫	BEAVER	
表情图标	🦬	BISON	
表情图标	🦭	SEAL	
表情图标	🦮	GUIDE DOG	
表情图标	🦯	PROBING CANE	
表情图标	🦰	EMOJI COMPONENT RED HAIR	
表情图标	🦱	EMOJI COMPONENT CURLY HAIR	
表情图标	🦲	EMOJI COMPONENT BALD	
表情图标	🦳	EMOJI COMPONENT WHITE HAIR	
表情图标	🦴	BONE	
表情图标	🦵	LEG	
表情图标	🦶	FOOT	
表情图标	🦷	TOOTH	
表情图标	🦸	SUPERHERO	
表情图标	🦹	SUPERVILLAIN	
表情图标	🦺	SAFETY VEST	
表情图标	🦻	EAR WITH HEARING AID	
表情图标	🦼	MOTORIZED WHEELCHAIR	
表情图标	🦽	MANUAL WHEELCHAIR	
表情图标	🦾	MECHANICAL ARM	
表情图标	🦿	MECHANICAL LEG	
表情图标	🧀	CHEESE WEDGE	
表情图标	🧁	CUPCAKE	
表情图标	🧂	SALT SHAKER	
表情图标	🧃	BEVERAGE BOX	
表情图标	🧄	GARLIC	
表情图标	🧅	ONION	
表情图标	🧆	FALAFEL	
表情图标	🧇	WAFFLE	
表情图标	🧈	BUTTER	
表情图标	🧉	MATE DRINK	
表情图标	🧊	ICE CUBE	
表情图标	🧋	BUBBLE TEA	
表情图标	🧌	TROLL	
表情图标	🧍	STANDING PERSON	
表情图标	🧎	KNEELING PERSON	
表情图标	🧏	DEAF PERSON	
表情图标	🧐	FACE WITH MONOCLE	
表情图标	🧑	ADULT	
表情图标	🧒	CHILD	
表情图标	🧓	OLDER ADULT	
表情图标	🧔	BEARDED PERSON	
表情图标	🧕	PERSON WITH HEADSCARF	
表情图标	🧖	PERSON IN STEAMY ROOM	
表情图标	🧗	PERSON CLIMBING	
表情图标	🧘	PERSON IN LOTUS POSITION	
表情图标	🧙	MAGE	
表情图标	🧚	FAIRY	
表情图标	🧛	VAMPIRE	
表情图标	🧜	MERPERSON	
表情图标	🧝	ELF	
表情图标	🧞	GENIE	
表情图标	🧟	ZOMBIE	
表情图标	🧠	BRAIN	
表情图标	🧡	ORANGE HEART	
表情图标	🧢	BILLED CAP	
表情图标	🧣	SCARF	
表情图标	🧤	GLOVES	
表情图标	🧥	COAT	
表情图标	🧦	SOCKS	
表情图标	🧧	RED GIFT ENVELOPE	
表情图标	🧨	FIRECRACKER	
表情图标	🧩	JIGSAW PUZZLE PIECE	
表情图标	🧪	TEST TUBE	
表情图标	🧫	PETRI DISH	
表情图标	🧬	DNA DOUBLE HELIX	
表情图标	🧭	COMPASS	
表情图标	🧮	ABACUS	
表情图标	🧯	FIRE EXTINGUISHER	
表情图标	🧰	TOOLBOX	
表情图标	🧱	BRICK	
表情图标	🧲	MAGNET	
表情图标	🧳	LUGGAGE	
表情图标	🧴	LOTION BOTTLE	
表情图标	🧵	SPOOL OF THREAD	
表情图标	🧶	BALL OF YARN	
表情图标	🧷	SAFETY PIN	
表情图标	🧸	TEDDY BEAR	
表情图标	🧹	BROOM	
表情图标	🧺	BASKET	
表情图标	🧻	ROLL OF PAPER	
表情图标	🧼	BAR OF SOAP	
表情图标	🧽	SPONGE	
表情图标	🧾	RECEIPT	
表情图标	🧿	NAZAR AMULET	
表情图标	🩰	BALLET SHOES	
表情图标	🩱	ONE-PIECE SWIMSUIT	
表情图标	🩲	BRIEFS	
表情图标	🩳	SHORTS	
表情图标	🩴	THONG SANDAL	
表情图标	🩵	LIGHT BLUE HEART	
表情图标	🩶	GREY HEART	
表情图标	🩷	PINK HEART	
表情图标	🩸	DROP OF BLOOD	
表情图标	🩹	ADHESIVE BANDAGE	
表情图标	🩺	STETHOSCOPE	
表情图标	🩻	X-RAY	
表情图标	🩼	CRUTCH	
表情图标	🪀	YO-YO	
表情图标	🪁	KITE	
表情图标	🪂	PARACHUTE	
表情图标	🪃	BOOMERANG	
表情图标	🪄	MAGIC WAND	
表情图标	🪅	PINATA	
表情图标	🪆	NESTING DOLLS	
表情图标	🪇	MARACAS	
表情图标	🪈	FLUTE	
表情图标	🪐	RINGED PLANET	
表情图标	🪑	CHAIR	
表情图标	🪒	RAZOR	
表情图标	🪓	AXE	
表情图标	🪔	DIYA LAMP	
表情图标	🪕	BANJO	
表情图标	🪖	MILITARY HELMET	
表情图标	🪗	ACCORDION	
表情图标	🪘	LONG DRUM	
表情图标	🪙	COIN	
表情图标	🪚	CARPENTRY SAW	
表情图标	🪛	SCREWDRIVER	
表情图标	🪜	LADDER	
表情图标	🪝	HOOK	
表情图标	🪞	MIRROR	
表情图标	🪟	WINDOW	
表情图标	🪠	PLUNGER	
表情图标	🪡	SEWING NEEDLE	
表情图标	🪢	KNOT	
表情图标	🪣	BUCKET	
表情图标	🪤	MOUSE TRAP	
表情图标	🪥	TOOTHBRUSH	
表情图标	🪦	HEADSTONE	
表情图标	🪧	PLACARD	
表情图标	🪨	ROCK	
表情图标	🪩	MIRROR BALL	
表情图标	🪪	IDENTIFICATION CARD	
表情图标	🪫	LOW BATTERY	
表情图标	🪬	HAMSA	
表情图标	🪭	FOLDING HAND FAN	
表情图标	🪮	HAIR PICK	
表情图标	🪯	KHANDA	
表情图标	🪰	FLY	
表情图标	🪱	WORM	
表情图标	🪲	BEETLE	
表情图标	🪳	COCKROACH	
表情图标	🪴	POTTED PLANT	
表情图标	🪵	WOOD	
表情图标	🪶	FEATHER	
表情图标	🪷	LOTUS	
表情图标	🪸	CORAL	
表情图标	🪹	EMPTY NEST	
表情图标	🪺	NEST WITH EGGS	
表情图标	🪻	HYACINTH	
表情图标	🪼	JELLYFISH	
表情图标	🪽	WING	
表情图标	🪿	GOOSE	
表情图标	🫀	ANATOMICAL HEART	
表情图标	🫁	LUNGS	
表情图标	🫂	PEOPLE HUGGING	
表情图标	🫃	PREGNANT MAN	
表情图标	🫄	PREGNANT PERSON	
表情图标	🫅	PERSON WITH CROWN	
表情图标	🫎	MOOSE	
表情图标	🫏	DONKEY	
表情图标	🫐	BLUEBERRIES	
表情图标	🫑	BELL PEPPER	
表情图标	🫒	OLIVE	
表情图标	🫓	FLATBREAD	
表情图标	🫔	TAMALE	
表情图标	🫕	FONDUE	
表情图标	🫖	TEAPOT	
表情图标	🫗	POURING LIQUID	
表情图标	🫘	BEANS	
表情图标	🫙	JAR	
表情图标	🫚	GINGER ROOT	
表情图标	🫛	PEA POD	
表情图标	🫠	MELTING FACE	
表情图标	🫡	SALUTING FACE	
表情图标	🫢	FACE WITH OPEN EYES AND HAND OVER MOUTH	
表情图标	🫣	FACE WITH PEEKING EYE	
表情图标	🫤	FACE WITH DIAGONAL MOUTH	
表情图标	🫥	DOTTED LINE FACE	
表情图标	🫦	BITING LIP	
表情图标	🫧	BUBBLES	
表情图标	🫨	SHAKING FACE	
表情图标	🫰	HAND WITH INDEX FINGER AND THUMB CROSSED	
表情图标	🫱	RIGHTWARDS HAND	
表情图标	🫲	LEFTWARDS HAND	
表情图标	🫳	PALM DOWN HAND	
表情图标	🫴	PALM UP HAND	
表情图标	🫵	INDEX POINTING AT THE VIEWER	
表情图标	🫶	HEART HANDS	
表情图标	🫷	LEFTWARDS PUSHING HAND	
表情图标	🫸	RIGHTWARDS PUSHING HAND	
